filepath,class_name,source
dataset_real\train\chichen_itza\a03575ebe2.jpg,chichen_itza,real
dataset_real\train\eiffel_tower\0e70c2acf7.jpg,eiffel_tower,real
dataset_real\train\christ_the_reedemer\80c46f30a7.jpg,christ_the_reedemer,real
dataset_real\train\pyramids_of_giza\ebaea6c9d8.jpg,pyramids_of_giza,real
dataset_real\train\great_wall_of_china\343302f215.jpg,great_wall_of_china,real
dataset_real\train\statue_of_liberty\f39ad405a9.jpg,statue_of_liberty,real
dataset_real\train\burj_khalifa\f950da0d2f.jpg,burj_khalifa,real
dataset_real\train\roman_colosseum\fcde040fe7.jpg,roman_colosseum,real
dataset_real\train\eiffel_tower\8fc4938a9d.jpg,eiffel_tower,real
dataset_real\train\christ_the_reedemer\b3109baff8.jpg,christ_the_reedemer,real
dataset_real\train\great_wall_of_china\887dd90649.jpg,great_wall_of_china,real
dataset_real\train\burj_khalifa\3636892765.jpg,burj_khalifa,real
dataset_real\train\roman_colosseum\4341b0adbc.jpg,roman_colosseum,real
dataset_real\train\christ_the_reedemer\233d10e52d.jpg,christ_the_reedemer,real
dataset_real\train\burj_khalifa\bf2b351508.jpg,burj_khalifa,real
dataset_real\train\eiffel_tower\56a8ec7d31.jpg,eiffel_tower,real
dataset_real\train\eiffel_tower\1e66e436ff.jpg,eiffel_tower,real
dataset_real\train\great_wall_of_china\f8305672c5.jpg,great_wall_of_china,real
dataset_real\train\eiffel_tower\57102ee349.jpg,eiffel_tower,real
dataset_real\train\christ_the_reedemer\d07a4ca091.jpg,christ_the_reedemer,real
dataset_real\train\burj_khalifa\357b6f2ddd.jpg,burj_khalifa,real
dataset_real\train\great_wall_of_china\b84e0e0e54.jpg,great_wall_of_china,real
dataset_real\train\burj_khalifa\b67773fb09.jpg,burj_khalifa,real
dataset_real\train\roman_colosseum\f38d824b91.jpg,roman_colosseum,real
dataset_real\train\roman_colosseum\69696fb973.jpg,roman_colosseum,real
dataset_real\train\roman_colosseum\55e3eaa506.jpg,roman_colosseum,real
dataset_real\train\eiffel_tower\ee13954adb.jpg,eiffel_tower,real
dataset_real\train\pyramids_of_giza\1a5213bc99.jpg,pyramids_of_giza,real
dataset_real\train\burj_khalifa\d5e2057fff.jpg,burj_khalifa,real
dataset_real\train\pyramids_of_giza\854422f42d.jpg,pyramids_of_giza,real
dataset_real\train\pyramids_of_giza\831bdf3771.jpg,pyramids_of_giza,real
dataset_real\train\burj_khalifa\5d3ef1f668.jpg,burj_khalifa,real
dataset_real\train\christ_the_reedemer\a4cc5736ba.jpg,christ_the_reedemer,real
dataset_real\train\burj_khalifa\e924f29394.jpg,burj_khalifa,real
dataset_real\train\eiffel_tower\c0b3592514.jpg,eiffel_tower,real
dataset_real\train\pyramids_of_giza\ca85e5aa49.jpg,pyramids_of_giza,real
dataset_real\train\statue_of_liberty\c1897d27a3.jpg,statue_of_liberty,real
dataset_real\train\roman_colosseum\18cec97c8a.jpg,roman_colosseum,real
dataset_real\train\pyramids_of_giza\7027442590.jpg,pyramids_of_giza,real
dataset_real\train\burj_khalifa\bdc93badbf.jpg,burj_khalifa,real
dataset_real\train\christ_the_reedemer\d0d8f236eb.jpg,christ_the_reedemer,real
dataset_real\train\eiffel_tower\8c5a028087.jpg,eiffel_tower,real
dataset_real\train\roman_colosseum\c6c8a3ca37.jpg,roman_colosseum,real
dataset_real\train\eiffel_tower\b6e6ae6e60.jpg,eiffel_tower,real
dataset_real\train\chichen_itza\0b04a8cbfe.jpg,chichen_itza,real
dataset_real\train\burj_khalifa\05a99296d0.jpg,burj_khalifa,real
dataset_real\train\christ_the_reedemer\f87c1ba0c0.jpg,christ_the_reedemer,real
dataset_real\train\chichen_itza\b7f89e4db2.jpg,chichen_itza,real
dataset_real\train\roman_colosseum\d7eb23578c.jpg,roman_colosseum,real
dataset_real\train\great_wall_of_china\89abc80782.jpg,great_wall_of_china,real
dataset_real\train\pyramids_of_giza\f3a698aca2.jpg,pyramids_of_giza,real
dataset_real\train\eiffel_tower\97a1dda21e.jpg,eiffel_tower,real
dataset_real\train\statue_of_liberty\685ab81537.jpg,statue_of_liberty,real
dataset_real\train\burj_khalifa\3a800dfcd5.jpg,burj_khalifa,real
dataset_real\train\roman_colosseum\81ea15a675.jpg,roman_colosseum,real
dataset_real\train\great_wall_of_china\ee0986001f.jpg,great_wall_of_china,real
dataset_real\train\pyramids_of_giza\3245b570ba.jpg,pyramids_of_giza,real
dataset_real\train\eiffel_tower\d143e7a939.jpg,eiffel_tower,real
dataset_real\train\eiffel_tower\7c54bb12d6.jpg,eiffel_tower,real
dataset_real\train\chichen_itza\f3914f1067.jpg,chichen_itza,real
dataset_real\train\christ_the_reedemer\22951b7757.jpg,christ_the_reedemer,real
dataset_real\train\roman_colosseum\390d9b0dbe.jpg,roman_colosseum,real
dataset_real\train\roman_colosseum\c90c9b771a.jpg,roman_colosseum,real
dataset_real\train\eiffel_tower\3a36573e15.jpg,eiffel_tower,real
dataset_real\train\burj_khalifa\db39498828.jpg,burj_khalifa,real
dataset_real\train\roman_colosseum\311a4531de.jpg,roman_colosseum,real
dataset_real\train\burj_khalifa\cee569860e.jpg,burj_khalifa,real
dataset_real\train\great_wall_of_china\5735a9a170.jpg,great_wall_of_china,real
dataset_real\train\roman_colosseum\293b851c52.jpg,roman_colosseum,real
dataset_real\train\burj_khalifa\b4b4aa5aee.jpg,burj_khalifa,real
dataset_real\train\pyramids_of_giza\af661ea8f6.jpg,pyramids_of_giza,real
dataset_real\train\eiffel_tower\2a4680b7b0.jpg,eiffel_tower,real
dataset_real\train\christ_the_reedemer\d4c7b8d9ab.jpg,christ_the_reedemer,real
dataset_real\train\roman_colosseum\4ac533865b.jpg,roman_colosseum,real
dataset_real\train\christ_the_reedemer\a788563b46.jpg,christ_the_reedemer,real
dataset_real\train\pyramids_of_giza\09b385af40.jpg,pyramids_of_giza,real
dataset_real\train\chichen_itza\77dc6ac0b0.jpg,chichen_itza,real
dataset_real\train\chichen_itza\24c3388b1d.jpg,chichen_itza,real
dataset_real\train\christ_the_reedemer\62f953fe53.jpg,christ_the_reedemer,real
dataset_real\train\burj_khalifa\6a034e67d5.jpg,burj_khalifa,real
dataset_real\train\statue_of_liberty\3d9965659b.jpg,statue_of_liberty,real
dataset_real\train\pyramids_of_giza\58341d2d7e.jpg,pyramids_of_giza,real
dataset_real\train\chichen_itza\7cc766d3bc.jpg,chichen_itza,real
dataset_real\train\burj_khalifa\b4271b8179.jpg,burj_khalifa,real
dataset_real\train\pyramids_of_giza\3715e538d8.jpg,pyramids_of_giza,real
dataset_real\train\chichen_itza\e65a25495e.jpg,chichen_itza,real
dataset_real\train\statue_of_liberty\d741f85251.jpg,statue_of_liberty,real
dataset_real\train\great_wall_of_china\0c257b5375.jpg,great_wall_of_china,real
dataset_real\train\roman_colosseum\bbad4b35e3.jpg,roman_colosseum,real
dataset_real\train\roman_colosseum\44ca1517f1.jpg,roman_colosseum,real
dataset_real\train\chichen_itza\d8b97f7b24.jpg,chichen_itza,real
dataset_real\train\eiffel_tower\c3d97f9ab1.jpg,eiffel_tower,real
dataset_real\train\statue_of_liberty\65546d77bc.jpg,statue_of_liberty,real
dataset_real\train\chichen_itza\7fe03ffb4d.jpg,chichen_itza,real
dataset_real\train\pyramids_of_giza\cf4a0d0558.jpg,pyramids_of_giza,real
dataset_real\train\eiffel_tower\ce07cbee0c.jpg,eiffel_tower,real
dataset_real\train\pyramids_of_giza\df900c69dd.jpg,pyramids_of_giza,real
dataset_real\train\chichen_itza\1ec5bc38aa.jpg,chichen_itza,real
dataset_real\train\christ_the_reedemer\185baab42c.jpg,christ_the_reedemer,real
dataset_real\train\eiffel_tower\83edf16aa6.jpg,eiffel_tower,real
dataset_real\train\great_wall_of_china\044c6b5c92.jpg,great_wall_of_china,real
dataset_real\train\pyramids_of_giza\5906f3dbb9.jpg,pyramids_of_giza,real
dataset_real\train\chichen_itza\534775f0d0.jpg,chichen_itza,real
dataset_real\train\burj_khalifa\a26f1c6687.jpg,burj_khalifa,real
dataset_real\train\pyramids_of_giza\73a40a627b.jpg,pyramids_of_giza,real
dataset_real\train\roman_colosseum\67b35379d2.jpg,roman_colosseum,real
dataset_real\train\pyramids_of_giza\167b54d62c.jpg,pyramids_of_giza,real
dataset_real\train\pyramids_of_giza\b75a4d6a72.jpg,pyramids_of_giza,real
dataset_real\train\pyramids_of_giza\9c27d4184a.jpg,pyramids_of_giza,real
dataset_real\train\great_wall_of_china\7faff79242.jpg,great_wall_of_china,real
dataset_real\train\chichen_itza\908f8bf9f9.jpg,chichen_itza,real
dataset_real\train\christ_the_reedemer\06ed855b8f.jpg,christ_the_reedemer,real
dataset_real\train\christ_the_reedemer\8b13a6c1e7.jpg,christ_the_reedemer,real
dataset_real\train\great_wall_of_china\94b375e8d9.jpg,great_wall_of_china,real
dataset_real\train\burj_khalifa\0b738f98bb.jpg,burj_khalifa,real
dataset_real\train\roman_colosseum\39b68b284f.jpg,roman_colosseum,real
dataset_real\train\burj_khalifa\b845526fac.jpg,burj_khalifa,real
dataset_real\train\pyramids_of_giza\ed638b3da7.jpg,pyramids_of_giza,real
dataset_real\train\pyramids_of_giza\6e424e6bd8.jpg,pyramids_of_giza,real
dataset_real\train\pyramids_of_giza\842a7f3f88.jpg,pyramids_of_giza,real
dataset_real\train\eiffel_tower\8ee8182bb3.jpg,eiffel_tower,real
dataset_real\train\eiffel_tower\bb09df3081.jpg,eiffel_tower,real
dataset_real\train\chichen_itza\ea759401b4.jpg,chichen_itza,real
dataset_real\train\eiffel_tower\01c365e719.jpg,eiffel_tower,real
dataset_real\train\eiffel_tower\d48ebfe991.jpg,eiffel_tower,real
dataset_real\train\roman_colosseum\dd97a40d15.jpg,roman_colosseum,real
dataset_real\train\chichen_itza\fe3c406fe9.jpg,chichen_itza,real
dataset_real\train\pyramids_of_giza\36037dfbdf.jpg,pyramids_of_giza,real
dataset_real\train\statue_of_liberty\6dd8f9ec67.jpg,statue_of_liberty,real
dataset_real\train\statue_of_liberty\37c4325da0.jpg,statue_of_liberty,real
dataset_real\train\chichen_itza\5c1723040a.jpg,chichen_itza,real
dataset_real\train\roman_colosseum\6ae4518220.jpg,roman_colosseum,real
dataset_real\train\chichen_itza\c1dcf37489.jpg,chichen_itza,real
dataset_real\train\roman_colosseum\f286f76ba9.jpg,roman_colosseum,real
dataset_real\train\christ_the_reedemer\f6954ee29a.jpg,christ_the_reedemer,real
dataset_real\train\great_wall_of_china\16d77ae652.jpg,great_wall_of_china,real
dataset_real\train\great_wall_of_china\70989984ce.jpg,great_wall_of_china,real
dataset_real\train\chichen_itza\4e1756aae7.jpg,chichen_itza,real
dataset_real\train\great_wall_of_china\bf05c4248e.jpg,great_wall_of_china,real
dataset_real\train\eiffel_tower\9d091d1981.jpg,eiffel_tower,real
dataset_real\train\pyramids_of_giza\18b497b720.jpg,pyramids_of_giza,real
dataset_real\train\chichen_itza\666a76bcfb.jpg,chichen_itza,real
dataset_real\train\eiffel_tower\ec4d06527e.jpg,eiffel_tower,real
dataset_real\train\burj_khalifa\87337d1e62.jpg,burj_khalifa,real
dataset_real\train\roman_colosseum\f7b87ac6d5.jpg,roman_colosseum,real
dataset_real\train\roman_colosseum\66e5e157ea.jpg,roman_colosseum,real
dataset_real\train\statue_of_liberty\ef8aa25127.jpg,statue_of_liberty,real
dataset_real\train\christ_the_reedemer\daec5aab3e.jpg,christ_the_reedemer,real
dataset_real\train\burj_khalifa\f5f0ca6dcc.jpg,burj_khalifa,real
dataset_real\train\pyramids_of_giza\d0ad0aa6a7.jpg,pyramids_of_giza,real
dataset_real\train\eiffel_tower\7de8ac6578.jpg,eiffel_tower,real
dataset_real\train\roman_colosseum\92fcb7e85f.jpg,roman_colosseum,real
dataset_real\train\chichen_itza\1b678785ad.jpg,chichen_itza,real
dataset_real\train\eiffel_tower\a5c0183f6d.jpg,eiffel_tower,real
dataset_real\train\christ_the_reedemer\ac3f9ab4fb.jpg,christ_the_reedemer,real
dataset_real\train\christ_the_reedemer\a58b3ffeb8.jpg,christ_the_reedemer,real
dataset_real\train\burj_khalifa\24a32bc937.jpg,burj_khalifa,real
dataset_real\train\eiffel_tower\6ff4a47762.jpg,eiffel_tower,real
dataset_real\train\great_wall_of_china\5962b989cc.jpg,great_wall_of_china,real
dataset_real\train\burj_khalifa\f5bbcaaa8a.jpg,burj_khalifa,real
dataset_real\train\eiffel_tower\b112c7e338.jpg,eiffel_tower,real
dataset_real\train\roman_colosseum\dc6fcf88d5.jpg,roman_colosseum,real
dataset_real\train\statue_of_liberty\4bc78d117d.jpg,statue_of_liberty,real
dataset_real\train\statue_of_liberty\157a7600c8.jpg,statue_of_liberty,real
dataset_real\train\christ_the_reedemer\ad3b5fb0a3.jpg,christ_the_reedemer,real
dataset_real\train\roman_colosseum\38761ec41b.jpg,roman_colosseum,real
dataset_real\train\chichen_itza\6e2fb6b730.jpg,chichen_itza,real
dataset_real\train\roman_colosseum\28fea31e53.jpg,roman_colosseum,real
dataset_real\train\pyramids_of_giza\059228ac99.jpg,pyramids_of_giza,real
dataset_real\train\chichen_itza\4e33f0793d.jpg,chichen_itza,real
dataset_real\train\eiffel_tower\01de31a300.jpg,eiffel_tower,real
dataset_real\train\roman_colosseum\2eb4b4b587.jpg,roman_colosseum,real
dataset_real\train\pyramids_of_giza\5209504985.jpg,pyramids_of_giza,real
dataset_real\train\eiffel_tower\17f0d90d62.jpg,eiffel_tower,real
dataset_real\train\eiffel_tower\85b94fd46f.jpg,eiffel_tower,real
dataset_real\train\eiffel_tower\53e3ad7e68.jpg,eiffel_tower,real
dataset_real\train\eiffel_tower\9fd72068a7.jpg,eiffel_tower,real
dataset_real\train\chichen_itza\9921f3cf8b.jpg,chichen_itza,real
dataset_real\train\roman_colosseum\90bc0fbadb.jpg,roman_colosseum,real
dataset_real\train\christ_the_reedemer\d03dfdc85b.jpg,christ_the_reedemer,real
dataset_real\train\pyramids_of_giza\87085ad6b2.jpg,pyramids_of_giza,real
dataset_real\train\great_wall_of_china\a37e27cce9.jpg,great_wall_of_china,real
dataset_real\train\statue_of_liberty\bf2d3341e2.jpg,statue_of_liberty,real
dataset_real\train\chichen_itza\719520eae8.jpg,chichen_itza,real
dataset_real\train\burj_khalifa\d5a3e44f1c.jpg,burj_khalifa,real
dataset_real\train\chichen_itza\46624ccf35.jpg,chichen_itza,real
dataset_real\train\pyramids_of_giza\c17156374d.jpg,pyramids_of_giza,real
dataset_real\train\great_wall_of_china\46f15c53e7.jpg,great_wall_of_china,real
dataset_real\train\eiffel_tower\4db1e659ee.jpg,eiffel_tower,real
dataset_real\train\great_wall_of_china\a0da6c005b.jpg,great_wall_of_china,real
dataset_real\train\roman_colosseum\9d07039bb4.jpg,roman_colosseum,real
dataset_real\train\burj_khalifa\7a73d9e23f.jpg,burj_khalifa,real
dataset_real\train\eiffel_tower\968ee9b6b3.jpg,eiffel_tower,real
dataset_real\train\pyramids_of_giza\2d432bb685.jpg,pyramids_of_giza,real
dataset_real\train\burj_khalifa\5c134ac7e8.jpg,burj_khalifa,real
dataset_real\train\pyramids_of_giza\f59466ac8b.jpg,pyramids_of_giza,real
dataset_real\train\burj_khalifa\69397dfb72.jpg,burj_khalifa,real
dataset_real\train\pyramids_of_giza\7eec544b78.jpg,pyramids_of_giza,real
dataset_real\train\pyramids_of_giza\5db4abb257.jpg,pyramids_of_giza,real
dataset_real\train\eiffel_tower\6bd6bb7cab.jpg,eiffel_tower,real
dataset_real\train\christ_the_reedemer\ca6af661c7.jpg,christ_the_reedemer,real
dataset_real\train\christ_the_reedemer\ce7f867b41.jpg,christ_the_reedemer,real
dataset_real\train\pyramids_of_giza\28f366ca88.jpg,pyramids_of_giza,real
dataset_real\train\chichen_itza\28006c09b3.jpg,chichen_itza,real
dataset_real\train\great_wall_of_china\b9c9ea2b9c.jpg,great_wall_of_china,real
dataset_real\train\roman_colosseum\a9613f1dd6.jpg,roman_colosseum,real
dataset_real\train\chichen_itza\a380918f87.jpg,chichen_itza,real
dataset_real\train\pyramids_of_giza\121df715e0.jpg,pyramids_of_giza,real
dataset_real\train\burj_khalifa\b5b1ab2c08.jpg,burj_khalifa,real
dataset_real\train\statue_of_liberty\614adfe1d9.jpg,statue_of_liberty,real
dataset_real\train\christ_the_reedemer\705bd1666d.jpg,christ_the_reedemer,real
dataset_real\train\chichen_itza\88fbfc1b57.jpg,chichen_itza,real
dataset_real\train\burj_khalifa\fbb37a8046.jpg,burj_khalifa,real
dataset_real\train\great_wall_of_china\f3fbfa90fc.jpg,great_wall_of_china,real
dataset_real\train\burj_khalifa\d6e3960c72.jpg,burj_khalifa,real
dataset_real\train\roman_colosseum\31cc49c61c.jpg,roman_colosseum,real
dataset_real\train\great_wall_of_china\04fc79df99.jpg,great_wall_of_china,real
dataset_real\train\burj_khalifa\e832d763f9.jpg,burj_khalifa,real
dataset_real\train\christ_the_reedemer\8525fcf6d0.jpg,christ_the_reedemer,real
dataset_real\train\christ_the_reedemer\21283baf94.jpg,christ_the_reedemer,real
dataset_real\train\eiffel_tower\a659c067a8.jpg,eiffel_tower,real
dataset_real\train\roman_colosseum\c55d1367fa.jpg,roman_colosseum,real
dataset_real\train\christ_the_reedemer\8f861431d3.jpg,christ_the_reedemer,real
dataset_real\train\pyramids_of_giza\60785d36a2.jpg,pyramids_of_giza,real
dataset_real\train\christ_the_reedemer\56bca278a9.jpg,christ_the_reedemer,real
dataset_real\train\roman_colosseum\a491f570bb.jpg,roman_colosseum,real
dataset_real\train\statue_of_liberty\484a193a54.jpg,statue_of_liberty,real
dataset_real\train\pyramids_of_giza\ccd3ab32dd.jpg,pyramids_of_giza,real
dataset_real\train\great_wall_of_china\1fd912db0f.jpg,great_wall_of_china,real
dataset_real\train\chichen_itza\297bd10d1e.jpg,chichen_itza,real
dataset_real\train\pyramids_of_giza\ae130b64cc.jpg,pyramids_of_giza,real
dataset_real\train\roman_colosseum\391e48aecc.jpg,roman_colosseum,real
dataset_real\train\christ_the_reedemer\8f72749b3b.jpg,christ_the_reedemer,real
dataset_real\train\eiffel_tower\0a071709df.jpg,eiffel_tower,real
dataset_real\train\chichen_itza\2614f7a5c7.jpg,chichen_itza,real
dataset_real\train\eiffel_tower\9edc4a25d9.jpg,eiffel_tower,real
dataset_real\train\roman_colosseum\4be369d9a7.jpg,roman_colosseum,real
dataset_real\train\eiffel_tower\c9797cd9c2.jpg,eiffel_tower,real
dataset_real\train\chichen_itza\f70cb0525d.jpg,chichen_itza,real
dataset_real\train\chichen_itza\133d166bb9.jpg,chichen_itza,real
dataset_real\train\great_wall_of_china\5bcc69d401.jpg,great_wall_of_china,real
dataset_real\train\chichen_itza\45de7c16c9.jpg,chichen_itza,real
dataset_real\train\burj_khalifa\00d4a42317.jpg,burj_khalifa,real
dataset_real\train\eiffel_tower\27de29068c.jpg,eiffel_tower,real
dataset_real\train\great_wall_of_china\6a7ea68bc4.jpg,great_wall_of_china,real
dataset_real\train\statue_of_liberty\03f88c0e30.jpg,statue_of_liberty,real
dataset_real\train\statue_of_liberty\418cb5ba07.jpg,statue_of_liberty,real
dataset_real\train\christ_the_reedemer\eeec425db1.jpg,christ_the_reedemer,real
dataset_real\train\pyramids_of_giza\9377b53190.jpg,pyramids_of_giza,real
dataset_real\train\eiffel_tower\07e2fb6c6c.jpg,eiffel_tower,real
dataset_real\train\pyramids_of_giza\cc31eebde1.jpg,pyramids_of_giza,real
dataset_real\train\eiffel_tower\f94f63a993.jpg,eiffel_tower,real
dataset_real\train\pyramids_of_giza\7e4c7861da.jpg,pyramids_of_giza,real
dataset_real\train\eiffel_tower\b8634fc89f.jpg,eiffel_tower,real
dataset_real\train\christ_the_reedemer\1664dfaedc.jpg,christ_the_reedemer,real
dataset_real\train\great_wall_of_china\5aedd4d3f9.jpg,great_wall_of_china,real
dataset_real\train\pyramids_of_giza\9447c79bd7.jpg,pyramids_of_giza,real
dataset_real\train\statue_of_liberty\076e80b1f5.jpg,statue_of_liberty,real
dataset_real\train\christ_the_reedemer\4db3010416.jpg,christ_the_reedemer,real
dataset_real\train\eiffel_tower\79a789a49c.jpg,eiffel_tower,real
dataset_real\train\eiffel_tower\8f8e0ada7c.jpg,eiffel_tower,real
dataset_real\train\burj_khalifa\f511119ac2.jpg,burj_khalifa,real
dataset_real\train\burj_khalifa\3afd543286.jpg,burj_khalifa,real
dataset_real\train\pyramids_of_giza\10e1a6e916.jpg,pyramids_of_giza,real
dataset_real\train\chichen_itza\ce161ed02d.jpg,chichen_itza,real
dataset_real\train\christ_the_reedemer\f9027f50a9.jpg,christ_the_reedemer,real
dataset_real\train\eiffel_tower\38ec4924a5.jpg,eiffel_tower,real
dataset_real\train\christ_the_reedemer\2c8dab432d.jpg,christ_the_reedemer,real
dataset_real\train\chichen_itza\6e17190bc8.jpg,chichen_itza,real
dataset_real\train\burj_khalifa\52231c5a0c.jpg,burj_khalifa,real
dataset_real\train\christ_the_reedemer\7a2444d399.jpg,christ_the_reedemer,real
dataset_real\train\burj_khalifa\3eb3aecc41.jpg,burj_khalifa,real
dataset_real\train\eiffel_tower\d6ef410cfc.jpg,eiffel_tower,real
dataset_real\train\roman_colosseum\cba284caab.jpg,roman_colosseum,real
dataset_real\train\eiffel_tower\8aabdfe30d.jpg,eiffel_tower,real
dataset_real\train\roman_colosseum\c9e8380d9e.jpg,roman_colosseum,real
dataset_real\train\great_wall_of_china\88932c5720.jpg,great_wall_of_china,real
dataset_real\train\roman_colosseum\65ec210188.jpg,roman_colosseum,real
dataset_real\train\statue_of_liberty\032a2ecea0.jpg,statue_of_liberty,real
dataset_real\train\statue_of_liberty\a8090553d1.jpg,statue_of_liberty,real
dataset_real\train\christ_the_reedemer\f85a54bb69.jpg,christ_the_reedemer,real
dataset_real\train\great_wall_of_china\1684708419.jpg,great_wall_of_china,real
dataset_real\train\burj_khalifa\f4a1dd562d.jpg,burj_khalifa,real
dataset_real\train\christ_the_reedemer\daa7d1baae.jpg,christ_the_reedemer,real
dataset_real\train\christ_the_reedemer\b704dec6f6.jpg,christ_the_reedemer,real
dataset_real\train\burj_khalifa\1e906e0e39.jpg,burj_khalifa,real
dataset_real\train\eiffel_tower\731b32faec.jpg,eiffel_tower,real
dataset_real\train\christ_the_reedemer\eb1be924c7.jpg,christ_the_reedemer,real
dataset_real\train\roman_colosseum\6013ff76c9.jpg,roman_colosseum,real
dataset_real\train\chichen_itza\698d8002fe.jpg,chichen_itza,real
dataset_real\train\roman_colosseum\39d476e843.jpg,roman_colosseum,real
dataset_real\train\eiffel_tower\cd0d9d3278.jpg,eiffel_tower,real
dataset_real\train\burj_khalifa\9fcf9ae2c3.jpg,burj_khalifa,real
dataset_real\train\pyramids_of_giza\2e5bb5c966.jpg,pyramids_of_giza,real
dataset_real\train\pyramids_of_giza\93ed5187b2.jpg,pyramids_of_giza,real
dataset_real\train\burj_khalifa\2b9d184edc.jpg,burj_khalifa,real
dataset_real\train\statue_of_liberty\c23add1b1e.jpg,statue_of_liberty,real
dataset_real\train\eiffel_tower\8e6fe7cfef.jpg,eiffel_tower,real
dataset_real\train\christ_the_reedemer\db1f314e4a.jpg,christ_the_reedemer,real
dataset_real\train\statue_of_liberty\aebea88812.jpg,statue_of_liberty,real
dataset_real\train\great_wall_of_china\6bb46fa29f.jpg,great_wall_of_china,real
dataset_real\train\pyramids_of_giza\f91e363ae9.jpg,pyramids_of_giza,real
dataset_real\train\pyramids_of_giza\ada7622c69.jpg,pyramids_of_giza,real
dataset_real\train\chichen_itza\d6f451b0c6.jpg,chichen_itza,real
dataset_real\train\roman_colosseum\c336c55bc4.jpg,roman_colosseum,real
dataset_real\train\chichen_itza\823a944e54.jpg,chichen_itza,real
dataset_real\train\eiffel_tower\58e8781e02.jpg,eiffel_tower,real
dataset_real\train\burj_khalifa\b4b880f524.jpg,burj_khalifa,real
dataset_real\train\statue_of_liberty\dbe163dbea.jpg,statue_of_liberty,real
dataset_real\train\chichen_itza\5da14d6526.jpg,chichen_itza,real
dataset_real\train\statue_of_liberty\45edf2da4a.jpg,statue_of_liberty,real
dataset_real\train\statue_of_liberty\c1d71a10b7.jpg,statue_of_liberty,real
dataset_real\train\pyramids_of_giza\ae47ba40c4.jpg,pyramids_of_giza,real
dataset_real\train\burj_khalifa\8ab28eb8c7.jpg,burj_khalifa,real
dataset_real\train\burj_khalifa\1543ad4d7c.jpg,burj_khalifa,real
dataset_real\train\pyramids_of_giza\9f62d420cb.jpg,pyramids_of_giza,real
dataset_real\train\pyramids_of_giza\1f3aedf317.jpg,pyramids_of_giza,real
dataset_real\train\roman_colosseum\284542183d.jpg,roman_colosseum,real
dataset_real\train\great_wall_of_china\dd3c569511.jpg,great_wall_of_china,real
dataset_real\train\chichen_itza\8c7cdd6ed0.jpg,chichen_itza,real
dataset_real\train\chichen_itza\b8a00574de.jpg,chichen_itza,real
dataset_real\train\burj_khalifa\24dbf74fff.jpg,burj_khalifa,real
dataset_real\train\burj_khalifa\4b8ec72cb0.jpg,burj_khalifa,real
dataset_real\train\eiffel_tower\c93ce4b3f3.jpg,eiffel_tower,real
dataset_real\train\chichen_itza\a81a93b4cd.jpg,chichen_itza,real
dataset_real\train\eiffel_tower\f45f26e48f.jpg,eiffel_tower,real
dataset_real\train\burj_khalifa\4ae399a2b7.jpg,burj_khalifa,real
dataset_real\train\chichen_itza\c395c5a7d6.jpg,chichen_itza,real
dataset_real\train\pyramids_of_giza\685e95d748.jpg,pyramids_of_giza,real
dataset_real\train\burj_khalifa\89cd50f28a.jpg,burj_khalifa,real
dataset_real\train\eiffel_tower\676d66a41b.jpg,eiffel_tower,real
dataset_real\train\chichen_itza\27160acbb7.jpg,chichen_itza,real
dataset_real\train\statue_of_liberty\74f899a77a.jpg,statue_of_liberty,real
dataset_real\train\roman_colosseum\9cf1d6a5fd.jpg,roman_colosseum,real
dataset_real\train\pyramids_of_giza\8edf1a5bc6.jpg,pyramids_of_giza,real
dataset_real\train\pyramids_of_giza\9b0dfb3f88.jpg,pyramids_of_giza,real
dataset_real\train\burj_khalifa\fbac552124.jpg,burj_khalifa,real
dataset_real\train\roman_colosseum\6021a32d96.jpg,roman_colosseum,real
dataset_real\train\christ_the_reedemer\a516675ddd.jpg,christ_the_reedemer,real
dataset_real\train\pyramids_of_giza\ca8c63f498.jpg,pyramids_of_giza,real
dataset_real\train\eiffel_tower\765fc55acc.jpg,eiffel_tower,real
dataset_real\train\pyramids_of_giza\e16cc9010d.jpg,pyramids_of_giza,real
dataset_real\train\great_wall_of_china\755afb26b8.jpg,great_wall_of_china,real
dataset_real\train\great_wall_of_china\7e25160f82.jpg,great_wall_of_china,real
dataset_real\train\statue_of_liberty\6d393bb21c.jpg,statue_of_liberty,real
dataset_real\train\roman_colosseum\3d25f5a0fb.jpg,roman_colosseum,real
dataset_real\train\eiffel_tower\28fed072f9.jpg,eiffel_tower,real
dataset_real\train\burj_khalifa\f76b1ec129.jpg,burj_khalifa,real
dataset_real\train\chichen_itza\50841fa5a1.jpg,chichen_itza,real
dataset_real\train\burj_khalifa\237bcae843.jpg,burj_khalifa,real
dataset_real\train\chichen_itza\137c81c2e0.jpg,chichen_itza,real
dataset_real\train\statue_of_liberty\352e7e9b65.jpg,statue_of_liberty,real
dataset_real\train\eiffel_tower\3627e0cc93.jpg,eiffel_tower,real
dataset_real\train\chichen_itza\d7c278d964.jpg,chichen_itza,real
dataset_real\train\chichen_itza\84cb194960.jpg,chichen_itza,real
dataset_real\train\burj_khalifa\2b71aa169f.jpg,burj_khalifa,real
dataset_real\train\great_wall_of_china\dd14eb46c0.jpg,great_wall_of_china,real
dataset_real\train\christ_the_reedemer\7ccb403e1c.jpg,christ_the_reedemer,real
dataset_real\train\great_wall_of_china\9fbbcc3ec6.jpg,great_wall_of_china,real
dataset_real\train\roman_colosseum\a286e61e3a.jpg,roman_colosseum,real
dataset_real\train\roman_colosseum\effb8396b1.jpg,roman_colosseum,real
dataset_real\train\eiffel_tower\4e8267c0ad.jpg,eiffel_tower,real
dataset_real\train\roman_colosseum\7e12a2202c.jpg,roman_colosseum,real
dataset_real\train\pyramids_of_giza\88fb868942.jpg,pyramids_of_giza,real
dataset_real\train\roman_colosseum\e48c1e99ba.jpg,roman_colosseum,real
dataset_real\train\roman_colosseum\0e1de29a39.jpg,roman_colosseum,real
dataset_real\train\chichen_itza\451b2de9a8.jpg,chichen_itza,real
dataset_real\train\chichen_itza\dbf445096c.jpg,chichen_itza,real
dataset_real\train\roman_colosseum\74b029994e.jpg,roman_colosseum,real
dataset_real\train\burj_khalifa\4dca5e7716.jpg,burj_khalifa,real
dataset_real\train\christ_the_reedemer\10d04f4650.jpg,christ_the_reedemer,real
dataset_real\train\chichen_itza\de4485a08d.jpg,chichen_itza,real
dataset_real\train\burj_khalifa\6b469a57c8.jpg,burj_khalifa,real
dataset_real\train\roman_colosseum\4fefd3ef4b.jpg,roman_colosseum,real
dataset_real\train\statue_of_liberty\15d3871cb0.jpg,statue_of_liberty,real
dataset_real\train\statue_of_liberty\d5fa3d4e58.jpg,statue_of_liberty,real
dataset_real\train\christ_the_reedemer\259c7983d9.jpg,christ_the_reedemer,real
dataset_real\train\eiffel_tower\9326871ae7.jpg,eiffel_tower,real
dataset_real\train\burj_khalifa\58f2d3c10c.jpg,burj_khalifa,real
dataset_real\train\statue_of_liberty\f109799773.jpg,statue_of_liberty,real
dataset_real\train\burj_khalifa\97029103de.jpg,burj_khalifa,real
dataset_real\train\chichen_itza\df0eab5946.jpg,chichen_itza,real
dataset_real\train\statue_of_liberty\3e8d662eaa.jpg,statue_of_liberty,real
dataset_real\train\pyramids_of_giza\776b426e92.jpg,pyramids_of_giza,real
dataset_real\train\great_wall_of_china\5101807fb7.jpg,great_wall_of_china,real
dataset_real\train\christ_the_reedemer\c2b3cdeb0d.jpg,christ_the_reedemer,real
dataset_real\train\christ_the_reedemer\f8dbee7d04.jpg,christ_the_reedemer,real
dataset_real\train\pyramids_of_giza\38de249d6c.jpg,pyramids_of_giza,real
dataset_real\train\great_wall_of_china\8137ce4ade.jpg,great_wall_of_china,real
dataset_real\train\great_wall_of_china\b0c83725f7.jpg,great_wall_of_china,real
dataset_real\train\great_wall_of_china\35d15499b2.jpg,great_wall_of_china,real
dataset_real\train\christ_the_reedemer\152b894c93.jpg,christ_the_reedemer,real
dataset_real\train\burj_khalifa\3378ec195d.jpg,burj_khalifa,real
dataset_real\train\burj_khalifa\50fad8df17.jpg,burj_khalifa,real
dataset_real\train\burj_khalifa\9f73e1b414.jpg,burj_khalifa,real
dataset_real\train\burj_khalifa\c1500c7def.jpg,burj_khalifa,real
dataset_real\train\roman_colosseum\e7df8e174b.jpg,roman_colosseum,real
dataset_real\train\christ_the_reedemer\811c13681a.jpg,christ_the_reedemer,real
dataset_real\train\eiffel_tower\0170656bec.jpg,eiffel_tower,real
dataset_real\train\great_wall_of_china\0c2ea8d7a2.jpg,great_wall_of_china,real
dataset_real\train\burj_khalifa\6941977bff.jpg,burj_khalifa,real
dataset_real\train\burj_khalifa\5746ac67c6.jpg,burj_khalifa,real
dataset_real\train\roman_colosseum\58f38e905e.jpg,roman_colosseum,real
dataset_real\train\great_wall_of_china\174c8a70ae.jpg,great_wall_of_china,real
dataset_real\train\burj_khalifa\cabe50741f.jpg,burj_khalifa,real
dataset_real\train\pyramids_of_giza\15d6cfb997.jpg,pyramids_of_giza,real
dataset_real\train\great_wall_of_china\c8f45205f4.jpg,great_wall_of_china,real
dataset_real\train\chichen_itza\0a66edf951.jpg,chichen_itza,real
dataset_real\train\great_wall_of_china\9cedc23c36.jpg,great_wall_of_china,real
dataset_real\train\pyramids_of_giza\ab3b853a85.jpg,pyramids_of_giza,real
dataset_real\train\pyramids_of_giza\6ec1fb5047.jpg,pyramids_of_giza,real
dataset_real\train\chichen_itza\10381cc757.jpg,chichen_itza,real
dataset_real\train\roman_colosseum\74112f57a5.jpg,roman_colosseum,real
dataset_real\train\pyramids_of_giza\e7a2ba707a.jpg,pyramids_of_giza,real
dataset_real\train\chichen_itza\5e1d59d983.jpg,chichen_itza,real
dataset_real\train\pyramids_of_giza\52e42476ef.jpg,pyramids_of_giza,real
dataset_real\train\roman_colosseum\24c8bf753f.jpg,roman_colosseum,real
dataset_real\train\great_wall_of_china\96ebb99118.jpg,great_wall_of_china,real
dataset_real\train\great_wall_of_china\d6838aad77.jpg,great_wall_of_china,real
dataset_real\train\burj_khalifa\1152feeac0.jpg,burj_khalifa,real
dataset_real\train\pyramids_of_giza\ea4910702e.jpg,pyramids_of_giza,real
dataset_real\train\eiffel_tower\62145cc44e.jpg,eiffel_tower,real
dataset_real\train\great_wall_of_china\2b7de47436.jpg,great_wall_of_china,real
dataset_real\train\great_wall_of_china\4aa85ea323.jpg,great_wall_of_china,real
dataset_real\train\great_wall_of_china\a1bf35a16e.jpg,great_wall_of_china,real
dataset_real\train\eiffel_tower\274a4dbf5c.jpg,eiffel_tower,real
dataset_real\train\great_wall_of_china\8d4308805c.jpg,great_wall_of_china,real
dataset_real\train\roman_colosseum\2c7f82d0b0.jpg,roman_colosseum,real
dataset_real\train\eiffel_tower\daa2a6a856.jpg,eiffel_tower,real
dataset_real\train\great_wall_of_china\30af964641.jpg,great_wall_of_china,real
dataset_real\train\burj_khalifa\cac1ff6043.jpg,burj_khalifa,real
dataset_real\train\roman_colosseum\489d447c3b.jpg,roman_colosseum,real
dataset_real\train\roman_colosseum\e04046546d.jpg,roman_colosseum,real
dataset_real\train\burj_khalifa\ea5a06804c.jpg,burj_khalifa,real
dataset_real\train\statue_of_liberty\9b2fe5499e.jpg,statue_of_liberty,real
dataset_real\train\roman_colosseum\6872eefe7b.jpg,roman_colosseum,real
dataset_real\train\roman_colosseum\f862926976.jpg,roman_colosseum,real
dataset_real\train\great_wall_of_china\4d67fedd35.jpg,great_wall_of_china,real
dataset_real\train\roman_colosseum\352d06d285.jpg,roman_colosseum,real
dataset_real\train\chichen_itza\2f8fb9139e.jpg,chichen_itza,real
dataset_real\train\roman_colosseum\28de599b18.jpg,roman_colosseum,real
dataset_real\train\burj_khalifa\e13127220c.jpg,burj_khalifa,real
dataset_real\train\roman_colosseum\84baffa4da.jpg,roman_colosseum,real
dataset_real\train\eiffel_tower\b847ee74b0.jpg,eiffel_tower,real
dataset_real\train\great_wall_of_china\9c2fe7d210.jpg,great_wall_of_china,real
dataset_real\train\burj_khalifa\f80723e2ad.jpg,burj_khalifa,real
dataset_real\train\burj_khalifa\92eed9dbad.jpg,burj_khalifa,real
dataset_real\train\eiffel_tower\3a6f69c123.jpg,eiffel_tower,real
dataset_real\train\christ_the_reedemer\af183b659a.jpg,christ_the_reedemer,real
dataset_real\train\pyramids_of_giza\f444081e5f.jpg,pyramids_of_giza,real
dataset_real\train\roman_colosseum\5110908ed0.jpg,roman_colosseum,real
dataset_real\train\pyramids_of_giza\6c3904cd0c.jpg,pyramids_of_giza,real
dataset_real\train\pyramids_of_giza\67a81d3b80.jpg,pyramids_of_giza,real
dataset_real\train\statue_of_liberty\7689584538.jpg,statue_of_liberty,real
dataset_real\train\eiffel_tower\7593f48a92.jpg,eiffel_tower,real
dataset_real\train\christ_the_reedemer\d5dd90b0fd.jpg,christ_the_reedemer,real
dataset_real\train\statue_of_liberty\843c6b992b.jpg,statue_of_liberty,real
dataset_real\train\pyramids_of_giza\3b8a028a92.jpg,pyramids_of_giza,real
dataset_real\train\roman_colosseum\4bbfd9fe0d.jpg,roman_colosseum,real
dataset_real\train\christ_the_reedemer\d24aa5897d.jpg,christ_the_reedemer,real
dataset_real\train\great_wall_of_china\73a92ea9ae.jpg,great_wall_of_china,real
dataset_real\train\pyramids_of_giza\31c91288f5.jpg,pyramids_of_giza,real
dataset_real\train\pyramids_of_giza\82f9d58f40.jpg,pyramids_of_giza,real
dataset_real\train\eiffel_tower\f76813eda9.jpg,eiffel_tower,real
dataset_real\train\burj_khalifa\bc28c40828.jpg,burj_khalifa,real
dataset_real\train\christ_the_reedemer\1691033e8e.jpg,christ_the_reedemer,real
dataset_real\train\christ_the_reedemer\eefd9badab.jpg,christ_the_reedemer,real
dataset_real\train\pyramids_of_giza\adc9952f56.jpg,pyramids_of_giza,real
dataset_real\train\eiffel_tower\0ebd10d3a4.jpg,eiffel_tower,real
dataset_real\train\roman_colosseum\0028413765.jpg,roman_colosseum,real
dataset_real\train\chichen_itza\e5fd400898.jpg,chichen_itza,real
dataset_real\train\chichen_itza\44cb625a72.jpg,chichen_itza,real
dataset_real\train\statue_of_liberty\27d879d902.jpg,statue_of_liberty,real
dataset_real\train\christ_the_reedemer\2fb91f84ce.jpg,christ_the_reedemer,real
dataset_real\train\chichen_itza\3326ece81d.jpg,chichen_itza,real
dataset_real\train\statue_of_liberty\9ad70d3d63.jpg,statue_of_liberty,real
dataset_real\train\roman_colosseum\6e8e42f041.jpg,roman_colosseum,real
dataset_real\train\great_wall_of_china\92dfbce88d.jpg,great_wall_of_china,real
dataset_real\train\christ_the_reedemer\851ad52088.jpg,christ_the_reedemer,real
dataset_real\train\statue_of_liberty\c37c6b2fc5.jpg,statue_of_liberty,real
dataset_real\train\statue_of_liberty\8c814889a8.jpg,statue_of_liberty,real
dataset_real\train\eiffel_tower\c2b24cebed.jpg,eiffel_tower,real
dataset_real\train\burj_khalifa\8df724e471.jpg,burj_khalifa,real
dataset_real\train\chichen_itza\445124265c.jpg,chichen_itza,real
dataset_real\train\chichen_itza\53e24f7289.jpg,chichen_itza,real
dataset_real\train\statue_of_liberty\ba3861613e.jpg,statue_of_liberty,real
dataset_real\train\burj_khalifa\379cc156c5.jpg,burj_khalifa,real
dataset_real\train\great_wall_of_china\c3bdedb22a.jpg,great_wall_of_china,real
dataset_real\train\great_wall_of_china\6df960b5fd.jpg,great_wall_of_china,real
dataset_real\train\pyramids_of_giza\d7b84e6fbc.jpg,pyramids_of_giza,real
dataset_real\train\christ_the_reedemer\d0f59a3aaf.jpg,christ_the_reedemer,real
dataset_real\train\burj_khalifa\4597b268ec.jpg,burj_khalifa,real
dataset_real\train\burj_khalifa\7af74d71a8.jpg,burj_khalifa,real
dataset_real\train\burj_khalifa\c2e4e0c60f.jpg,burj_khalifa,real
dataset_real\train\great_wall_of_china\b6b329d76e.jpg,great_wall_of_china,real
dataset_real\train\great_wall_of_china\ea35e4ccaa.jpg,great_wall_of_china,real
dataset_real\train\great_wall_of_china\c37f1d775a.jpg,great_wall_of_china,real
dataset_real\train\pyramids_of_giza\f029021ce7.jpg,pyramids_of_giza,real
dataset_real\train\roman_colosseum\28993bd4f3.jpg,roman_colosseum,real
dataset_real\train\christ_the_reedemer\cf137be24b.jpg,christ_the_reedemer,real
dataset_real\train\roman_colosseum\9a9d9ace90.jpg,roman_colosseum,real
dataset_real\train\great_wall_of_china\cfcaa6d618.jpg,great_wall_of_china,real
dataset_real\train\eiffel_tower\cea8960bf5.jpg,eiffel_tower,real
dataset_real\train\christ_the_reedemer\2a5fab9f9d.jpg,christ_the_reedemer,real
dataset_real\train\great_wall_of_china\2954245fa5.jpg,great_wall_of_china,real
dataset_real\train\roman_colosseum\d101b4e8e1.jpg,roman_colosseum,real
dataset_real\train\christ_the_reedemer\7390405e66.jpg,christ_the_reedemer,real
dataset_real\train\chichen_itza\6ddd3a9b97.jpg,chichen_itza,real
dataset_real\train\great_wall_of_china\db2d051ad9.jpg,great_wall_of_china,real
dataset_real\train\burj_khalifa\94070a9c6e.jpg,burj_khalifa,real
dataset_real\train\burj_khalifa\a5b18dd425.jpg,burj_khalifa,real
dataset_real\train\burj_khalifa\44438a0fa9.jpg,burj_khalifa,real
dataset_real\train\burj_khalifa\c7d17d0d29.jpg,burj_khalifa,real
dataset_real\train\burj_khalifa\6c1c0425be.jpg,burj_khalifa,real
dataset_real\train\burj_khalifa\a5794f0c69.jpg,burj_khalifa,real
dataset_real\train\pyramids_of_giza\1bac074893.jpg,pyramids_of_giza,real
dataset_real\train\burj_khalifa\d1895ba144.jpg,burj_khalifa,real
dataset_real\train\great_wall_of_china\2f884e4106.jpg,great_wall_of_china,real
dataset_real\train\christ_the_reedemer\49427a3725.jpg,christ_the_reedemer,real
dataset_real\train\roman_colosseum\95a672144a.jpg,roman_colosseum,real
dataset_real\train\christ_the_reedemer\2fae8facde.jpg,christ_the_reedemer,real
dataset_real\train\chichen_itza\e3d70f7415.jpg,chichen_itza,real
dataset_real\train\eiffel_tower\8490cae8d4.jpg,eiffel_tower,real
dataset_real\train\burj_khalifa\3d5b6ebd84.jpg,burj_khalifa,real
dataset_real\train\christ_the_reedemer\ddd2b3de40.jpg,christ_the_reedemer,real
dataset_real\train\eiffel_tower\e359656db2.jpg,eiffel_tower,real
dataset_real\train\christ_the_reedemer\690ca68392.jpg,christ_the_reedemer,real
dataset_real\train\chichen_itza\29ee7deb0c.jpg,chichen_itza,real
dataset_real\train\roman_colosseum\7bc1735faa.jpg,roman_colosseum,real
dataset_real\train\eiffel_tower\1a2d5256fc.jpg,eiffel_tower,real
dataset_real\train\statue_of_liberty\17ca00bd84.jpg,statue_of_liberty,real
dataset_real\train\great_wall_of_china\686037f4ed.jpg,great_wall_of_china,real
dataset_real\train\great_wall_of_china\c2e632bbaa.jpg,great_wall_of_china,real
dataset_real\train\statue_of_liberty\22ae595520.jpg,statue_of_liberty,real
dataset_real\train\eiffel_tower\70534a1d53.jpg,eiffel_tower,real
dataset_real\train\pyramids_of_giza\2bf9b97de6.jpg,pyramids_of_giza,real
dataset_real\train\roman_colosseum\ab4cd82684.jpg,roman_colosseum,real
dataset_real\train\statue_of_liberty\792e0b55c3.jpg,statue_of_liberty,real
dataset_real\train\burj_khalifa\da89352db7.jpg,burj_khalifa,real
dataset_real\train\christ_the_reedemer\40ade64c1e.jpg,christ_the_reedemer,real
dataset_real\train\great_wall_of_china\09f1d7913c.jpg,great_wall_of_china,real
dataset_real\train\chichen_itza\14a2811999.jpg,chichen_itza,real
dataset_real\train\great_wall_of_china\ed89b21af8.jpg,great_wall_of_china,real
dataset_real\train\eiffel_tower\3663188221.jpg,eiffel_tower,real
dataset_real\train\roman_colosseum\f8a4d877e8.jpg,roman_colosseum,real
dataset_real\train\great_wall_of_china\01af05b441.jpg,great_wall_of_china,real
dataset_real\train\pyramids_of_giza\5a760ca7f2.jpg,pyramids_of_giza,real
dataset_real\train\great_wall_of_china\d0d206979b.jpg,great_wall_of_china,real
dataset_real\train\pyramids_of_giza\f26b31d072.jpg,pyramids_of_giza,real
dataset_real\train\great_wall_of_china\5bfc5fd2f2.jpg,great_wall_of_china,real
dataset_real\train\great_wall_of_china\9cf96cb325.jpg,great_wall_of_china,real
dataset_real\train\eiffel_tower\b9e497f546.jpg,eiffel_tower,real
dataset_real\train\pyramids_of_giza\d0af97b391.jpg,pyramids_of_giza,real
dataset_real\train\eiffel_tower\7040304c45.jpg,eiffel_tower,real
dataset_real\train\eiffel_tower\ccd9e91047.jpg,eiffel_tower,real
dataset_real\train\roman_colosseum\364e7089bb.jpg,roman_colosseum,real
dataset_real\train\roman_colosseum\53993a8a2f.jpg,roman_colosseum,real
dataset_real\train\pyramids_of_giza\017ac6ad36.jpg,pyramids_of_giza,real
dataset_real\train\roman_colosseum\e7c5e0743d.jpg,roman_colosseum,real
dataset_real\train\christ_the_reedemer\554d2a59e1.jpg,christ_the_reedemer,real
dataset_real\train\roman_colosseum\7fb84d7613.jpg,roman_colosseum,real
dataset_real\train\eiffel_tower\4965357e5a.jpg,eiffel_tower,real
dataset_real\train\great_wall_of_china\fba17d71cf.jpg,great_wall_of_china,real
dataset_real\train\burj_khalifa\ba1f994d0c.jpg,burj_khalifa,real
dataset_real\train\christ_the_reedemer\407d73bdec.jpg,christ_the_reedemer,real
dataset_real\train\great_wall_of_china\54770ca268.jpg,great_wall_of_china,real
dataset_real\train\pyramids_of_giza\21388e5e7a.jpg,pyramids_of_giza,real
dataset_real\train\roman_colosseum\c00b4a90c5.jpg,roman_colosseum,real
dataset_real\train\eiffel_tower\188c8949c6.jpg,eiffel_tower,real
dataset_real\train\statue_of_liberty\49f04e072e.jpg,statue_of_liberty,real
dataset_real\train\chichen_itza\e2419de786.jpg,chichen_itza,real
dataset_real\train\pyramids_of_giza\1b3229ba68.jpg,pyramids_of_giza,real
dataset_real\train\chichen_itza\dd30579669.jpg,chichen_itza,real
dataset_real\train\burj_khalifa\69e06c0670.jpg,burj_khalifa,real
dataset_real\train\chichen_itza\009d3edc08.jpg,chichen_itza,real
dataset_real\train\burj_khalifa\92904d8d31.jpg,burj_khalifa,real
dataset_real\train\burj_khalifa\0305f7ae7d.jpg,burj_khalifa,real
dataset_real\train\chichen_itza\19d69a598e.jpg,chichen_itza,real
dataset_real\train\eiffel_tower\93ac48c62d.jpg,eiffel_tower,real
dataset_real\train\chichen_itza\6be8a487e6.jpg,chichen_itza,real
dataset_real\train\christ_the_reedemer\0f6487db5b.jpg,christ_the_reedemer,real
dataset_real\train\eiffel_tower\4aef8af349.jpg,eiffel_tower,real
dataset_real\train\christ_the_reedemer\72cb559ead.jpg,christ_the_reedemer,real
dataset_real\train\pyramids_of_giza\2efc85ccae.jpg,pyramids_of_giza,real
dataset_real\train\roman_colosseum\bc842e64dc.jpg,roman_colosseum,real
dataset_real\train\burj_khalifa\291295ce93.jpg,burj_khalifa,real
dataset_real\train\pyramids_of_giza\bacd3a6213.jpg,pyramids_of_giza,real
dataset_real\train\christ_the_reedemer\69b439fca9.jpg,christ_the_reedemer,real
dataset_real\train\chichen_itza\687ece74c3.jpg,chichen_itza,real
dataset_real\train\pyramids_of_giza\766d68f4d8.jpg,pyramids_of_giza,real
dataset_real\train\burj_khalifa\432adf1b23.jpg,burj_khalifa,real
dataset_real\train\chichen_itza\a0b4222819.jpg,chichen_itza,real
dataset_real\train\great_wall_of_china\d51517b70d.jpg,great_wall_of_china,real
dataset_real\train\pyramids_of_giza\c5a0a9c6d3.jpg,pyramids_of_giza,real
dataset_real\train\burj_khalifa\e3303501cc.jpg,burj_khalifa,real
dataset_real\train\statue_of_liberty\82d1a0f74f.jpg,statue_of_liberty,real
dataset_real\train\roman_colosseum\471a4715a7.jpg,roman_colosseum,real
dataset_real\train\burj_khalifa\1c772f558f.jpg,burj_khalifa,real
dataset_real\train\chichen_itza\63b812f73c.jpg,chichen_itza,real
dataset_real\train\pyramids_of_giza\f5dca1ffb6.jpg,pyramids_of_giza,real
dataset_real\train\pyramids_of_giza\141e5ab296.jpg,pyramids_of_giza,real
dataset_real\train\burj_khalifa\c18066d664.jpg,burj_khalifa,real
dataset_real\train\chichen_itza\498414d443.jpg,chichen_itza,real
dataset_real\train\eiffel_tower\afad9031c8.jpg,eiffel_tower,real
dataset_real\train\christ_the_reedemer\00d2585f75.jpg,christ_the_reedemer,real
dataset_real\train\pyramids_of_giza\6f16ee2ad2.jpg,pyramids_of_giza,real
dataset_real\train\eiffel_tower\0bc691cbcc.jpg,eiffel_tower,real
dataset_real\train\pyramids_of_giza\878e1bb6c7.jpg,pyramids_of_giza,real
dataset_real\train\eiffel_tower\5e9c307445.jpg,eiffel_tower,real
dataset_real\train\roman_colosseum\c19717f3a6.jpg,roman_colosseum,real
dataset_real\train\christ_the_reedemer\ee0ed0f698.jpg,christ_the_reedemer,real
dataset_real\train\pyramids_of_giza\cb3a4fa735.jpg,pyramids_of_giza,real
dataset_real\train\christ_the_reedemer\b45376dc33.jpg,christ_the_reedemer,real
dataset_real\train\roman_colosseum\85a47d9b2d.jpg,roman_colosseum,real
dataset_real\train\roman_colosseum\60a8c67f73.jpg,roman_colosseum,real
dataset_real\train\pyramids_of_giza\c83cfa2ed4.jpg,pyramids_of_giza,real
dataset_real\train\great_wall_of_china\58a27f1424.jpg,great_wall_of_china,real
dataset_real\train\statue_of_liberty\0655b9736b.jpg,statue_of_liberty,real
dataset_real\train\pyramids_of_giza\7615be434a.jpg,pyramids_of_giza,real
dataset_real\train\great_wall_of_china\ec3ba4a31a.jpg,great_wall_of_china,real
dataset_real\train\eiffel_tower\5ddb9d4360.jpg,eiffel_tower,real
dataset_real\train\statue_of_liberty\be6714db13.jpg,statue_of_liberty,real
dataset_real\train\chichen_itza\4e194bbe49.jpg,chichen_itza,real
dataset_real\train\eiffel_tower\d60cca8cba.jpg,eiffel_tower,real
dataset_real\train\burj_khalifa\2ff7077a11.jpg,burj_khalifa,real
dataset_real\train\christ_the_reedemer\799c0d200b.jpg,christ_the_reedemer,real
dataset_real\train\eiffel_tower\852e9995ef.jpg,eiffel_tower,real
dataset_real\train\roman_colosseum\d564a789f4.jpg,roman_colosseum,real
dataset_real\train\burj_khalifa\c13b4e84cb.jpg,burj_khalifa,real
dataset_real\train\pyramids_of_giza\89c5cdbd0d.jpg,pyramids_of_giza,real
dataset_real\train\eiffel_tower\1921a00c87.jpg,eiffel_tower,real
dataset_real\train\burj_khalifa\f42fe52e26.jpg,burj_khalifa,real
dataset_real\train\burj_khalifa\0b43bb429b.jpg,burj_khalifa,real
dataset_real\train\pyramids_of_giza\e7526b29c1.jpg,pyramids_of_giza,real
dataset_real\train\eiffel_tower\93df9dd7c7.jpg,eiffel_tower,real
dataset_real\train\statue_of_liberty\7c54a90587.jpg,statue_of_liberty,real
dataset_real\train\roman_colosseum\d702424579.jpg,roman_colosseum,real
dataset_real\train\eiffel_tower\bcac358921.jpg,eiffel_tower,real
dataset_real\train\great_wall_of_china\b6c752d90e.jpg,great_wall_of_china,real
dataset_real\train\great_wall_of_china\d4d20e833e.jpg,great_wall_of_china,real
dataset_real\train\christ_the_reedemer\10fd694a01.jpg,christ_the_reedemer,real
dataset_real\train\chichen_itza\c18176b6b4.jpg,chichen_itza,real
dataset_real\train\chichen_itza\35c66d8faa.jpg,chichen_itza,real
dataset_real\train\great_wall_of_china\121166d834.jpg,great_wall_of_china,real
dataset_real\train\great_wall_of_china\0b7d1f2f82.jpg,great_wall_of_china,real
dataset_real\train\statue_of_liberty\d06d833ec2.jpg,statue_of_liberty,real
dataset_real\train\roman_colosseum\1ada1b75ee.jpg,roman_colosseum,real
dataset_real\train\pyramids_of_giza\a03e56b28a.jpg,pyramids_of_giza,real
dataset_real\train\burj_khalifa\8e1ec69e83.jpg,burj_khalifa,real
dataset_real\train\roman_colosseum\0fb90df2aa.jpg,roman_colosseum,real
dataset_real\train\burj_khalifa\9a8434b9b3.jpg,burj_khalifa,real
dataset_real\train\chichen_itza\5abf5d4e63.jpg,chichen_itza,real
dataset_real\train\roman_colosseum\e208918ed3.jpg,roman_colosseum,real
dataset_real\train\chichen_itza\d32880411e.jpg,chichen_itza,real
dataset_real\train\burj_khalifa\c72f4d7382.jpg,burj_khalifa,real
dataset_real\train\statue_of_liberty\458b90a76d.jpg,statue_of_liberty,real
dataset_real\train\eiffel_tower\e2f6bb9932.jpg,eiffel_tower,real
dataset_real\train\burj_khalifa\4e848e4819.jpg,burj_khalifa,real
dataset_real\train\christ_the_reedemer\58a4935e74.jpg,christ_the_reedemer,real
dataset_real\train\chichen_itza\786e72091b.jpg,chichen_itza,real
dataset_real\train\chichen_itza\c5d22f6d7c.jpg,chichen_itza,real
dataset_real\train\eiffel_tower\502172ae51.jpg,eiffel_tower,real
dataset_real\train\great_wall_of_china\49000469bf.jpg,great_wall_of_china,real
dataset_real\train\burj_khalifa\6b769d6f01.jpg,burj_khalifa,real
dataset_real\train\roman_colosseum\a1b5d2f9af.jpg,roman_colosseum,real
dataset_real\train\chichen_itza\fbe5acae3f.jpg,chichen_itza,real
dataset_real\train\burj_khalifa\dce2599e63.jpg,burj_khalifa,real
dataset_real\train\chichen_itza\d3e56df743.jpg,chichen_itza,real
dataset_real\train\roman_colosseum\0a7f181169.jpg,roman_colosseum,real
dataset_real\train\great_wall_of_china\87e702018c.jpg,great_wall_of_china,real
dataset_real\train\christ_the_reedemer\88d2d69380.jpg,christ_the_reedemer,real
dataset_real\train\roman_colosseum\d27259bb63.jpg,roman_colosseum,real
dataset_real\train\chichen_itza\7d7e441656.jpg,chichen_itza,real
dataset_real\train\great_wall_of_china\e977173a0d.jpg,great_wall_of_china,real
dataset_real\train\roman_colosseum\56234f15bc.jpg,roman_colosseum,real
dataset_real\train\eiffel_tower\01e2f36bd9.jpg,eiffel_tower,real
dataset_real\train\eiffel_tower\9f0e5caad3.jpg,eiffel_tower,real
dataset_real\train\christ_the_reedemer\05fc038979.jpg,christ_the_reedemer,real
dataset_real\train\great_wall_of_china\7bb3741400.jpg,great_wall_of_china,real
dataset_real\train\statue_of_liberty\833f862deb.jpg,statue_of_liberty,real
dataset_real\train\pyramids_of_giza\195b37380a.jpg,pyramids_of_giza,real
dataset_real\train\great_wall_of_china\dc2e77c812.jpg,great_wall_of_china,real
dataset_real\train\statue_of_liberty\29590be1bb.jpg,statue_of_liberty,real
dataset_real\train\great_wall_of_china\207018cddb.jpg,great_wall_of_china,real
dataset_real\train\pyramids_of_giza\c4562492d4.jpg,pyramids_of_giza,real
dataset_real\train\roman_colosseum\7ccdd5f9ec.jpg,roman_colosseum,real
dataset_real\train\chichen_itza\bc33c08d0f.jpg,chichen_itza,real
dataset_real\train\chichen_itza\724eff0ef1.jpg,chichen_itza,real
dataset_real\train\chichen_itza\ccaa3c0d5e.jpg,chichen_itza,real
dataset_real\train\great_wall_of_china\e5cb5f1d31.jpg,great_wall_of_china,real
dataset_real\train\eiffel_tower\5eb482edae.jpg,eiffel_tower,real
dataset_real\train\great_wall_of_china\66eb0f0562.jpg,great_wall_of_china,real
dataset_real\train\chichen_itza\738af97371.jpg,chichen_itza,real
dataset_real\train\statue_of_liberty\1dc7bf593e.jpg,statue_of_liberty,real
dataset_real\train\eiffel_tower\16bca5f59f.jpg,eiffel_tower,real
dataset_real\train\roman_colosseum\b63c459f24.jpg,roman_colosseum,real
dataset_real\train\pyramids_of_giza\32e40e87b4.jpg,pyramids_of_giza,real
dataset_real\train\christ_the_reedemer\f6078a3b0c.jpg,christ_the_reedemer,real
dataset_real\train\roman_colosseum\57feaf06f4.jpg,roman_colosseum,real
dataset_real\train\burj_khalifa\815fc3b3dc.jpg,burj_khalifa,real
dataset_real\train\statue_of_liberty\6228e0f7a6.jpg,statue_of_liberty,real
dataset_real\train\eiffel_tower\e34bcaa200.jpg,eiffel_tower,real
dataset_real\train\great_wall_of_china\06302f21b8.jpg,great_wall_of_china,real
dataset_real\train\statue_of_liberty\b80d71067e.jpg,statue_of_liberty,real
dataset_real\train\pyramids_of_giza\6b98d9b744.jpg,pyramids_of_giza,real
dataset_real\train\roman_colosseum\3cd396c585.jpg,roman_colosseum,real
dataset_real\train\great_wall_of_china\e857aeb042.jpg,great_wall_of_china,real
dataset_real\train\roman_colosseum\90323e7e61.jpg,roman_colosseum,real
dataset_real\train\pyramids_of_giza\b7904c60d6.jpg,pyramids_of_giza,real
dataset_real\train\roman_colosseum\b2b9ff69ae.jpg,roman_colosseum,real
dataset_real\train\statue_of_liberty\27780d276b.jpg,statue_of_liberty,real
dataset_real\train\eiffel_tower\9bf2d501d4.jpg,eiffel_tower,real
dataset_real\train\eiffel_tower\c8bed5098d.jpg,eiffel_tower,real
dataset_real\train\burj_khalifa\50302374fc.jpg,burj_khalifa,real
dataset_real\train\statue_of_liberty\dd93fa2743.jpg,statue_of_liberty,real
dataset_real\train\burj_khalifa\cb97acb7c6.jpg,burj_khalifa,real
dataset_real\train\pyramids_of_giza\e7a0694555.jpg,pyramids_of_giza,real
dataset_real\train\burj_khalifa\34ef2b16d4.jpg,burj_khalifa,real
dataset_real\train\pyramids_of_giza\f4ee06b699.jpg,pyramids_of_giza,real
dataset_real\train\chichen_itza\763fee21f5.jpg,chichen_itza,real
dataset_real\train\roman_colosseum\d66aef35ff.jpg,roman_colosseum,real
dataset_real\train\burj_khalifa\97fefbff37.jpg,burj_khalifa,real
dataset_real\train\pyramids_of_giza\dc718a4bb6.jpg,pyramids_of_giza,real
dataset_real\train\statue_of_liberty\f657f433c8.jpg,statue_of_liberty,real
dataset_real\train\christ_the_reedemer\a60bd44426.jpg,christ_the_reedemer,real
dataset_real\train\burj_khalifa\84853b9816.jpg,burj_khalifa,real
dataset_real\train\statue_of_liberty\a6aa86b0e5.jpg,statue_of_liberty,real
dataset_real\train\chichen_itza\2b6df3e70c.jpg,chichen_itza,real
dataset_real\train\chichen_itza\4f4dcddb67.jpg,chichen_itza,real
dataset_real\train\roman_colosseum\765699c79a.jpg,roman_colosseum,real
dataset_real\train\eiffel_tower\d60c486c0c.jpg,eiffel_tower,real
dataset_real\train\burj_khalifa\da8142207f.jpg,burj_khalifa,real
dataset_real\train\christ_the_reedemer\15f7dd0d2a.jpg,christ_the_reedemer,real
dataset_real\train\roman_colosseum\f569920863.jpg,roman_colosseum,real
dataset_real\train\pyramids_of_giza\955896640a.jpg,pyramids_of_giza,real
dataset_real\train\eiffel_tower\23931da021.jpg,eiffel_tower,real
dataset_real\train\christ_the_reedemer\476abe9ced.jpg,christ_the_reedemer,real
dataset_real\train\eiffel_tower\c83f47ce86.jpg,eiffel_tower,real
dataset_real\train\great_wall_of_china\a62a3926d0.jpg,great_wall_of_china,real
dataset_real\train\statue_of_liberty\aea8c82894.jpg,statue_of_liberty,real
dataset_real\train\christ_the_reedemer\3d6470e199.jpg,christ_the_reedemer,real
dataset_real\train\christ_the_reedemer\9ced7331ca.jpg,christ_the_reedemer,real
dataset_real\train\burj_khalifa\66b7d12341.jpg,burj_khalifa,real
dataset_real\train\christ_the_reedemer\da65b7ec6f.jpg,christ_the_reedemer,real
dataset_real\train\eiffel_tower\2f01029245.jpg,eiffel_tower,real
dataset_real\train\pyramids_of_giza\3c46fa7f03.jpg,pyramids_of_giza,real
dataset_real\train\roman_colosseum\367e6c199b.jpg,roman_colosseum,real
dataset_real\train\eiffel_tower\e4e7d71d95.jpg,eiffel_tower,real
dataset_real\train\christ_the_reedemer\66e1f90a34.jpg,christ_the_reedemer,real
dataset_real\train\eiffel_tower\78d02205ab.jpg,eiffel_tower,real
dataset_real\train\christ_the_reedemer\03ae4f2fad.jpg,christ_the_reedemer,real
dataset_real\train\christ_the_reedemer\92d2d32daf.jpg,christ_the_reedemer,real
dataset_real\train\roman_colosseum\a6e1a4483d.jpg,roman_colosseum,real
dataset_real\train\roman_colosseum\94f268c0b2.jpg,roman_colosseum,real
dataset_real\train\christ_the_reedemer\a9c627686f.jpg,christ_the_reedemer,real
dataset_real\train\christ_the_reedemer\2bb1d0a8e4.jpg,christ_the_reedemer,real
dataset_real\train\burj_khalifa\301d26d9e9.jpg,burj_khalifa,real
dataset_real\train\great_wall_of_china\57d5d9e450.jpg,great_wall_of_china,real
dataset_real\train\chichen_itza\418164bc79.jpg,chichen_itza,real
dataset_real\train\eiffel_tower\e09b84396d.jpg,eiffel_tower,real
dataset_real\train\great_wall_of_china\89abdcc4e4.jpg,great_wall_of_china,real
dataset_real\train\eiffel_tower\24a499f5cf.jpg,eiffel_tower,real
dataset_real\train\burj_khalifa\db81194f2e.jpg,burj_khalifa,real
dataset_real\train\statue_of_liberty\0016510b5c.jpg,statue_of_liberty,real
dataset_real\train\burj_khalifa\15fc2d4645.jpg,burj_khalifa,real
dataset_real\train\roman_colosseum\d5450beb71.jpg,roman_colosseum,real
dataset_real\train\christ_the_reedemer\c4a54afd6d.jpg,christ_the_reedemer,real
dataset_real\train\great_wall_of_china\ad76445bb4.jpg,great_wall_of_china,real
dataset_real\train\burj_khalifa\d7b84dba37.jpg,burj_khalifa,real
dataset_real\train\pyramids_of_giza\c9553321b8.jpg,pyramids_of_giza,real
dataset_real\train\great_wall_of_china\6813f55474.jpg,great_wall_of_china,real
dataset_real\train\roman_colosseum\4ef4b14c5f.jpg,roman_colosseum,real
dataset_real\train\statue_of_liberty\9ce3c5154e.jpg,statue_of_liberty,real
dataset_real\train\pyramids_of_giza\77460b4176.jpg,pyramids_of_giza,real
dataset_real\train\roman_colosseum\9351093337.jpg,roman_colosseum,real
dataset_real\train\eiffel_tower\777f58de17.jpg,eiffel_tower,real
dataset_real\train\eiffel_tower\43cf0ca34e.jpg,eiffel_tower,real
dataset_real\train\great_wall_of_china\67c54c43fe.jpg,great_wall_of_china,real
dataset_real\train\chichen_itza\bbf8282f26.jpg,chichen_itza,real
dataset_real\train\christ_the_reedemer\87449ceee5.jpg,christ_the_reedemer,real
dataset_real\train\chichen_itza\fe7093eda8.jpg,chichen_itza,real
dataset_real\train\great_wall_of_china\b1ab14dd7a.jpg,great_wall_of_china,real
dataset_real\train\roman_colosseum\f53941831b.jpg,roman_colosseum,real
dataset_real\train\roman_colosseum\da98dc4cd7.jpg,roman_colosseum,real
dataset_real\train\christ_the_reedemer\aaef52ded5.jpg,christ_the_reedemer,real
dataset_real\train\burj_khalifa\5356697831.jpg,burj_khalifa,real
dataset_real\train\roman_colosseum\ac3c6f17fe.jpg,roman_colosseum,real
dataset_real\train\great_wall_of_china\c297c38a75.jpg,great_wall_of_china,real
dataset_real\train\burj_khalifa\a85964dc04.jpg,burj_khalifa,real
dataset_real\train\christ_the_reedemer\4362dea956.jpg,christ_the_reedemer,real
dataset_real\train\pyramids_of_giza\3a41d2065a.jpg,pyramids_of_giza,real
dataset_real\train\great_wall_of_china\245e70df4a.jpg,great_wall_of_china,real
dataset_real\train\eiffel_tower\907dbaa5ac.jpg,eiffel_tower,real
dataset_real\train\burj_khalifa\e0bb60818b.jpg,burj_khalifa,real
dataset_real\train\christ_the_reedemer\ddfc73ea22.jpg,christ_the_reedemer,real
dataset_real\train\chichen_itza\0bcee0d77f.jpg,chichen_itza,real
dataset_real\train\chichen_itza\d4387e8c34.jpg,chichen_itza,real
dataset_real\train\eiffel_tower\a12f3e9f54.jpg,eiffel_tower,real
dataset_real\train\eiffel_tower\894c615a89.jpg,eiffel_tower,real
dataset_real\train\eiffel_tower\dfc710d54f.jpg,eiffel_tower,real
dataset_real\train\chichen_itza\40cac344b6.jpg,chichen_itza,real
dataset_real\train\chichen_itza\a4908ccaa5.jpg,chichen_itza,real
dataset_real\train\chichen_itza\57d270bf14.jpg,chichen_itza,real
dataset_real\train\burj_khalifa\2aca1617cc.jpg,burj_khalifa,real
dataset_real\train\chichen_itza\4a45d3a6df.jpg,chichen_itza,real
dataset_real\train\chichen_itza\1f02697610.jpg,chichen_itza,real
dataset_real\train\pyramids_of_giza\513eeeaf8a.jpg,pyramids_of_giza,real
dataset_real\train\roman_colosseum\dd9536dab9.jpg,roman_colosseum,real
dataset_real\train\eiffel_tower\a76f908095.jpg,eiffel_tower,real
dataset_real\train\burj_khalifa\cb3e7dc36d.jpg,burj_khalifa,real
dataset_real\train\chichen_itza\0520c73d20.jpg,chichen_itza,real
dataset_real\train\eiffel_tower\4ac4474a96.jpg,eiffel_tower,real
dataset_real\train\burj_khalifa\30f617e913.jpg,burj_khalifa,real
dataset_real\train\pyramids_of_giza\d78358fe7d.jpg,pyramids_of_giza,real
dataset_real\train\eiffel_tower\bd75b5963e.jpg,eiffel_tower,real
dataset_real\train\eiffel_tower\bd4c8437bd.jpg,eiffel_tower,real
dataset_real\train\pyramids_of_giza\0d5b848c6b.jpg,pyramids_of_giza,real
dataset_real\train\eiffel_tower\9f1960558d.jpg,eiffel_tower,real
dataset_real\train\burj_khalifa\a62155b4fb.jpg,burj_khalifa,real
dataset_real\train\pyramids_of_giza\5659127f92.jpg,pyramids_of_giza,real
dataset_real\train\burj_khalifa\be19149ea6.jpg,burj_khalifa,real
dataset_real\train\chichen_itza\e3a7af0b16.jpg,chichen_itza,real
dataset_real\train\eiffel_tower\2f2f4b351e.jpg,eiffel_tower,real
dataset_real\train\eiffel_tower\e9629093c1.jpg,eiffel_tower,real
dataset_real\train\chichen_itza\d1a8b033aa.jpg,chichen_itza,real
dataset_real\train\roman_colosseum\e1dc8e5d52.jpg,roman_colosseum,real
dataset_real\train\pyramids_of_giza\d82e5cbaa0.jpg,pyramids_of_giza,real
dataset_real\train\great_wall_of_china\5b82b2a7c4.jpg,great_wall_of_china,real
dataset_real\train\chichen_itza\33adf19554.jpg,chichen_itza,real
dataset_real\train\statue_of_liberty\3e45a0017a.jpg,statue_of_liberty,real
dataset_real\train\pyramids_of_giza\3338c19c08.jpg,pyramids_of_giza,real
dataset_real\train\roman_colosseum\c4bc58d806.jpg,roman_colosseum,real
dataset_real\train\great_wall_of_china\82a8b8120d.jpg,great_wall_of_china,real
dataset_real\train\great_wall_of_china\ea35f03fd4.jpg,great_wall_of_china,real
dataset_real\train\eiffel_tower\639d371d54.jpg,eiffel_tower,real
dataset_real\train\great_wall_of_china\d4c1eb9138.jpg,great_wall_of_china,real
dataset_real\train\pyramids_of_giza\177cf60b87.jpg,pyramids_of_giza,real
dataset_real\train\great_wall_of_china\3d09f12361.jpg,great_wall_of_china,real
dataset_real\train\christ_the_reedemer\81285cdbd1.jpg,christ_the_reedemer,real
dataset_real\train\pyramids_of_giza\00934c8096.jpg,pyramids_of_giza,real
dataset_real\train\christ_the_reedemer\4a70608046.jpg,christ_the_reedemer,real
dataset_real\train\chichen_itza\ff4f369bb1.jpg,chichen_itza,real
dataset_real\train\pyramids_of_giza\81c1b24973.jpg,pyramids_of_giza,real
dataset_real\train\eiffel_tower\d97d14f896.jpg,eiffel_tower,real
dataset_real\train\roman_colosseum\52cbe9ee13.jpg,roman_colosseum,real
dataset_real\train\chichen_itza\c5983a99b9.jpg,chichen_itza,real
dataset_real\train\chichen_itza\34e3f7ec56.jpg,chichen_itza,real
dataset_real\train\roman_colosseum\efee1d9242.jpg,roman_colosseum,real
dataset_real\train\pyramids_of_giza\a58d60e2d2.jpg,pyramids_of_giza,real
dataset_real\train\great_wall_of_china\172602f7d9.jpg,great_wall_of_china,real
dataset_real\train\burj_khalifa\6532e3111e.jpg,burj_khalifa,real
dataset_real\train\eiffel_tower\601d402775.jpg,eiffel_tower,real
dataset_real\train\chichen_itza\b44a670c65.jpg,chichen_itza,real
dataset_real\train\christ_the_reedemer\d1e0d9a316.jpg,christ_the_reedemer,real
dataset_real\train\pyramids_of_giza\b7fbebc4b7.jpg,pyramids_of_giza,real
dataset_real\train\statue_of_liberty\63943a1ec2.jpg,statue_of_liberty,real
dataset_real\train\roman_colosseum\f8487e4b4f.jpg,roman_colosseum,real
dataset_real\train\statue_of_liberty\9194c0848e.jpg,statue_of_liberty,real
dataset_real\train\burj_khalifa\462accb957.jpg,burj_khalifa,real
dataset_real\train\great_wall_of_china\1eab8d7c47.jpg,great_wall_of_china,real
dataset_real\train\pyramids_of_giza\f099106140.jpg,pyramids_of_giza,real
dataset_real\train\chichen_itza\6069a7927a.jpg,chichen_itza,real
dataset_real\train\eiffel_tower\eb04847f4f.jpg,eiffel_tower,real
dataset_real\train\great_wall_of_china\90ef37ceff.jpg,great_wall_of_china,real
dataset_real\train\roman_colosseum\712147bc57.jpg,roman_colosseum,real
dataset_real\train\pyramids_of_giza\5a1bc70411.jpg,pyramids_of_giza,real
dataset_real\train\burj_khalifa\29e446f509.jpg,burj_khalifa,real
dataset_real\train\statue_of_liberty\f20eb9f6fa.jpg,statue_of_liberty,real
dataset_real\train\burj_khalifa\e40c868946.jpg,burj_khalifa,real
dataset_real\train\great_wall_of_china\76df5ab4f6.jpg,great_wall_of_china,real
dataset_real\train\statue_of_liberty\eac3039ab1.jpg,statue_of_liberty,real
dataset_real\train\burj_khalifa\237a706017.jpg,burj_khalifa,real
dataset_real\train\roman_colosseum\a4eb24186e.jpg,roman_colosseum,real
dataset_real\train\pyramids_of_giza\bb3db0ad09.jpg,pyramids_of_giza,real
dataset_real\train\statue_of_liberty\6c454ded1c.jpg,statue_of_liberty,real
dataset_real\train\christ_the_reedemer\f186ada32f.jpg,christ_the_reedemer,real
dataset_real\train\statue_of_liberty\0eeddca2a6.jpg,statue_of_liberty,real
dataset_real\train\statue_of_liberty\c6d001ef36.jpg,statue_of_liberty,real
dataset_real\train\statue_of_liberty\b2aeb547af.jpg,statue_of_liberty,real
dataset_real\train\roman_colosseum\248690085a.jpg,roman_colosseum,real
dataset_real\train\great_wall_of_china\739cdd5e42.jpg,great_wall_of_china,real
dataset_real\train\pyramids_of_giza\a0d7d1c91f.jpg,pyramids_of_giza,real
dataset_real\train\chichen_itza\0164d69c35.jpg,chichen_itza,real
dataset_real\train\great_wall_of_china\98cc5c4a4f.jpg,great_wall_of_china,real
dataset_real\train\christ_the_reedemer\774492cfd3.jpg,christ_the_reedemer,real
dataset_real\train\great_wall_of_china\3d468e977e.jpg,great_wall_of_china,real
dataset_real\train\eiffel_tower\beb6568a57.jpg,eiffel_tower,real
dataset_real\train\roman_colosseum\036d8446a8.jpg,roman_colosseum,real
dataset_real\train\roman_colosseum\0d0a715cce.jpg,roman_colosseum,real
dataset_real\train\chichen_itza\3b2fe00c56.jpg,chichen_itza,real
dataset_real\train\chichen_itza\6fa24f8dc9.jpg,chichen_itza,real
dataset_real\train\eiffel_tower\d13b95f24a.jpg,eiffel_tower,real
dataset_real\train\pyramids_of_giza\801196e195.jpg,pyramids_of_giza,real
dataset_real\train\burj_khalifa\883f2843d5.jpg,burj_khalifa,real
dataset_real\train\burj_khalifa\5d4ebc6c1f.jpg,burj_khalifa,real
dataset_real\train\christ_the_reedemer\8a30f1d2e9.jpg,christ_the_reedemer,real
dataset_real\train\eiffel_tower\926d33dca3.jpg,eiffel_tower,real
dataset_real\train\eiffel_tower\529f2c5833.jpg,eiffel_tower,real
dataset_real\train\chichen_itza\cbbd9a4e70.jpg,chichen_itza,real
dataset_real\train\eiffel_tower\c64a0d7b26.jpg,eiffel_tower,real
dataset_real\train\statue_of_liberty\e5c6d87fe1.jpg,statue_of_liberty,real
dataset_real\train\christ_the_reedemer\0ec562b1ba.jpg,christ_the_reedemer,real
dataset_real\train\roman_colosseum\38628d863e.jpg,roman_colosseum,real
dataset_real\train\burj_khalifa\1d4da83ee3.jpg,burj_khalifa,real
dataset_real\train\burj_khalifa\1a67bd317b.jpg,burj_khalifa,real
dataset_real\train\pyramids_of_giza\abd35fa197.jpg,pyramids_of_giza,real
dataset_real\train\pyramids_of_giza\be48f8a33d.jpg,pyramids_of_giza,real
dataset_real\train\great_wall_of_china\c76b1aa396.jpg,great_wall_of_china,real
dataset_real\train\burj_khalifa\fadd5bf615.jpg,burj_khalifa,real
dataset_real\train\pyramids_of_giza\a3514bb3a6.jpg,pyramids_of_giza,real
dataset_real\train\christ_the_reedemer\c947b3910a.jpg,christ_the_reedemer,real
dataset_real\train\statue_of_liberty\40e70220af.jpg,statue_of_liberty,real
dataset_real\train\pyramids_of_giza\599295aeb5.jpg,pyramids_of_giza,real
dataset_real\train\eiffel_tower\1f94335942.jpg,eiffel_tower,real
dataset_real\train\christ_the_reedemer\1fecb00390.jpg,christ_the_reedemer,real
dataset_real\train\roman_colosseum\babdaafcb7.jpg,roman_colosseum,real
dataset_real\train\chichen_itza\aac0094ba3.jpg,chichen_itza,real
dataset_real\train\burj_khalifa\7fb688266e.jpg,burj_khalifa,real
dataset_real\train\christ_the_reedemer\5339bc9c82.jpg,christ_the_reedemer,real
dataset_real\train\pyramids_of_giza\94f458498f.jpg,pyramids_of_giza,real
dataset_real\train\burj_khalifa\38af4aa48c.jpg,burj_khalifa,real
dataset_real\train\eiffel_tower\cde85f3125.jpg,eiffel_tower,real
dataset_real\train\christ_the_reedemer\3b9974faa3.jpg,christ_the_reedemer,real
dataset_real\train\pyramids_of_giza\73ba7f3f9d.jpg,pyramids_of_giza,real
dataset_real\train\burj_khalifa\dc6c93dfc9.jpg,burj_khalifa,real
dataset_real\train\roman_colosseum\1d0a761ae3.jpg,roman_colosseum,real
dataset_real\train\christ_the_reedemer\6c32f5b030.jpg,christ_the_reedemer,real
dataset_real\train\burj_khalifa\35de78ee3f.jpg,burj_khalifa,real
dataset_real\train\pyramids_of_giza\f0df9eeca7.jpg,pyramids_of_giza,real
dataset_real\train\pyramids_of_giza\39f7795671.jpg,pyramids_of_giza,real
dataset_real\train\roman_colosseum\e948f15a50.jpg,roman_colosseum,real
dataset_real\train\statue_of_liberty\9af08985bd.jpg,statue_of_liberty,real
dataset_real\train\roman_colosseum\eba7fca219.jpg,roman_colosseum,real
dataset_real\train\christ_the_reedemer\9019b4d582.jpg,christ_the_reedemer,real
dataset_real\train\burj_khalifa\dbd91cc0ac.jpg,burj_khalifa,real
dataset_real\train\roman_colosseum\1bc0beb089.jpg,roman_colosseum,real
dataset_real\train\eiffel_tower\720b377570.jpg,eiffel_tower,real
dataset_real\train\chichen_itza\c8f2526e38.jpg,chichen_itza,real
dataset_real\train\statue_of_liberty\84f60063c4.jpg,statue_of_liberty,real
dataset_real\train\eiffel_tower\4c3971d467.jpg,eiffel_tower,real
dataset_real\train\pyramids_of_giza\986c1179a0.jpg,pyramids_of_giza,real
dataset_real\train\eiffel_tower\c823845e97.jpg,eiffel_tower,real
dataset_real\train\roman_colosseum\1adf3bf159.jpg,roman_colosseum,real
dataset_real\train\pyramids_of_giza\2704ff6ec2.jpg,pyramids_of_giza,real
dataset_real\train\chichen_itza\e67c966027.jpg,chichen_itza,real
dataset_real\train\chichen_itza\128447c447.jpg,chichen_itza,real
dataset_real\train\great_wall_of_china\16cb6bea9a.jpg,great_wall_of_china,real
dataset_real\train\statue_of_liberty\f646977878.jpg,statue_of_liberty,real
dataset_real\train\roman_colosseum\ef09589884.jpg,roman_colosseum,real
dataset_real\train\burj_khalifa\7f9c2b4780.jpg,burj_khalifa,real
dataset_real\train\burj_khalifa\f08e31b755.jpg,burj_khalifa,real
dataset_real\train\roman_colosseum\6c6dc19be1.jpg,roman_colosseum,real
dataset_real\train\pyramids_of_giza\b3b6bfbda6.jpg,pyramids_of_giza,real
dataset_real\train\pyramids_of_giza\0c177ef40e.jpg,pyramids_of_giza,real
dataset_real\train\pyramids_of_giza\3557150ec2.jpg,pyramids_of_giza,real
dataset_real\train\chichen_itza\8a39dcce68.jpg,chichen_itza,real
dataset_real\train\burj_khalifa\920dd79025.jpg,burj_khalifa,real
dataset_real\train\christ_the_reedemer\0d00878384.jpg,christ_the_reedemer,real
dataset_real\train\christ_the_reedemer\915307ad0e.jpg,christ_the_reedemer,real
dataset_real\train\great_wall_of_china\32ed4c99c9.jpg,great_wall_of_china,real
dataset_real\train\chichen_itza\8cfd6cdc14.jpg,chichen_itza,real
dataset_real\train\chichen_itza\06ba691ad9.jpg,chichen_itza,real
dataset_real\train\great_wall_of_china\a934b21868.jpg,great_wall_of_china,real
dataset_real\train\statue_of_liberty\d6c8e641c1.jpg,statue_of_liberty,real
dataset_real\train\pyramids_of_giza\35e33ae763.jpg,pyramids_of_giza,real
dataset_real\train\roman_colosseum\cab9c7d656.jpg,roman_colosseum,real
dataset_real\train\chichen_itza\de013f227c.jpg,chichen_itza,real
dataset_real\train\statue_of_liberty\21a14da907.jpg,statue_of_liberty,real
dataset_real\train\chichen_itza\3b7c811f32.jpg,chichen_itza,real
dataset_real\train\roman_colosseum\a87d72a9aa.jpg,roman_colosseum,real
dataset_real\train\pyramids_of_giza\b5cc64d870.jpg,pyramids_of_giza,real
dataset_real\train\burj_khalifa\4bccd6da38.jpg,burj_khalifa,real
dataset_real\train\great_wall_of_china\7275769bd7.jpg,great_wall_of_china,real
dataset_real\train\statue_of_liberty\f2a31ab33f.jpg,statue_of_liberty,real
dataset_real\train\christ_the_reedemer\7af03f67ef.jpg,christ_the_reedemer,real
dataset_real\train\pyramids_of_giza\db57b46352.jpg,pyramids_of_giza,real
dataset_real\train\roman_colosseum\eb349eaaf7.jpg,roman_colosseum,real
dataset_real\train\pyramids_of_giza\c69d72e2dc.jpg,pyramids_of_giza,real
dataset_real\train\great_wall_of_china\17628dd30d.jpg,great_wall_of_china,real
dataset_real\train\burj_khalifa\29363c293e.jpg,burj_khalifa,real
dataset_real\train\roman_colosseum\c5da55eda2.jpg,roman_colosseum,real
dataset_real\train\great_wall_of_china\e93d171578.jpg,great_wall_of_china,real
dataset_real\train\roman_colosseum\5dfbe1d8ed.jpg,roman_colosseum,real
dataset_real\train\pyramids_of_giza\74cb31a099.jpg,pyramids_of_giza,real
dataset_real\train\roman_colosseum\3d26776d99.jpg,roman_colosseum,real
dataset_real\train\great_wall_of_china\77e0b647dc.jpg,great_wall_of_china,real
dataset_real\train\great_wall_of_china\a4483e978a.jpg,great_wall_of_china,real
dataset_real\train\chichen_itza\6cec6dd5da.jpg,chichen_itza,real
dataset_real\train\eiffel_tower\0390cf61f1.jpg,eiffel_tower,real
dataset_real\train\chichen_itza\146d3638b7.jpg,chichen_itza,real
dataset_real\train\christ_the_reedemer\3e144c461b.jpg,christ_the_reedemer,real
dataset_real\train\roman_colosseum\95df12538f.jpg,roman_colosseum,real
dataset_real\train\eiffel_tower\7215039568.jpg,eiffel_tower,real
dataset_real\train\roman_colosseum\963e91baf7.jpg,roman_colosseum,real
dataset_real\train\christ_the_reedemer\c9078e7244.jpg,christ_the_reedemer,real
dataset_real\train\roman_colosseum\174ffa671c.jpg,roman_colosseum,real
dataset_real\train\christ_the_reedemer\9a6e663f5f.jpg,christ_the_reedemer,real
dataset_real\train\burj_khalifa\4a7cfc94b2.jpg,burj_khalifa,real
dataset_real\train\roman_colosseum\111e7b61b7.jpg,roman_colosseum,real
dataset_real\train\statue_of_liberty\1438b3d669.jpg,statue_of_liberty,real
dataset_real\train\pyramids_of_giza\c6afd833e6.jpg,pyramids_of_giza,real
dataset_real\train\burj_khalifa\a04fc5fdb7.jpg,burj_khalifa,real
dataset_real\train\eiffel_tower\9b36ea2d9d.jpg,eiffel_tower,real
dataset_real\train\statue_of_liberty\9eb4c48016.jpg,statue_of_liberty,real
dataset_real\train\chichen_itza\2b1fc6424e.jpg,chichen_itza,real
dataset_real\train\great_wall_of_china\0afc6f3371.jpg,great_wall_of_china,real
dataset_real\train\eiffel_tower\5ac53d220a.jpg,eiffel_tower,real
dataset_real\train\chichen_itza\222a84e9f5.jpg,chichen_itza,real
dataset_real\train\great_wall_of_china\9258e2ce31.jpg,great_wall_of_china,real
dataset_real\train\christ_the_reedemer\8069387632.jpg,christ_the_reedemer,real
dataset_real\train\roman_colosseum\1d409e72bc.jpg,roman_colosseum,real
dataset_real\train\burj_khalifa\80314937d1.jpg,burj_khalifa,real
dataset_real\train\pyramids_of_giza\4913389cb8.jpg,pyramids_of_giza,real
dataset_real\train\christ_the_reedemer\d8616f6e1e.jpg,christ_the_reedemer,real
dataset_real\train\roman_colosseum\ec8f6575d7.jpg,roman_colosseum,real
dataset_real\train\christ_the_reedemer\b3feb7dd1a.jpg,christ_the_reedemer,real
dataset_real\train\great_wall_of_china\953841af91.jpg,great_wall_of_china,real
dataset_real\train\christ_the_reedemer\9eab5170dd.jpg,christ_the_reedemer,real
dataset_real\train\christ_the_reedemer\0ca3b8d570.jpg,christ_the_reedemer,real
dataset_real\train\roman_colosseum\c862c4e1d6.jpg,roman_colosseum,real
dataset_real\train\great_wall_of_china\f2006e3a63.jpg,great_wall_of_china,real
dataset_real\train\christ_the_reedemer\685b03ebad.jpg,christ_the_reedemer,real
dataset_real\train\chichen_itza\d9c1d3054f.jpg,chichen_itza,real
dataset_real\train\statue_of_liberty\84a7b9fff8.jpg,statue_of_liberty,real
dataset_real\train\great_wall_of_china\38e796e88b.jpg,great_wall_of_china,real
dataset_real\train\great_wall_of_china\a4f7c97d50.jpg,great_wall_of_china,real
dataset_real\train\pyramids_of_giza\e130e33f7a.jpg,pyramids_of_giza,real
dataset_real\train\statue_of_liberty\95a865d3f2.jpg,statue_of_liberty,real
dataset_real\train\pyramids_of_giza\59cc22ee49.jpg,pyramids_of_giza,real
dataset_real\train\great_wall_of_china\8a77d0722a.jpg,great_wall_of_china,real
dataset_real\train\christ_the_reedemer\dad36f7aeb.jpg,christ_the_reedemer,real
dataset_real\train\eiffel_tower\d90d95774e.jpg,eiffel_tower,real
dataset_real\train\roman_colosseum\cde779b4b8.jpg,roman_colosseum,real
dataset_real\train\chichen_itza\1ecfd82522.jpg,chichen_itza,real
dataset_real\train\statue_of_liberty\b1f9d05cca.jpg,statue_of_liberty,real
dataset_real\train\pyramids_of_giza\c8b129df51.jpg,pyramids_of_giza,real
dataset_real\train\chichen_itza\dfe2543e70.jpg,chichen_itza,real
dataset_real\train\statue_of_liberty\3a4d2ac51d.jpg,statue_of_liberty,real
dataset_real\train\eiffel_tower\af065fa5ab.jpg,eiffel_tower,real
dataset_real\train\roman_colosseum\43b8b32f28.jpg,roman_colosseum,real
dataset_real\train\christ_the_reedemer\9fb4f29072.jpg,christ_the_reedemer,real
dataset_real\train\pyramids_of_giza\f3e372a882.jpg,pyramids_of_giza,real
dataset_real\train\eiffel_tower\c9d0a3da4b.jpg,eiffel_tower,real
dataset_real\train\great_wall_of_china\4ad509749b.jpg,great_wall_of_china,real
dataset_real\train\eiffel_tower\186a61eb8c.jpg,eiffel_tower,real
dataset_real\train\christ_the_reedemer\27020a9b7c.jpg,christ_the_reedemer,real
dataset_real\train\great_wall_of_china\58107ee307.jpg,great_wall_of_china,real
dataset_real\train\roman_colosseum\ff3754c9ad.jpg,roman_colosseum,real
dataset_real\train\great_wall_of_china\58e5081c48.jpg,great_wall_of_china,real
dataset_real\train\great_wall_of_china\44fb69047d.jpg,great_wall_of_china,real
dataset_real\train\christ_the_reedemer\c85a4b2299.jpg,christ_the_reedemer,real
dataset_real\train\eiffel_tower\ce3a61ad1a.jpg,eiffel_tower,real
dataset_real\train\great_wall_of_china\8e541f7340.jpg,great_wall_of_china,real
dataset_real\train\statue_of_liberty\48900357db.jpg,statue_of_liberty,real
dataset_real\train\pyramids_of_giza\a70d290d05.jpg,pyramids_of_giza,real
dataset_real\train\christ_the_reedemer\fce32691a9.jpg,christ_the_reedemer,real
dataset_real\train\eiffel_tower\abbf350d0c.jpg,eiffel_tower,real
dataset_real\train\burj_khalifa\1973b3cb71.jpg,burj_khalifa,real
dataset_real\train\chichen_itza\92dd44f031.jpg,chichen_itza,real
dataset_real\train\pyramids_of_giza\dbbe961989.jpg,pyramids_of_giza,real
dataset_real\train\statue_of_liberty\b1a7ef10df.jpg,statue_of_liberty,real
dataset_real\train\christ_the_reedemer\1a9859d5d6.jpg,christ_the_reedemer,real
dataset_real\train\statue_of_liberty\5bd3684987.jpg,statue_of_liberty,real
dataset_real\train\eiffel_tower\de12f40f4f.jpg,eiffel_tower,real
dataset_real\train\chichen_itza\d5b85454e5.jpg,chichen_itza,real
dataset_real\train\burj_khalifa\4d2c89de07.jpg,burj_khalifa,real
dataset_real\train\eiffel_tower\6f34f44839.jpg,eiffel_tower,real
dataset_real\train\chichen_itza\e22119068d.jpg,chichen_itza,real
dataset_real\train\eiffel_tower\7e8a6b209a.jpg,eiffel_tower,real
dataset_real\train\pyramids_of_giza\d3420dde9a.jpg,pyramids_of_giza,real
dataset_real\train\great_wall_of_china\88a0cc0105.jpg,great_wall_of_china,real
dataset_real\train\christ_the_reedemer\f5c091cdaf.jpg,christ_the_reedemer,real
dataset_real\train\burj_khalifa\ffabff3b21.jpg,burj_khalifa,real
dataset_real\train\burj_khalifa\efc3137f40.jpg,burj_khalifa,real
dataset_real\train\roman_colosseum\22b89022c5.jpg,roman_colosseum,real
dataset_real\train\great_wall_of_china\b77a3fc826.jpg,great_wall_of_china,real
dataset_real\train\burj_khalifa\4760aea9e7.jpg,burj_khalifa,real
dataset_real\train\eiffel_tower\73a692b33d.jpg,eiffel_tower,real
dataset_real\train\christ_the_reedemer\fb0e23c75a.jpg,christ_the_reedemer,real
dataset_real\train\chichen_itza\59b69eec94.jpg,chichen_itza,real
dataset_real\train\roman_colosseum\b3c3407259.jpg,roman_colosseum,real
dataset_real\train\christ_the_reedemer\33ec5052cf.jpg,christ_the_reedemer,real
dataset_real\train\christ_the_reedemer\3b7428ec69.jpg,christ_the_reedemer,real
dataset_real\train\burj_khalifa\0005487c0b.jpg,burj_khalifa,real
dataset_real\train\chichen_itza\e7d0960390.jpg,chichen_itza,real
dataset_real\train\chichen_itza\886afd69b5.jpg,chichen_itza,real
dataset_real\train\statue_of_liberty\aa978f932c.jpg,statue_of_liberty,real
dataset_real\train\burj_khalifa\67423bdc7a.jpg,burj_khalifa,real
dataset_real\train\eiffel_tower\92b17d7d47.jpg,eiffel_tower,real
dataset_real\train\eiffel_tower\c242d69058.jpg,eiffel_tower,real
dataset_real\train\statue_of_liberty\8157fee041.jpg,statue_of_liberty,real
dataset_real\train\great_wall_of_china\06ee855d59.jpg,great_wall_of_china,real
dataset_real\train\eiffel_tower\c6b32e0835.jpg,eiffel_tower,real
dataset_real\train\burj_khalifa\c20d1748c5.jpg,burj_khalifa,real
dataset_real\train\burj_khalifa\8243a32f7e.jpg,burj_khalifa,real
dataset_real\train\burj_khalifa\cb8280356b.jpg,burj_khalifa,real
dataset_real\train\great_wall_of_china\335dc2d52e.jpg,great_wall_of_china,real
dataset_real\train\chichen_itza\762c159d47.jpg,chichen_itza,real
dataset_real\train\roman_colosseum\225fcd4e5a.jpg,roman_colosseum,real
dataset_real\train\great_wall_of_china\b866e5005a.jpg,great_wall_of_china,real
dataset_real\train\roman_colosseum\1405d0e88b.jpg,roman_colosseum,real
dataset_real\train\great_wall_of_china\af10103055.jpg,great_wall_of_china,real
dataset_real\train\burj_khalifa\d455e8f765.jpg,burj_khalifa,real
dataset_real\train\burj_khalifa\5347d837b9.jpg,burj_khalifa,real
dataset_real\train\roman_colosseum\84d987d7b4.jpg,roman_colosseum,real
dataset_real\train\roman_colosseum\90ee51cb1a.jpg,roman_colosseum,real
dataset_real\train\statue_of_liberty\26cc9d6ec7.jpg,statue_of_liberty,real
dataset_real\train\roman_colosseum\bf82ae41e1.jpg,roman_colosseum,real
dataset_real\train\roman_colosseum\a635f10ddb.jpg,roman_colosseum,real
dataset_real\train\christ_the_reedemer\210ba74414.jpg,christ_the_reedemer,real
dataset_real\train\eiffel_tower\aa457fd968.jpg,eiffel_tower,real
dataset_real\train\chichen_itza\efc02d7aec.jpg,chichen_itza,real
dataset_real\train\great_wall_of_china\89dbd8d9b4.jpg,great_wall_of_china,real
dataset_real\train\chichen_itza\fb74240f96.jpg,chichen_itza,real
dataset_real\train\christ_the_reedemer\45fcb7ef2d.jpg,christ_the_reedemer,real
dataset_real\train\christ_the_reedemer\6a19038293.jpg,christ_the_reedemer,real
dataset_real\train\great_wall_of_china\20066e8954.jpg,great_wall_of_china,real
dataset_real\train\statue_of_liberty\1aeb838266.jpg,statue_of_liberty,real
dataset_real\train\christ_the_reedemer\03a1d6f79a.jpg,christ_the_reedemer,real
dataset_real\train\great_wall_of_china\dd2515c501.jpg,great_wall_of_china,real
dataset_real\train\burj_khalifa\83508a5138.jpg,burj_khalifa,real
dataset_real\train\statue_of_liberty\67f5c87a9d.jpg,statue_of_liberty,real
dataset_real\train\roman_colosseum\2fb9f1b462.jpg,roman_colosseum,real
dataset_real\train\pyramids_of_giza\131a423ca2.jpg,pyramids_of_giza,real
dataset_real\train\christ_the_reedemer\4e7b01671e.jpg,christ_the_reedemer,real
dataset_real\train\roman_colosseum\d0b9ede882.jpg,roman_colosseum,real
dataset_real\train\burj_khalifa\93ca26fa1b.jpg,burj_khalifa,real
dataset_real\train\eiffel_tower\e4ea62ca0c.jpg,eiffel_tower,real
dataset_real\train\great_wall_of_china\aa929c5d94.jpg,great_wall_of_china,real
dataset_real\train\great_wall_of_china\81844d1ccb.jpg,great_wall_of_china,real
dataset_real\train\great_wall_of_china\28bcb6b53a.jpg,great_wall_of_china,real
dataset_real\train\eiffel_tower\4eb8373b68.jpg,eiffel_tower,real
dataset_real\train\pyramids_of_giza\99e5e6cb69.jpg,pyramids_of_giza,real
dataset_real\train\great_wall_of_china\603b1fe496.jpg,great_wall_of_china,real
dataset_real\train\christ_the_reedemer\61f488a52f.jpg,christ_the_reedemer,real
dataset_real\train\christ_the_reedemer\4c375bb4d8.jpg,christ_the_reedemer,real
dataset_real\train\great_wall_of_china\7a3381181f.jpg,great_wall_of_china,real
dataset_real\train\roman_colosseum\f75399e25d.jpg,roman_colosseum,real
dataset_real\train\eiffel_tower\d34ac2c771.jpg,eiffel_tower,real
dataset_real\train\chichen_itza\89670c9767.jpg,chichen_itza,real
dataset_real\train\christ_the_reedemer\83922f1936.jpg,christ_the_reedemer,real
dataset_real\train\burj_khalifa\2bf04632bc.jpg,burj_khalifa,real
dataset_real\train\eiffel_tower\a046ed5707.jpg,eiffel_tower,real
dataset_real\train\burj_khalifa\a59d2dea08.jpg,burj_khalifa,real
dataset_real\train\roman_colosseum\7b3d52f61d.jpg,roman_colosseum,real
dataset_real\train\great_wall_of_china\819754dbd5.jpg,great_wall_of_china,real
dataset_real\train\great_wall_of_china\1560a00599.jpg,great_wall_of_china,real
dataset_real\train\great_wall_of_china\76e91bd4a2.jpg,great_wall_of_china,real
dataset_real\train\christ_the_reedemer\5e609b9019.jpg,christ_the_reedemer,real
dataset_real\train\pyramids_of_giza\e910be3d96.jpg,pyramids_of_giza,real
dataset_real\train\statue_of_liberty\ce18f27ced.jpg,statue_of_liberty,real
dataset_real\train\christ_the_reedemer\b2b6be0971.jpg,christ_the_reedemer,real
dataset_real\train\eiffel_tower\e742658e17.jpg,eiffel_tower,real
dataset_real\train\pyramids_of_giza\114a211640.jpg,pyramids_of_giza,real
dataset_real\train\great_wall_of_china\1c3c437354.jpg,great_wall_of_china,real
dataset_real\train\chichen_itza\e5df7fa577.jpg,chichen_itza,real
dataset_real\train\statue_of_liberty\33207fe0cf.jpg,statue_of_liberty,real
dataset_real\train\burj_khalifa\23a03674d4.jpg,burj_khalifa,real
dataset_real\train\chichen_itza\7523331910.jpg,chichen_itza,real
dataset_real\train\burj_khalifa\fc9f68a3bd.jpg,burj_khalifa,real
dataset_real\train\pyramids_of_giza\12af36d7ba.jpg,pyramids_of_giza,real
dataset_real\train\burj_khalifa\b1a2328f2f.jpg,burj_khalifa,real
dataset_real\train\great_wall_of_china\a2f63cb709.jpg,great_wall_of_china,real
dataset_real\train\great_wall_of_china\c05cd4b68a.jpg,great_wall_of_china,real
dataset_real\train\roman_colosseum\e5bd8d37f6.jpg,roman_colosseum,real
dataset_real\train\christ_the_reedemer\36f397c38d.jpg,christ_the_reedemer,real
dataset_real\train\roman_colosseum\d3d2b6b861.jpg,roman_colosseum,real
dataset_real\train\great_wall_of_china\cc3b2a53ac.jpg,great_wall_of_china,real
dataset_real\train\statue_of_liberty\5aedfbe705.jpg,statue_of_liberty,real
dataset_real\train\statue_of_liberty\7b382a3975.jpg,statue_of_liberty,real
dataset_real\train\pyramids_of_giza\e94a995908.jpg,pyramids_of_giza,real
dataset_real\train\eiffel_tower\a94881a3c8.jpg,eiffel_tower,real
dataset_real\train\eiffel_tower\e73d7078cc.jpg,eiffel_tower,real
dataset_real\train\chichen_itza\c9906677e1.jpg,chichen_itza,real
dataset_real\train\great_wall_of_china\df705d67b6.jpg,great_wall_of_china,real
dataset_real\train\eiffel_tower\31a99a3151.jpg,eiffel_tower,real
dataset_real\train\pyramids_of_giza\d41b6f983e.jpg,pyramids_of_giza,real
dataset_real\train\burj_khalifa\41ee1bbd47.jpg,burj_khalifa,real
dataset_real\train\chichen_itza\9cb654a471.jpg,chichen_itza,real
dataset_real\train\pyramids_of_giza\4a0f0382ad.jpg,pyramids_of_giza,real
dataset_real\train\eiffel_tower\3b44751ab6.jpg,eiffel_tower,real
dataset_real\train\eiffel_tower\ee1a353f80.jpg,eiffel_tower,real
dataset_real\train\chichen_itza\5e2425e89f.jpg,chichen_itza,real
dataset_real\train\chichen_itza\a61fcc9809.jpg,chichen_itza,real
dataset_real\train\roman_colosseum\1fa54467f7.jpg,roman_colosseum,real
dataset_real\train\chichen_itza\334efed51e.jpg,chichen_itza,real
dataset_real\train\pyramids_of_giza\ef84875f12.jpg,pyramids_of_giza,real
dataset_real\train\burj_khalifa\e36f0bd579.jpg,burj_khalifa,real
dataset_real\train\great_wall_of_china\6072247ce4.jpg,great_wall_of_china,real
dataset_real\train\pyramids_of_giza\e0e101c27c.jpg,pyramids_of_giza,real
dataset_real\train\roman_colosseum\9fe0dba031.jpg,roman_colosseum,real
dataset_real\train\chichen_itza\cdd74da44c.jpg,chichen_itza,real
dataset_real\train\roman_colosseum\b70c45dbd3.jpg,roman_colosseum,real
dataset_real\train\christ_the_reedemer\a111300d9d.jpg,christ_the_reedemer,real
dataset_real\train\christ_the_reedemer\439f31fcaa.jpg,christ_the_reedemer,real
dataset_real\train\statue_of_liberty\01a2593196.jpg,statue_of_liberty,real
dataset_real\train\great_wall_of_china\5b9b29a127.jpg,great_wall_of_china,real
dataset_real\train\roman_colosseum\19cc051d00.jpg,roman_colosseum,real
dataset_real\train\roman_colosseum\e5ff5671c3.jpg,roman_colosseum,real
dataset_real\train\roman_colosseum\51b68cd650.jpg,roman_colosseum,real
dataset_real\train\roman_colosseum\e74be32f9d.jpg,roman_colosseum,real
dataset_real\train\christ_the_reedemer\571c809eae.jpg,christ_the_reedemer,real
dataset_real\train\roman_colosseum\05b6c81f08.jpg,roman_colosseum,real
dataset_real\train\roman_colosseum\6dddbdf127.jpg,roman_colosseum,real
dataset_real\train\chichen_itza\e0150dde0f.jpg,chichen_itza,real
dataset_real\train\pyramids_of_giza\684ef1cf51.jpg,pyramids_of_giza,real
dataset_real\train\eiffel_tower\bff33e66d0.jpg,eiffel_tower,real
dataset_real\train\chichen_itza\858e542a0d.jpg,chichen_itza,real
dataset_real\train\chichen_itza\2530e0fd44.jpg,chichen_itza,real
dataset_real\train\christ_the_reedemer\c2c32dc7a4.jpg,christ_the_reedemer,real
dataset_real\train\christ_the_reedemer\a716bb9f85.jpg,christ_the_reedemer,real
dataset_real\train\statue_of_liberty\e3d89d513a.jpg,statue_of_liberty,real
dataset_real\train\statue_of_liberty\6028d67978.jpg,statue_of_liberty,real
dataset_real\train\christ_the_reedemer\5ae059b7a0.jpg,christ_the_reedemer,real
dataset_real\train\roman_colosseum\4a2705935c.jpg,roman_colosseum,real
dataset_real\train\burj_khalifa\33f0dfe5af.jpg,burj_khalifa,real
dataset_real\train\statue_of_liberty\2b5f97cd90.jpg,statue_of_liberty,real
dataset_real\train\great_wall_of_china\ba7f33bd61.jpg,great_wall_of_china,real
dataset_real\train\eiffel_tower\fb728ec9cb.jpg,eiffel_tower,real
dataset_real\train\great_wall_of_china\c6345746dd.jpg,great_wall_of_china,real
dataset_real\train\burj_khalifa\ccae0e0415.jpg,burj_khalifa,real
dataset_real\train\eiffel_tower\ff2cb84a91.jpg,eiffel_tower,real
dataset_real\train\chichen_itza\d6211fe627.jpg,chichen_itza,real
dataset_real\train\christ_the_reedemer\cc7287ab51.jpg,christ_the_reedemer,real
dataset_real\train\roman_colosseum\774393a495.jpg,roman_colosseum,real
dataset_real\train\roman_colosseum\5066840ecc.jpg,roman_colosseum,real
dataset_real\train\burj_khalifa\834b071a2d.jpg,burj_khalifa,real
dataset_real\train\eiffel_tower\95e4cd720c.jpg,eiffel_tower,real
dataset_real\train\eiffel_tower\9500395ea2.jpg,eiffel_tower,real
dataset_real\train\eiffel_tower\6dc6d42663.jpg,eiffel_tower,real
dataset_real\train\roman_colosseum\99a2ac13a0.jpg,roman_colosseum,real
dataset_real\train\burj_khalifa\5e8dfdd74c.jpg,burj_khalifa,real
dataset_real\train\roman_colosseum\9af1da6bbf.jpg,roman_colosseum,real
dataset_real\train\great_wall_of_china\d26d15c08e.jpg,great_wall_of_china,real
dataset_real\train\great_wall_of_china\c837739262.jpg,great_wall_of_china,real
dataset_real\train\christ_the_reedemer\d20d898886.jpg,christ_the_reedemer,real
dataset_real\train\chichen_itza\66a64136ff.jpg,chichen_itza,real
dataset_real\train\pyramids_of_giza\556275d90f.jpg,pyramids_of_giza,real
dataset_real\train\great_wall_of_china\0c00c2ff24.jpg,great_wall_of_china,real
dataset_real\train\eiffel_tower\e36e0774e1.jpg,eiffel_tower,real
dataset_real\train\chichen_itza\6c096c25a4.jpg,chichen_itza,real
dataset_real\train\great_wall_of_china\30cf40da9c.jpg,great_wall_of_china,real
dataset_real\train\great_wall_of_china\5539ca65a5.jpg,great_wall_of_china,real
dataset_real\train\christ_the_reedemer\4a017e8111.jpg,christ_the_reedemer,real
dataset_real\train\christ_the_reedemer\425ae18366.jpg,christ_the_reedemer,real
dataset_real\train\pyramids_of_giza\89adfc3342.jpg,pyramids_of_giza,real
dataset_real\train\burj_khalifa\2bb2ccff62.jpg,burj_khalifa,real
dataset_real\train\eiffel_tower\c4b10f15f8.jpg,eiffel_tower,real
dataset_real\train\pyramids_of_giza\52f551ccf4.jpg,pyramids_of_giza,real
dataset_real\train\eiffel_tower\f81ad385d2.jpg,eiffel_tower,real
dataset_real\train\burj_khalifa\a9894a8a42.jpg,burj_khalifa,real
dataset_real\train\burj_khalifa\b3041d146f.jpg,burj_khalifa,real
dataset_real\train\statue_of_liberty\d0caf19496.jpg,statue_of_liberty,real
dataset_real\train\chichen_itza\7c57d05a52.jpg,chichen_itza,real
dataset_real\train\christ_the_reedemer\100be00023.jpg,christ_the_reedemer,real
dataset_real\train\chichen_itza\718e8a326e.jpg,chichen_itza,real
dataset_real\train\chichen_itza\ba8aedcc77.jpg,chichen_itza,real
dataset_real\train\pyramids_of_giza\3b3c04439d.jpg,pyramids_of_giza,real
dataset_real\train\pyramids_of_giza\d5d8d00009.jpg,pyramids_of_giza,real
dataset_real\train\statue_of_liberty\7f68ffa2ee.jpg,statue_of_liberty,real
dataset_real\train\chichen_itza\074c7f9999.jpg,chichen_itza,real
dataset_real\train\roman_colosseum\3addd94b74.jpg,roman_colosseum,real
dataset_real\train\chichen_itza\c97cf15a24.jpg,chichen_itza,real
dataset_real\train\eiffel_tower\4498a19509.jpg,eiffel_tower,real
dataset_real\train\chichen_itza\02e66d36ca.jpg,chichen_itza,real
dataset_real\train\chichen_itza\ac85b99e35.jpg,chichen_itza,real
dataset_real\train\statue_of_liberty\78c4b91566.jpg,statue_of_liberty,real
dataset_real\train\pyramids_of_giza\fe76d6be23.jpg,pyramids_of_giza,real
dataset_real\train\roman_colosseum\a9c8d03970.jpg,roman_colosseum,real
dataset_real\train\christ_the_reedemer\c67ff43f6c.jpg,christ_the_reedemer,real
dataset_real\train\christ_the_reedemer\580eebd4fc.jpg,christ_the_reedemer,real
dataset_real\train\eiffel_tower\fb921b596c.jpg,eiffel_tower,real
dataset_real\train\chichen_itza\2929f91f5e.jpg,chichen_itza,real
dataset_real\train\eiffel_tower\b357712d02.jpg,eiffel_tower,real
dataset_real\train\burj_khalifa\e7132245a9.jpg,burj_khalifa,real
dataset_real\train\christ_the_reedemer\8f0e1706d4.jpg,christ_the_reedemer,real
dataset_real\train\christ_the_reedemer\457c97a726.jpg,christ_the_reedemer,real
dataset_real\train\statue_of_liberty\b99b07db39.jpg,statue_of_liberty,real
dataset_real\train\christ_the_reedemer\0e0236c5be.jpg,christ_the_reedemer,real
dataset_real\train\chichen_itza\80bb7f3934.jpg,chichen_itza,real
dataset_real\train\pyramids_of_giza\4ffe0a52c7.jpg,pyramids_of_giza,real
dataset_real\train\burj_khalifa\876f37117d.jpg,burj_khalifa,real
dataset_real\train\great_wall_of_china\61154098a1.jpg,great_wall_of_china,real
dataset_real\train\pyramids_of_giza\72a92043fe.jpg,pyramids_of_giza,real
dataset_real\train\roman_colosseum\e57ee8b2a3.jpg,roman_colosseum,real
dataset_real\train\eiffel_tower\7d4bbcc6de.jpg,eiffel_tower,real
dataset_real\train\great_wall_of_china\8e4f00ffc9.jpg,great_wall_of_china,real
dataset_real\train\pyramids_of_giza\30396c46c7.jpg,pyramids_of_giza,real
dataset_real\train\chichen_itza\58c5d7abbb.jpg,chichen_itza,real
dataset_real\train\christ_the_reedemer\9a4de398b4.jpg,christ_the_reedemer,real
dataset_real\train\burj_khalifa\6d47f76fdc.jpg,burj_khalifa,real
dataset_real\train\pyramids_of_giza\c694dbd026.jpg,pyramids_of_giza,real
dataset_real\train\burj_khalifa\aca7b38030.jpg,burj_khalifa,real
dataset_real\train\pyramids_of_giza\dfc5cf8642.jpg,pyramids_of_giza,real
dataset_real\train\burj_khalifa\851ef360cd.jpg,burj_khalifa,real
dataset_real\train\great_wall_of_china\202f2cf7c5.jpg,great_wall_of_china,real
dataset_real\train\eiffel_tower\3195c24761.jpg,eiffel_tower,real
dataset_real\train\eiffel_tower\7a087786ca.jpg,eiffel_tower,real
dataset_real\train\christ_the_reedemer\31115412c0.jpg,christ_the_reedemer,real
dataset_real\train\chichen_itza\092bf1cec3.jpg,chichen_itza,real
dataset_real\train\great_wall_of_china\9fcab33fff.jpg,great_wall_of_china,real
dataset_real\train\great_wall_of_china\4db2accbbe.jpg,great_wall_of_china,real
dataset_real\train\christ_the_reedemer\515fa4e2ea.jpg,christ_the_reedemer,real
dataset_real\train\eiffel_tower\a535791529.jpg,eiffel_tower,real
dataset_real\train\chichen_itza\182b4ed0d6.jpg,chichen_itza,real
dataset_real\train\great_wall_of_china\e2f47a558d.jpg,great_wall_of_china,real
dataset_real\train\roman_colosseum\b440431a1e.jpg,roman_colosseum,real
dataset_real\train\statue_of_liberty\e56e528c57.jpg,statue_of_liberty,real
dataset_real\train\eiffel_tower\36280135a1.jpg,eiffel_tower,real
dataset_real\train\burj_khalifa\053b092881.jpg,burj_khalifa,real
dataset_real\train\christ_the_reedemer\67218b252f.jpg,christ_the_reedemer,real
dataset_real\train\christ_the_reedemer\c188fb4c7f.jpg,christ_the_reedemer,real
dataset_real\train\roman_colosseum\ac95ae38b3.jpg,roman_colosseum,real
dataset_real\train\roman_colosseum\7b406b1d00.jpg,roman_colosseum,real
dataset_real\train\great_wall_of_china\184e5cf9b3.jpg,great_wall_of_china,real
dataset_real\train\great_wall_of_china\3918282d25.jpg,great_wall_of_china,real
dataset_real\train\eiffel_tower\5eb6d2075c.jpg,eiffel_tower,real
dataset_real\train\christ_the_reedemer\609ff64712.jpg,christ_the_reedemer,real
dataset_real\train\great_wall_of_china\3c9198342e.jpg,great_wall_of_china,real
dataset_real\train\chichen_itza\188af5d8f7.jpg,chichen_itza,real
dataset_real\train\pyramids_of_giza\a530ac7202.jpg,pyramids_of_giza,real
dataset_real\train\roman_colosseum\a21f96d49f.jpg,roman_colosseum,real
dataset_real\train\christ_the_reedemer\851a254199.jpg,christ_the_reedemer,real
dataset_real\train\statue_of_liberty\45bbf96356.jpg,statue_of_liberty,real
dataset_real\train\statue_of_liberty\e34e7e2425.jpg,statue_of_liberty,real
dataset_real\train\great_wall_of_china\97f381c0a2.jpg,great_wall_of_china,real
dataset_real\train\chichen_itza\1e88b4a8c5.jpg,chichen_itza,real
dataset_real\train\pyramids_of_giza\39aa781beb.jpg,pyramids_of_giza,real
dataset_real\train\statue_of_liberty\e273bdbf07.jpg,statue_of_liberty,real
dataset_real\train\christ_the_reedemer\6515f17651.jpg,christ_the_reedemer,real
dataset_real\train\pyramids_of_giza\c9bcf8f142.jpg,pyramids_of_giza,real
dataset_real\train\great_wall_of_china\163dc076ab.jpg,great_wall_of_china,real
dataset_real\train\christ_the_reedemer\63706359ea.jpg,christ_the_reedemer,real
dataset_real\train\roman_colosseum\738a635131.jpg,roman_colosseum,real
dataset_real\train\burj_khalifa\9c1c7613c0.jpg,burj_khalifa,real
dataset_real\train\pyramids_of_giza\e3b6f1201d.jpg,pyramids_of_giza,real
dataset_real\train\burj_khalifa\b617a45810.jpg,burj_khalifa,real
dataset_real\train\pyramids_of_giza\754902aed4.jpg,pyramids_of_giza,real
dataset_real\train\chichen_itza\25a6b3d52e.jpg,chichen_itza,real
dataset_real\train\great_wall_of_china\231781bde0.jpg,great_wall_of_china,real
dataset_real\train\pyramids_of_giza\db0eee3879.jpg,pyramids_of_giza,real
dataset_real\train\roman_colosseum\95b953379d.jpg,roman_colosseum,real
dataset_real\train\christ_the_reedemer\0cf7c33e16.jpg,christ_the_reedemer,real
dataset_real\train\statue_of_liberty\178e13da05.jpg,statue_of_liberty,real
dataset_real\train\statue_of_liberty\29e8199c41.jpg,statue_of_liberty,real
dataset_real\train\roman_colosseum\d015e02962.jpg,roman_colosseum,real
dataset_real\train\pyramids_of_giza\1b2b067415.jpg,pyramids_of_giza,real
dataset_real\train\statue_of_liberty\9a1f6db96a.jpg,statue_of_liberty,real
dataset_real\train\great_wall_of_china\8a42bf036f.jpg,great_wall_of_china,real
dataset_real\train\pyramids_of_giza\6c19388b0e.jpg,pyramids_of_giza,real
dataset_real\train\pyramids_of_giza\8353b14561.jpg,pyramids_of_giza,real
dataset_real\train\burj_khalifa\3963035323.jpg,burj_khalifa,real
dataset_real\train\chichen_itza\cbf09b934c.jpg,chichen_itza,real
dataset_real\train\pyramids_of_giza\85f067dc34.jpg,pyramids_of_giza,real
dataset_real\train\pyramids_of_giza\5bc57c0182.jpg,pyramids_of_giza,real
dataset_real\train\eiffel_tower\7ed19565a7.jpg,eiffel_tower,real
dataset_real\train\roman_colosseum\2f4f37965b.jpg,roman_colosseum,real
dataset_real\train\pyramids_of_giza\be67361827.jpg,pyramids_of_giza,real
dataset_real\train\burj_khalifa\aba23ce155.jpg,burj_khalifa,real
dataset_real\train\chichen_itza\d3c9c67ecb.jpg,chichen_itza,real
dataset_real\train\christ_the_reedemer\62926f692b.jpg,christ_the_reedemer,real
dataset_real\train\eiffel_tower\d60c378d0a.jpg,eiffel_tower,real
dataset_real\train\great_wall_of_china\30fb097819.jpg,great_wall_of_china,real
dataset_real\train\chichen_itza\66158bf4d4.jpg,chichen_itza,real
dataset_real\train\pyramids_of_giza\f59c392c70.jpg,pyramids_of_giza,real
dataset_real\train\eiffel_tower\6d58833ab9.jpg,eiffel_tower,real
dataset_real\train\eiffel_tower\17323c1092.jpg,eiffel_tower,real
dataset_real\train\great_wall_of_china\3cbdc66bb6.jpg,great_wall_of_china,real
dataset_real\train\chichen_itza\97767e703b.jpg,chichen_itza,real
dataset_real\train\burj_khalifa\61b6d2a58a.jpg,burj_khalifa,real
dataset_real\train\great_wall_of_china\1393233ecd.jpg,great_wall_of_china,real
dataset_real\train\christ_the_reedemer\69b19d521b.jpg,christ_the_reedemer,real
dataset_real\train\pyramids_of_giza\1518293699.jpg,pyramids_of_giza,real
dataset_real\train\great_wall_of_china\b09f73025e.jpg,great_wall_of_china,real
dataset_real\train\great_wall_of_china\2e76626e1b.jpg,great_wall_of_china,real
dataset_real\train\statue_of_liberty\d160152d85.jpg,statue_of_liberty,real
dataset_real\train\christ_the_reedemer\22b69a9145.jpg,christ_the_reedemer,real
dataset_real\train\roman_colosseum\d42725b264.jpg,roman_colosseum,real
dataset_real\train\statue_of_liberty\fcfca413f1.jpg,statue_of_liberty,real
dataset_real\train\burj_khalifa\90a4305c6e.jpg,burj_khalifa,real
dataset_real\train\christ_the_reedemer\f50290d940.jpg,christ_the_reedemer,real
dataset_real\train\chichen_itza\acab3cb8dd.jpg,chichen_itza,real
dataset_real\train\chichen_itza\8adf6f6c8d.jpg,chichen_itza,real
dataset_real\train\burj_khalifa\e866f8a83d.jpg,burj_khalifa,real
dataset_real\train\burj_khalifa\dfca739e93.jpg,burj_khalifa,real
dataset_real\train\roman_colosseum\b7e52dd1c6.jpg,roman_colosseum,real
dataset_real\train\great_wall_of_china\5149550220.jpg,great_wall_of_china,real
dataset_real\train\statue_of_liberty\9a00e4033e.jpg,statue_of_liberty,real
dataset_real\train\burj_khalifa\f8f7f27cdd.jpg,burj_khalifa,real
dataset_real\train\burj_khalifa\01f75e9545.jpg,burj_khalifa,real
dataset_real\train\statue_of_liberty\f5bca46408.jpg,statue_of_liberty,real
dataset_real\train\great_wall_of_china\a0abbf10e2.jpg,great_wall_of_china,real
dataset_real\train\christ_the_reedemer\324aee0832.jpg,christ_the_reedemer,real
dataset_real\train\pyramids_of_giza\8ca2e8ea16.jpg,pyramids_of_giza,real
dataset_real\train\burj_khalifa\fb0de86583.jpg,burj_khalifa,real
dataset_real\train\pyramids_of_giza\2caaad1701.jpg,pyramids_of_giza,real
dataset_real\train\eiffel_tower\68b544dbfd.jpg,eiffel_tower,real
dataset_real\train\christ_the_reedemer\56febc0887.jpg,christ_the_reedemer,real
dataset_real\train\christ_the_reedemer\cb3a4e981b.jpg,christ_the_reedemer,real
dataset_real\train\roman_colosseum\45524c7733.jpg,roman_colosseum,real
dataset_real\train\chichen_itza\46562d1e87.jpg,chichen_itza,real
dataset_real\train\burj_khalifa\6642cd4968.jpg,burj_khalifa,real
dataset_real\train\chichen_itza\3fd9717053.jpg,chichen_itza,real
dataset_real\train\eiffel_tower\832dd88e03.jpg,eiffel_tower,real
dataset_real\train\pyramids_of_giza\a2a0be44a4.jpg,pyramids_of_giza,real
dataset_real\train\burj_khalifa\a89fe71fee.jpg,burj_khalifa,real
dataset_real\train\roman_colosseum\b83bf20d90.jpg,roman_colosseum,real
dataset_real\train\burj_khalifa\dab5bf98d7.jpg,burj_khalifa,real
dataset_real\train\christ_the_reedemer\83467a6646.jpg,christ_the_reedemer,real
dataset_real\train\christ_the_reedemer\6df17e0331.jpg,christ_the_reedemer,real
dataset_real\train\roman_colosseum\babe550a2b.jpg,roman_colosseum,real
dataset_real\train\christ_the_reedemer\39f3f7063f.jpg,christ_the_reedemer,real
dataset_real\train\great_wall_of_china\845b24e83e.jpg,great_wall_of_china,real
dataset_real\train\pyramids_of_giza\3b5ff3f28d.jpg,pyramids_of_giza,real
dataset_real\train\roman_colosseum\a902bfb110.jpg,roman_colosseum,real
dataset_real\train\great_wall_of_china\1c37035bff.jpg,great_wall_of_china,real
dataset_real\train\pyramids_of_giza\5c5ababc66.jpg,pyramids_of_giza,real
dataset_real\train\pyramids_of_giza\a9046860a5.jpg,pyramids_of_giza,real
dataset_real\train\eiffel_tower\8d753ed5c9.jpg,eiffel_tower,real
dataset_real\train\eiffel_tower\3fad3a8e5a.jpg,eiffel_tower,real
dataset_real\train\eiffel_tower\b70ded6f6b.jpg,eiffel_tower,real
dataset_real\train\eiffel_tower\795f26f60c.jpg,eiffel_tower,real
dataset_real\train\chichen_itza\1989793613.jpg,chichen_itza,real
dataset_real\train\christ_the_reedemer\a56800b488.jpg,christ_the_reedemer,real
dataset_real\train\great_wall_of_china\8a62b87c5c.jpg,great_wall_of_china,real
dataset_real\train\chichen_itza\fa2f1b5339.jpg,chichen_itza,real
dataset_real\train\great_wall_of_china\2d8af13afa.jpg,great_wall_of_china,real
dataset_real\train\roman_colosseum\7c2111547d.jpg,roman_colosseum,real
dataset_real\train\great_wall_of_china\490cfa8ff9.jpg,great_wall_of_china,real
dataset_real\train\eiffel_tower\439d5f4581.jpg,eiffel_tower,real
dataset_real\train\eiffel_tower\18640ca306.jpg,eiffel_tower,real
dataset_real\train\chichen_itza\de7192be53.jpg,chichen_itza,real
dataset_real\train\chichen_itza\f3cb6662e5.jpg,chichen_itza,real
dataset_real\train\great_wall_of_china\7294870974.jpg,great_wall_of_china,real
dataset_real\train\roman_colosseum\64f8342430.jpg,roman_colosseum,real
dataset_real\train\eiffel_tower\404c5c0be6.jpg,eiffel_tower,real
dataset_real\train\chichen_itza\cbc0896021.jpg,chichen_itza,real
dataset_real\train\burj_khalifa\a3662fa504.jpg,burj_khalifa,real
dataset_real\train\pyramids_of_giza\a7de3d15cb.jpg,pyramids_of_giza,real
dataset_real\train\christ_the_reedemer\74fc726154.jpg,christ_the_reedemer,real
dataset_real\train\christ_the_reedemer\5e8e2fc6f5.jpg,christ_the_reedemer,real
dataset_real\train\great_wall_of_china\0309f8674f.jpg,great_wall_of_china,real
dataset_real\train\statue_of_liberty\291fcbedfc.jpg,statue_of_liberty,real
dataset_real\train\great_wall_of_china\45584d4fa5.jpg,great_wall_of_china,real
dataset_real\train\statue_of_liberty\2dbbcdd0ee.jpg,statue_of_liberty,real
dataset_real\train\pyramids_of_giza\19ac6cfb83.jpg,pyramids_of_giza,real
dataset_real\train\eiffel_tower\69627fd85b.jpg,eiffel_tower,real
dataset_real\train\burj_khalifa\2f175481b3.jpg,burj_khalifa,real
dataset_real\train\pyramids_of_giza\c54ada7336.jpg,pyramids_of_giza,real
dataset_real\train\great_wall_of_china\4f587d7ff1.jpg,great_wall_of_china,real
dataset_real\train\burj_khalifa\b1bcfdd342.jpg,burj_khalifa,real
dataset_real\train\statue_of_liberty\85afc8e23a.jpg,statue_of_liberty,real
dataset_real\train\chichen_itza\265314296c.jpg,chichen_itza,real
dataset_real\train\chichen_itza\102255bcf6.jpg,chichen_itza,real
dataset_real\train\christ_the_reedemer\db124fa59d.jpg,christ_the_reedemer,real
dataset_real\train\statue_of_liberty\31c0874c70.jpg,statue_of_liberty,real
dataset_real\train\great_wall_of_china\19e8c68ed8.jpg,great_wall_of_china,real
dataset_real\train\pyramids_of_giza\2acbe12fd8.jpg,pyramids_of_giza,real
dataset_real\train\burj_khalifa\c69277f391.jpg,burj_khalifa,real
dataset_real\train\chichen_itza\4ffa5f8334.jpg,chichen_itza,real
dataset_real\train\eiffel_tower\e207fa3115.jpg,eiffel_tower,real
dataset_real\train\chichen_itza\d4054a7c3b.jpg,chichen_itza,real
dataset_real\train\pyramids_of_giza\7a1eb070f1.jpg,pyramids_of_giza,real
dataset_real\train\eiffel_tower\e49df1fc55.jpg,eiffel_tower,real
dataset_real\train\burj_khalifa\208f7bd86a.jpg,burj_khalifa,real
dataset_real\train\great_wall_of_china\c1122eb84b.jpg,great_wall_of_china,real
dataset_real\train\great_wall_of_china\d0db2f30e5.jpg,great_wall_of_china,real
dataset_real\train\great_wall_of_china\6a6d84b7de.jpg,great_wall_of_china,real
dataset_real\train\christ_the_reedemer\f362c1df68.jpg,christ_the_reedemer,real
dataset_real\train\statue_of_liberty\7b92ae8b7d.jpg,statue_of_liberty,real
dataset_real\train\pyramids_of_giza\f874494bc8.jpg,pyramids_of_giza,real
dataset_real\train\chichen_itza\65e134bbe7.jpg,chichen_itza,real
dataset_real\train\eiffel_tower\350a5ec75f.jpg,eiffel_tower,real
dataset_real\train\eiffel_tower\5bf0ec8641.jpg,eiffel_tower,real
dataset_real\train\great_wall_of_china\54cc92b39b.jpg,great_wall_of_china,real
dataset_real\train\statue_of_liberty\a1f6376f28.jpg,statue_of_liberty,real
dataset_real\train\christ_the_reedemer\df41733056.jpg,christ_the_reedemer,real
dataset_real\train\eiffel_tower\1b9753fb06.jpg,eiffel_tower,real
dataset_real\train\eiffel_tower\27b526287e.jpg,eiffel_tower,real
dataset_real\train\statue_of_liberty\0794c6e62f.jpg,statue_of_liberty,real
dataset_real\train\roman_colosseum\02b78f8bd5.jpg,roman_colosseum,real
dataset_real\train\great_wall_of_china\0859cceb85.jpg,great_wall_of_china,real
dataset_real\train\burj_khalifa\84c1a14745.jpg,burj_khalifa,real
dataset_real\train\eiffel_tower\f96c7b2c95.jpg,eiffel_tower,real
dataset_real\train\great_wall_of_china\ae5c72a45e.jpg,great_wall_of_china,real
dataset_real\train\burj_khalifa\bdc36c7212.jpg,burj_khalifa,real
dataset_real\train\pyramids_of_giza\37c2fe697b.jpg,pyramids_of_giza,real
dataset_real\train\pyramids_of_giza\871563cfc0.jpg,pyramids_of_giza,real
dataset_real\train\statue_of_liberty\537fcd3350.jpg,statue_of_liberty,real
dataset_real\train\burj_khalifa\b17fbfe5d4.jpg,burj_khalifa,real
dataset_real\train\eiffel_tower\6dc85d1a13.jpg,eiffel_tower,real
dataset_real\train\eiffel_tower\053dbbfc98.jpg,eiffel_tower,real
dataset_real\train\burj_khalifa\c775cba119.jpg,burj_khalifa,real
dataset_real\train\great_wall_of_china\f7e3feb0c5.jpg,great_wall_of_china,real
dataset_real\train\great_wall_of_china\0ac0152353.jpg,great_wall_of_china,real
dataset_real\train\eiffel_tower\cb79c1db9e.jpg,eiffel_tower,real
dataset_real\train\chichen_itza\d17ddfd954.jpg,chichen_itza,real
dataset_real\train\burj_khalifa\e9b9a20250.jpg,burj_khalifa,real
dataset_real\train\great_wall_of_china\2726da7f5e.jpg,great_wall_of_china,real
dataset_real\train\statue_of_liberty\a7c279482b.jpg,statue_of_liberty,real
dataset_real\train\eiffel_tower\0a9e227ca7.jpg,eiffel_tower,real
dataset_real\train\pyramids_of_giza\60cd6274d4.jpg,pyramids_of_giza,real
dataset_real\train\eiffel_tower\0c157ad222.jpg,eiffel_tower,real
dataset_real\train\eiffel_tower\9f058b14f4.jpg,eiffel_tower,real
dataset_real\train\chichen_itza\84d6c1a7fd.jpg,chichen_itza,real
dataset_real\train\burj_khalifa\a0737c4eec.jpg,burj_khalifa,real
dataset_real\train\pyramids_of_giza\7190af1258.jpg,pyramids_of_giza,real
dataset_real\train\burj_khalifa\f6c97547a7.jpg,burj_khalifa,real
dataset_real\train\christ_the_reedemer\df0cf59154.jpg,christ_the_reedemer,real
dataset_real\train\christ_the_reedemer\1625b6a023.jpg,christ_the_reedemer,real
dataset_real\train\chichen_itza\608d93d5c2.jpg,chichen_itza,real
dataset_real\train\burj_khalifa\d002416c64.jpg,burj_khalifa,real
dataset_real\train\pyramids_of_giza\05b68cee55.jpg,pyramids_of_giza,real
dataset_real\train\roman_colosseum\5e96733faa.jpg,roman_colosseum,real
dataset_real\train\eiffel_tower\6bfda71059.jpg,eiffel_tower,real
dataset_real\train\christ_the_reedemer\31a69a5597.jpg,christ_the_reedemer,real
dataset_real\train\roman_colosseum\f18cec8bd1.jpg,roman_colosseum,real
dataset_real\train\pyramids_of_giza\eb3afebf04.jpg,pyramids_of_giza,real
dataset_real\train\chichen_itza\d08aeef861.jpg,chichen_itza,real
dataset_real\train\pyramids_of_giza\1118710a8e.jpg,pyramids_of_giza,real
dataset_real\train\eiffel_tower\7219545b14.jpg,eiffel_tower,real
dataset_real\train\statue_of_liberty\5183c0ab2c.jpg,statue_of_liberty,real
dataset_real\train\great_wall_of_china\1076938ea2.jpg,great_wall_of_china,real
dataset_real\train\statue_of_liberty\71fd561a87.jpg,statue_of_liberty,real
dataset_real\train\great_wall_of_china\80087c6e6d.jpg,great_wall_of_china,real
dataset_real\train\burj_khalifa\929d1904af.jpg,burj_khalifa,real
dataset_real\train\great_wall_of_china\cdf16e2879.jpg,great_wall_of_china,real
dataset_real\train\pyramids_of_giza\0e23030f49.jpg,pyramids_of_giza,real
dataset_real\train\chichen_itza\efa20eeb1b.jpg,chichen_itza,real
dataset_real\train\chichen_itza\646408c7b0.jpg,chichen_itza,real
dataset_real\train\pyramids_of_giza\b5c735cae1.jpg,pyramids_of_giza,real
dataset_real\train\eiffel_tower\9e7a10af0f.jpg,eiffel_tower,real
dataset_real\train\pyramids_of_giza\5683d64a42.jpg,pyramids_of_giza,real
dataset_real\train\eiffel_tower\d542f029d2.jpg,eiffel_tower,real
dataset_real\train\chichen_itza\c6a1598d04.jpg,chichen_itza,real
dataset_real\train\burj_khalifa\f733e6161a.jpg,burj_khalifa,real
dataset_real\train\christ_the_reedemer\4dcddcda09.jpg,christ_the_reedemer,real
dataset_real\train\roman_colosseum\273fa2f4e3.jpg,roman_colosseum,real
dataset_real\train\pyramids_of_giza\093af282b3.jpg,pyramids_of_giza,real
dataset_real\train\pyramids_of_giza\b25364bc4d.jpg,pyramids_of_giza,real
dataset_real\train\pyramids_of_giza\dfe6213a47.jpg,pyramids_of_giza,real
dataset_real\train\great_wall_of_china\e225c36217.jpg,great_wall_of_china,real
dataset_real\train\great_wall_of_china\a6dc1083cc.jpg,great_wall_of_china,real
dataset_real\train\great_wall_of_china\e8a727d55e.jpg,great_wall_of_china,real
dataset_real\train\christ_the_reedemer\18fcb3b69c.jpg,christ_the_reedemer,real
dataset_real\train\pyramids_of_giza\01a3ada063.jpg,pyramids_of_giza,real
dataset_real\train\chichen_itza\a83e19aabb.jpg,chichen_itza,real
dataset_real\train\chichen_itza\2f7ba05373.jpg,chichen_itza,real
dataset_real\train\chichen_itza\8e198f0118.jpg,chichen_itza,real
dataset_real\train\burj_khalifa\0584420541.jpg,burj_khalifa,real
dataset_real\train\chichen_itza\b3e967b6ae.jpg,chichen_itza,real
dataset_real\train\roman_colosseum\edd040515b.jpg,roman_colosseum,real
dataset_real\train\burj_khalifa\4993e9d4e6.jpg,burj_khalifa,real
dataset_real\train\roman_colosseum\9b87f21650.jpg,roman_colosseum,real
dataset_real\train\roman_colosseum\57dcb62cd5.jpg,roman_colosseum,real
dataset_real\train\statue_of_liberty\989b361e0f.jpg,statue_of_liberty,real
dataset_real\train\roman_colosseum\d01992be1b.jpg,roman_colosseum,real
dataset_real\train\great_wall_of_china\af51e8d08c.jpg,great_wall_of_china,real
dataset_real\train\great_wall_of_china\752f265d72.jpg,great_wall_of_china,real
dataset_real\train\burj_khalifa\563b718da6.jpg,burj_khalifa,real
dataset_real\train\burj_khalifa\4a21c706b3.jpg,burj_khalifa,real
dataset_real\train\roman_colosseum\71f6b585f9.jpg,roman_colosseum,real
dataset_real\train\burj_khalifa\8bd6df5e9f.jpg,burj_khalifa,real
dataset_real\train\christ_the_reedemer\d5dc2e3c26.jpg,christ_the_reedemer,real
dataset_real\train\great_wall_of_china\81246ed24c.jpg,great_wall_of_china,real
dataset_real\train\chichen_itza\cca15cb57e.jpg,chichen_itza,real
dataset_real\train\great_wall_of_china\4eef28abe6.jpg,great_wall_of_china,real
dataset_real\train\roman_colosseum\8d86312a3b.jpg,roman_colosseum,real
dataset_real\train\eiffel_tower\2f4a069d27.jpg,eiffel_tower,real
dataset_real\train\eiffel_tower\e4df377c48.jpg,eiffel_tower,real
dataset_real\train\great_wall_of_china\c3814216a7.jpg,great_wall_of_china,real
dataset_real\train\statue_of_liberty\6392a2cfbc.jpg,statue_of_liberty,real
dataset_real\train\roman_colosseum\1c521d546e.jpg,roman_colosseum,real
dataset_real\train\statue_of_liberty\cddc1a1f11.jpg,statue_of_liberty,real
dataset_real\train\statue_of_liberty\e8da35c40e.jpg,statue_of_liberty,real
dataset_real\train\eiffel_tower\c80910ae49.jpg,eiffel_tower,real
dataset_real\train\pyramids_of_giza\4b2f1a617b.jpg,pyramids_of_giza,real
dataset_real\train\roman_colosseum\05249af07b.jpg,roman_colosseum,real
dataset_real\train\roman_colosseum\28da08379b.jpg,roman_colosseum,real
dataset_real\train\statue_of_liberty\4fa5fda450.jpg,statue_of_liberty,real
dataset_real\train\great_wall_of_china\aface0f3b2.jpg,great_wall_of_china,real
dataset_real\train\christ_the_reedemer\5b0a839a57.jpg,christ_the_reedemer,real
dataset_real\train\statue_of_liberty\53a56a5229.jpg,statue_of_liberty,real
dataset_real\train\chichen_itza\4cfc94e3d3.jpg,chichen_itza,real
dataset_real\train\chichen_itza\7f3fa3cc30.jpg,chichen_itza,real
dataset_real\train\roman_colosseum\03ce48b8dd.jpg,roman_colosseum,real
dataset_real\train\statue_of_liberty\a99c32b645.jpg,statue_of_liberty,real
dataset_real\train\great_wall_of_china\315db234b0.jpg,great_wall_of_china,real
dataset_real\train\roman_colosseum\e3276474d3.jpg,roman_colosseum,real
dataset_real\train\burj_khalifa\6d0cac7e48.jpg,burj_khalifa,real
dataset_real\train\chichen_itza\89717eb77c.jpg,chichen_itza,real
dataset_real\train\pyramids_of_giza\aa9820327a.jpg,pyramids_of_giza,real
dataset_real\train\eiffel_tower\613738eb7b.jpg,eiffel_tower,real
dataset_real\train\burj_khalifa\124b6d2856.jpg,burj_khalifa,real
dataset_real\train\eiffel_tower\e01a64748e.jpg,eiffel_tower,real
dataset_real\train\burj_khalifa\0fd307e2fe.jpg,burj_khalifa,real
dataset_real\train\great_wall_of_china\a9079de918.jpg,great_wall_of_china,real
dataset_real\train\eiffel_tower\ec75764eb4.jpg,eiffel_tower,real
dataset_real\train\pyramids_of_giza\7579a0f0f9.jpg,pyramids_of_giza,real
dataset_real\train\christ_the_reedemer\f83a4dad42.jpg,christ_the_reedemer,real
dataset_real\train\christ_the_reedemer\07c4bd3759.jpg,christ_the_reedemer,real
dataset_real\train\statue_of_liberty\c3e6d12c86.jpg,statue_of_liberty,real
dataset_real\train\eiffel_tower\613a42aa99.jpg,eiffel_tower,real
dataset_real\train\chichen_itza\de9bada65c.jpg,chichen_itza,real
dataset_real\train\christ_the_reedemer\639c5f57fb.jpg,christ_the_reedemer,real
dataset_real\train\roman_colosseum\1d9f847eff.jpg,roman_colosseum,real
dataset_real\train\roman_colosseum\ef1173b970.jpg,roman_colosseum,real
dataset_real\train\burj_khalifa\4bfa94cffd.jpg,burj_khalifa,real
dataset_real\train\pyramids_of_giza\929f3cc3ed.jpg,pyramids_of_giza,real
dataset_real\train\great_wall_of_china\61aa4144a4.jpg,great_wall_of_china,real
dataset_real\train\christ_the_reedemer\bac01cdab7.jpg,christ_the_reedemer,real
dataset_real\train\christ_the_reedemer\21b9937532.jpg,christ_the_reedemer,real
dataset_real\train\great_wall_of_china\aec63bb32d.jpg,great_wall_of_china,real
dataset_real\train\christ_the_reedemer\b91bf5165f.jpg,christ_the_reedemer,real
dataset_real\train\chichen_itza\c6345f9ee3.jpg,chichen_itza,real
dataset_real\train\great_wall_of_china\86115457bb.jpg,great_wall_of_china,real
dataset_real\train\eiffel_tower\a725e8440b.jpg,eiffel_tower,real
dataset_real\train\pyramids_of_giza\fc2e8ba676.jpg,pyramids_of_giza,real
dataset_real\train\pyramids_of_giza\8df046ce81.jpg,pyramids_of_giza,real
dataset_real\train\pyramids_of_giza\bc27e1f60f.jpg,pyramids_of_giza,real
dataset_real\train\chichen_itza\eebe634d70.jpg,chichen_itza,real
dataset_real\train\great_wall_of_china\3d144987c7.jpg,great_wall_of_china,real
dataset_real\train\eiffel_tower\f00150af81.jpg,eiffel_tower,real
dataset_real\train\great_wall_of_china\d287f4e145.jpg,great_wall_of_china,real
dataset_real\train\burj_khalifa\b26202a4ec.jpg,burj_khalifa,real
dataset_real\train\christ_the_reedemer\774632e09f.jpg,christ_the_reedemer,real
dataset_real\train\great_wall_of_china\41e7f47c74.jpg,great_wall_of_china,real
dataset_real\train\roman_colosseum\9a75a6f12d.jpg,roman_colosseum,real
dataset_real\train\burj_khalifa\4c290d10e5.jpg,burj_khalifa,real
dataset_real\train\eiffel_tower\6cfe909b12.jpg,eiffel_tower,real
dataset_real\train\eiffel_tower\e581742e65.jpg,eiffel_tower,real
dataset_real\train\roman_colosseum\73f1789883.jpg,roman_colosseum,real
dataset_real\train\christ_the_reedemer\8546f56928.jpg,christ_the_reedemer,real
dataset_real\train\pyramids_of_giza\f2c836242e.jpg,pyramids_of_giza,real
dataset_real\train\eiffel_tower\99869360b3.jpg,eiffel_tower,real
dataset_real\train\chichen_itza\32bca01d7a.jpg,chichen_itza,real
dataset_real\train\roman_colosseum\365fa20052.jpg,roman_colosseum,real
dataset_real\train\burj_khalifa\449f17a1a5.jpg,burj_khalifa,real
dataset_real\train\chichen_itza\f171673afd.jpg,chichen_itza,real
dataset_real\train\christ_the_reedemer\1acf33bd82.jpg,christ_the_reedemer,real
dataset_real\train\chichen_itza\0815e950f9.jpg,chichen_itza,real
dataset_real\train\burj_khalifa\f32fbeb896.jpg,burj_khalifa,real
dataset_real\train\chichen_itza\89ef335542.jpg,chichen_itza,real
dataset_real\train\eiffel_tower\e573e4b976.jpg,eiffel_tower,real
dataset_real\train\pyramids_of_giza\448d0816a5.jpg,pyramids_of_giza,real
dataset_real\train\chichen_itza\762124a1bc.jpg,chichen_itza,real
dataset_real\train\burj_khalifa\2fa5e9103f.jpg,burj_khalifa,real
dataset_real\train\pyramids_of_giza\b29838f7c2.jpg,pyramids_of_giza,real
dataset_real\train\eiffel_tower\b7950fd135.jpg,eiffel_tower,real
dataset_real\train\pyramids_of_giza\951848a995.jpg,pyramids_of_giza,real
dataset_real\train\pyramids_of_giza\219ce83c90.jpg,pyramids_of_giza,real
dataset_real\train\burj_khalifa\020f2c752c.jpg,burj_khalifa,real
dataset_real\train\roman_colosseum\f856f39931.jpg,roman_colosseum,real
dataset_real\train\roman_colosseum\6203523e85.jpg,roman_colosseum,real
dataset_real\train\great_wall_of_china\d265a59fa4.jpg,great_wall_of_china,real
dataset_real\train\chichen_itza\e27599a7fd.jpg,chichen_itza,real
dataset_real\train\roman_colosseum\a519fdb9ff.jpg,roman_colosseum,real
dataset_real\train\statue_of_liberty\f66a13e393.jpg,statue_of_liberty,real
dataset_real\train\burj_khalifa\9bc46b05fc.jpg,burj_khalifa,real
dataset_real\train\roman_colosseum\d55e9a7d63.jpg,roman_colosseum,real
dataset_real\train\statue_of_liberty\f58ebb544c.jpg,statue_of_liberty,real
dataset_real\train\chichen_itza\bb3f6d65c2.jpg,chichen_itza,real
dataset_real\train\great_wall_of_china\7b95db879e.jpg,great_wall_of_china,real
dataset_real\train\great_wall_of_china\dffabd21f0.jpg,great_wall_of_china,real
dataset_real\train\statue_of_liberty\87876e5977.jpg,statue_of_liberty,real
dataset_real\train\chichen_itza\e42899ba36.jpg,chichen_itza,real
dataset_real\train\great_wall_of_china\188adbaa13.jpg,great_wall_of_china,real
dataset_real\train\burj_khalifa\e0022a596e.jpg,burj_khalifa,real
dataset_real\train\eiffel_tower\739eaea0a2.jpg,eiffel_tower,real
dataset_real\train\christ_the_reedemer\4357930c7a.jpg,christ_the_reedemer,real
dataset_real\train\christ_the_reedemer\bf1ce82755.jpg,christ_the_reedemer,real
dataset_real\train\burj_khalifa\a8984dabd1.jpg,burj_khalifa,real
dataset_real\train\eiffel_tower\5f213e2db5.jpg,eiffel_tower,real
dataset_real\train\statue_of_liberty\758282cf51.jpg,statue_of_liberty,real
dataset_real\train\eiffel_tower\ef39d605ed.jpg,eiffel_tower,real
dataset_real\train\burj_khalifa\1461ce3074.jpg,burj_khalifa,real
dataset_real\train\roman_colosseum\c67f596932.jpg,roman_colosseum,real
dataset_real\train\pyramids_of_giza\3acb0d0427.jpg,pyramids_of_giza,real
dataset_real\train\great_wall_of_china\618c74d8a3.jpg,great_wall_of_china,real
dataset_real\train\pyramids_of_giza\4c79cd4b77.jpg,pyramids_of_giza,real
dataset_real\train\chichen_itza\59a9abb96b.jpg,chichen_itza,real
dataset_real\train\christ_the_reedemer\c382751b09.jpg,christ_the_reedemer,real
dataset_real\train\christ_the_reedemer\b12d4ac951.jpg,christ_the_reedemer,real
dataset_real\train\chichen_itza\f0098cbeaf.jpg,chichen_itza,real
dataset_real\train\roman_colosseum\193ca680ae.jpg,roman_colosseum,real
dataset_real\train\great_wall_of_china\3a5db412fb.jpg,great_wall_of_china,real
dataset_real\train\eiffel_tower\41563e01dc.jpg,eiffel_tower,real
dataset_real\train\eiffel_tower\3b94b960f5.jpg,eiffel_tower,real
dataset_real\train\eiffel_tower\4bcdd55ed5.jpg,eiffel_tower,real
dataset_real\train\chichen_itza\9ae954c240.jpg,chichen_itza,real
dataset_real\train\pyramids_of_giza\9a0e1710bd.jpg,pyramids_of_giza,real
dataset_real\train\burj_khalifa\4ba4acc518.jpg,burj_khalifa,real
dataset_real\train\statue_of_liberty\63b1c9dd7f.jpg,statue_of_liberty,real
dataset_real\train\statue_of_liberty\36dc4dda9b.jpg,statue_of_liberty,real
dataset_real\train\statue_of_liberty\318762fd2e.jpg,statue_of_liberty,real
dataset_real\train\christ_the_reedemer\3d78346aa8.jpg,christ_the_reedemer,real
dataset_real\train\great_wall_of_china\5e0837b52e.jpg,great_wall_of_china,real
dataset_real\train\great_wall_of_china\31abb6f27e.jpg,great_wall_of_china,real
dataset_real\train\pyramids_of_giza\f9df5357ee.jpg,pyramids_of_giza,real
dataset_real\train\roman_colosseum\4d9ea3e5a1.jpg,roman_colosseum,real
dataset_real\train\great_wall_of_china\2c3ba076dc.jpg,great_wall_of_china,real
dataset_real\train\eiffel_tower\0a3362b2c7.jpg,eiffel_tower,real
dataset_real\train\burj_khalifa\ab0fc9bd4b.jpg,burj_khalifa,real
dataset_real\train\burj_khalifa\82b59a21cc.jpg,burj_khalifa,real
dataset_real\train\pyramids_of_giza\0fdf496d65.jpg,pyramids_of_giza,real
dataset_real\train\burj_khalifa\d21d8fd2e3.jpg,burj_khalifa,real
dataset_real\train\roman_colosseum\62e5631490.jpg,roman_colosseum,real
dataset_real\train\pyramids_of_giza\d8c4808593.jpg,pyramids_of_giza,real
dataset_real\train\chichen_itza\6532050dd3.jpg,chichen_itza,real
dataset_real\train\chichen_itza\909e4747d3.jpg,chichen_itza,real
dataset_real\train\eiffel_tower\2c24cdbd80.jpg,eiffel_tower,real
dataset_real\train\burj_khalifa\9481e8c7e6.jpg,burj_khalifa,real
dataset_real\train\pyramids_of_giza\42e1b72f53.jpg,pyramids_of_giza,real
dataset_real\train\chichen_itza\21adc62f13.jpg,chichen_itza,real
dataset_real\train\burj_khalifa\18d0e3276e.jpg,burj_khalifa,real
dataset_real\train\roman_colosseum\98d4ba8541.jpg,roman_colosseum,real
dataset_real\train\roman_colosseum\f88d168fb8.jpg,roman_colosseum,real
dataset_real\train\chichen_itza\a25aa203b5.jpg,chichen_itza,real
dataset_real\train\statue_of_liberty\88e92b850c.jpg,statue_of_liberty,real
dataset_real\train\eiffel_tower\772c4e8d83.jpg,eiffel_tower,real
dataset_real\train\roman_colosseum\1423c270d0.jpg,roman_colosseum,real
dataset_real\train\christ_the_reedemer\7738d132ca.jpg,christ_the_reedemer,real
dataset_real\train\statue_of_liberty\f4501075aa.jpg,statue_of_liberty,real
dataset_real\train\christ_the_reedemer\6d8a037055.jpg,christ_the_reedemer,real
dataset_real\train\roman_colosseum\dd3c65db96.jpg,roman_colosseum,real
dataset_real\train\eiffel_tower\a1e1d6fc88.jpg,eiffel_tower,real
dataset_real\train\eiffel_tower\d95cde2cce.jpg,eiffel_tower,real
dataset_real\train\roman_colosseum\8d7200569d.jpg,roman_colosseum,real
dataset_real\train\pyramids_of_giza\7445a6e2d7.jpg,pyramids_of_giza,real
dataset_real\train\great_wall_of_china\a41cf0740a.jpg,great_wall_of_china,real
dataset_real\train\burj_khalifa\1d33e68a48.jpg,burj_khalifa,real
dataset_real\train\christ_the_reedemer\f4580fd624.jpg,christ_the_reedemer,real
dataset_real\train\pyramids_of_giza\1dcae08391.jpg,pyramids_of_giza,real
dataset_real\train\chichen_itza\aaf568acf9.jpg,chichen_itza,real
dataset_real\train\eiffel_tower\5b7d0d7ace.jpg,eiffel_tower,real
dataset_real\train\great_wall_of_china\9ed00bd82a.jpg,great_wall_of_china,real
dataset_real\train\pyramids_of_giza\6d38e05d43.jpg,pyramids_of_giza,real
dataset_real\train\pyramids_of_giza\0d90e99ddf.jpg,pyramids_of_giza,real
dataset_real\train\roman_colosseum\16e025538f.jpg,roman_colosseum,real
dataset_real\train\statue_of_liberty\d2d1e89c3c.jpg,statue_of_liberty,real
dataset_real\train\statue_of_liberty\5b9e47f634.jpg,statue_of_liberty,real
dataset_real\train\christ_the_reedemer\bfe3eacc80.jpg,christ_the_reedemer,real
dataset_real\train\burj_khalifa\066f9aec57.jpg,burj_khalifa,real
dataset_real\train\chichen_itza\9fce9093e5.jpg,chichen_itza,real
dataset_real\train\eiffel_tower\2137089d89.jpg,eiffel_tower,real
dataset_real\train\roman_colosseum\963eddb4f0.jpg,roman_colosseum,real
dataset_real\train\pyramids_of_giza\b3a73ef67c.jpg,pyramids_of_giza,real
dataset_real\train\christ_the_reedemer\0159a932dc.jpg,christ_the_reedemer,real
dataset_real\train\great_wall_of_china\51af248853.jpg,great_wall_of_china,real
dataset_real\train\great_wall_of_china\fc0396bb6b.jpg,great_wall_of_china,real
dataset_real\train\chichen_itza\e027adb44b.jpg,chichen_itza,real
dataset_real\train\great_wall_of_china\f2d1d21e79.jpg,great_wall_of_china,real
dataset_real\train\great_wall_of_china\5cbeba5d0e.jpg,great_wall_of_china,real
dataset_real\train\christ_the_reedemer\d55311638c.jpg,christ_the_reedemer,real
dataset_real\train\great_wall_of_china\420d224418.jpg,great_wall_of_china,real
dataset_real\train\great_wall_of_china\4a7e45725e.jpg,great_wall_of_china,real
dataset_real\train\statue_of_liberty\c4f98b9d22.jpg,statue_of_liberty,real
dataset_real\train\eiffel_tower\e2d27036a9.jpg,eiffel_tower,real
dataset_real\train\eiffel_tower\5481635176.jpg,eiffel_tower,real
dataset_real\train\roman_colosseum\93c8a04d22.jpg,roman_colosseum,real
dataset_real\train\chichen_itza\dcac16ed4c.jpg,chichen_itza,real
dataset_real\train\burj_khalifa\65d27a42cb.jpg,burj_khalifa,real
dataset_real\train\great_wall_of_china\9913e4fe7d.jpg,great_wall_of_china,real
dataset_real\train\christ_the_reedemer\e5f894d9c0.jpg,christ_the_reedemer,real
dataset_real\train\burj_khalifa\df2d3229c3.jpg,burj_khalifa,real
dataset_real\train\chichen_itza\8dba332964.jpg,chichen_itza,real
dataset_real\train\great_wall_of_china\0394697363.jpg,great_wall_of_china,real
dataset_real\train\roman_colosseum\c6f3008fc7.jpg,roman_colosseum,real
dataset_real\train\burj_khalifa\99d153a3f6.jpg,burj_khalifa,real
dataset_real\train\christ_the_reedemer\b9f1c1bae2.jpg,christ_the_reedemer,real
dataset_real\train\statue_of_liberty\e170a77760.jpg,statue_of_liberty,real
dataset_real\train\eiffel_tower\3dd70ebde9.jpg,eiffel_tower,real
dataset_real\train\great_wall_of_china\ca504ba3f6.jpg,great_wall_of_china,real
dataset_real\train\roman_colosseum\5b2aba86fe.jpg,roman_colosseum,real
dataset_real\train\chichen_itza\d5b8168e80.jpg,chichen_itza,real
dataset_real\train\burj_khalifa\194c0c33c1.jpg,burj_khalifa,real
dataset_real\train\chichen_itza\4410e29bae.jpg,chichen_itza,real
dataset_real\train\burj_khalifa\61cb69bc2a.jpg,burj_khalifa,real
dataset_real\train\great_wall_of_china\2438ed1698.jpg,great_wall_of_china,real
dataset_real\train\statue_of_liberty\5f866d136e.jpg,statue_of_liberty,real
dataset_real\train\roman_colosseum\f9a6b71d54.jpg,roman_colosseum,real
dataset_real\train\eiffel_tower\6bfa9a264b.jpg,eiffel_tower,real
dataset_real\train\statue_of_liberty\3139e36373.jpg,statue_of_liberty,real
dataset_real\train\eiffel_tower\c6f3509e4c.jpg,eiffel_tower,real
dataset_real\train\eiffel_tower\ee8bf58e3e.jpg,eiffel_tower,real
dataset_real\train\pyramids_of_giza\f6d55b3e7e.jpg,pyramids_of_giza,real
dataset_real\train\roman_colosseum\ca4d5fae6b.jpg,roman_colosseum,real
dataset_real\train\roman_colosseum\1723fc10fb.jpg,roman_colosseum,real
dataset_real\train\roman_colosseum\6035e8e683.jpg,roman_colosseum,real
dataset_real\train\great_wall_of_china\0fa8b9efe1.jpg,great_wall_of_china,real
dataset_real\train\pyramids_of_giza\6e45169555.jpg,pyramids_of_giza,real
dataset_real\train\great_wall_of_china\8b228ed187.jpg,great_wall_of_china,real
dataset_real\train\chichen_itza\d7d3aa7612.jpg,chichen_itza,real
dataset_real\train\roman_colosseum\25a1bf929c.jpg,roman_colosseum,real
dataset_real\train\chichen_itza\67c3f7dd5e.jpg,chichen_itza,real
dataset_real\train\chichen_itza\482c7fd7d3.jpg,chichen_itza,real
dataset_real\train\statue_of_liberty\20e952ce42.jpg,statue_of_liberty,real
dataset_real\train\great_wall_of_china\f61b1da390.jpg,great_wall_of_china,real
dataset_real\train\chichen_itza\7869e81f7c.jpg,chichen_itza,real
dataset_real\train\roman_colosseum\0e00dfa7c9.jpg,roman_colosseum,real
dataset_real\train\chichen_itza\b6593a5c36.jpg,chichen_itza,real
dataset_real\train\burj_khalifa\f9fed30cb2.jpg,burj_khalifa,real
dataset_real\train\eiffel_tower\74fb9be35c.jpg,eiffel_tower,real
dataset_real\train\roman_colosseum\4261109a74.jpg,roman_colosseum,real
dataset_real\train\great_wall_of_china\18ae9fd69e.jpg,great_wall_of_china,real
dataset_real\train\eiffel_tower\1df2a601be.jpg,eiffel_tower,real
dataset_real\train\chichen_itza\51cc1d41c6.jpg,chichen_itza,real
dataset_real\train\christ_the_reedemer\db6afdb118.jpg,christ_the_reedemer,real
dataset_real\train\pyramids_of_giza\661b95b70d.jpg,pyramids_of_giza,real
dataset_real\train\roman_colosseum\82f4dbbefc.jpg,roman_colosseum,real
dataset_real\train\pyramids_of_giza\2f370c0d92.jpg,pyramids_of_giza,real
dataset_real\train\chichen_itza\cef5c7d05b.jpg,chichen_itza,real
dataset_real\train\christ_the_reedemer\4282cd1c31.jpg,christ_the_reedemer,real
dataset_real\train\burj_khalifa\c6005f5527.jpg,burj_khalifa,real
dataset_real\train\eiffel_tower\9434fc769a.jpg,eiffel_tower,real
dataset_real\train\eiffel_tower\b85dc7d2cc.jpg,eiffel_tower,real
dataset_real\train\christ_the_reedemer\74641750cf.jpg,christ_the_reedemer,real
dataset_real\train\great_wall_of_china\545adff321.jpg,great_wall_of_china,real
dataset_real\train\roman_colosseum\01528698bf.jpg,roman_colosseum,real
dataset_real\train\burj_khalifa\1a8bec2b8d.jpg,burj_khalifa,real
dataset_real\train\burj_khalifa\91daf6e14c.jpg,burj_khalifa,real
dataset_real\train\burj_khalifa\cbfc94b99d.jpg,burj_khalifa,real
dataset_real\train\burj_khalifa\a6006baa22.jpg,burj_khalifa,real
dataset_real\train\eiffel_tower\4c726172a2.jpg,eiffel_tower,real
dataset_real\train\roman_colosseum\3ff53ccfea.jpg,roman_colosseum,real
dataset_real\train\eiffel_tower\a47359b041.jpg,eiffel_tower,real
dataset_real\train\burj_khalifa\f970c83605.jpg,burj_khalifa,real
dataset_real\train\christ_the_reedemer\79e9755e4d.jpg,christ_the_reedemer,real
dataset_real\train\great_wall_of_china\c7db945b45.jpg,great_wall_of_china,real
dataset_real\train\pyramids_of_giza\72da050c02.jpg,pyramids_of_giza,real
dataset_real\train\roman_colosseum\0efdd3509b.jpg,roman_colosseum,real
dataset_real\train\pyramids_of_giza\5162917566.jpg,pyramids_of_giza,real
dataset_real\train\roman_colosseum\22d56e2d0d.jpg,roman_colosseum,real
dataset_real\train\great_wall_of_china\f75839d88a.jpg,great_wall_of_china,real
dataset_real\train\christ_the_reedemer\a11ff20717.jpg,christ_the_reedemer,real
dataset_real\train\burj_khalifa\f0e54b09b4.jpg,burj_khalifa,real
dataset_real\train\great_wall_of_china\5f07f845d0.jpg,great_wall_of_china,real
dataset_real\train\christ_the_reedemer\98c0b63734.jpg,christ_the_reedemer,real
dataset_real\train\eiffel_tower\9b265dec35.jpg,eiffel_tower,real
dataset_real\train\pyramids_of_giza\6f0c28269c.jpg,pyramids_of_giza,real
dataset_real\train\pyramids_of_giza\7268201d4e.jpg,pyramids_of_giza,real
dataset_real\train\pyramids_of_giza\5a856091f5.jpg,pyramids_of_giza,real
dataset_real\train\christ_the_reedemer\c433e9ed27.jpg,christ_the_reedemer,real
dataset_real\train\roman_colosseum\a12e46e83a.jpg,roman_colosseum,real
dataset_real\train\burj_khalifa\2240fed2dd.jpg,burj_khalifa,real
dataset_real\train\roman_colosseum\376f16987c.jpg,roman_colosseum,real
dataset_real\train\roman_colosseum\b5e5d4d4a5.jpg,roman_colosseum,real
dataset_real\train\chichen_itza\669fe43555.jpg,chichen_itza,real
dataset_real\train\eiffel_tower\e74869c145.jpg,eiffel_tower,real
dataset_real\train\burj_khalifa\b05514e581.jpg,burj_khalifa,real
dataset_real\train\great_wall_of_china\249da8a9e6.jpg,great_wall_of_china,real
dataset_real\train\roman_colosseum\bbe508029a.jpg,roman_colosseum,real
dataset_real\train\christ_the_reedemer\8e049808ff.jpg,christ_the_reedemer,real
dataset_real\train\roman_colosseum\e665f3649e.jpg,roman_colosseum,real
dataset_real\train\eiffel_tower\09317df0a0.jpg,eiffel_tower,real
dataset_real\train\pyramids_of_giza\afd177c9d9.jpg,pyramids_of_giza,real
dataset_real\train\chichen_itza\dd5c16977f.jpg,chichen_itza,real
dataset_real\train\burj_khalifa\aa0042aafd.jpg,burj_khalifa,real
dataset_real\train\great_wall_of_china\c25edc9f18.jpg,great_wall_of_china,real
dataset_real\train\christ_the_reedemer\39f8c2fc79.jpg,christ_the_reedemer,real
dataset_real\train\statue_of_liberty\9767c890f5.jpg,statue_of_liberty,real
dataset_real\train\pyramids_of_giza\8dbad27191.jpg,pyramids_of_giza,real
dataset_real\train\christ_the_reedemer\359fef2bc9.jpg,christ_the_reedemer,real
dataset_real\train\statue_of_liberty\2b518bf1c7.jpg,statue_of_liberty,real
dataset_real\train\statue_of_liberty\679a23e104.jpg,statue_of_liberty,real
dataset_real\train\christ_the_reedemer\812df26853.jpg,christ_the_reedemer,real
dataset_real\train\burj_khalifa\3d42125b29.jpg,burj_khalifa,real
dataset_real\train\pyramids_of_giza\de2b28f4c0.jpg,pyramids_of_giza,real
dataset_real\train\great_wall_of_china\11444f610d.jpg,great_wall_of_china,real
dataset_real\train\burj_khalifa\f36da1f174.jpg,burj_khalifa,real
dataset_real\train\great_wall_of_china\e486f91122.jpg,great_wall_of_china,real
dataset_real\train\pyramids_of_giza\d641703d91.jpg,pyramids_of_giza,real
dataset_real\train\pyramids_of_giza\bc0cffa21c.jpg,pyramids_of_giza,real
dataset_real\train\burj_khalifa\8687b0d09f.jpg,burj_khalifa,real
dataset_real\train\roman_colosseum\a6ffc8ed54.jpg,roman_colosseum,real
dataset_real\train\pyramids_of_giza\9e5861d026.jpg,pyramids_of_giza,real
dataset_real\train\statue_of_liberty\4044aace03.jpg,statue_of_liberty,real
dataset_real\train\burj_khalifa\d1c2ddf4af.jpg,burj_khalifa,real
dataset_real\train\eiffel_tower\baddc5e71c.jpg,eiffel_tower,real
dataset_real\train\burj_khalifa\096c418030.jpg,burj_khalifa,real
dataset_real\train\great_wall_of_china\4f638a8df1.jpg,great_wall_of_china,real
dataset_real\train\christ_the_reedemer\9190c20ebc.jpg,christ_the_reedemer,real
dataset_real\train\burj_khalifa\e3e73e0de9.jpg,burj_khalifa,real
dataset_real\train\christ_the_reedemer\2ab08a71d6.jpg,christ_the_reedemer,real
dataset_real\train\eiffel_tower\3a33921677.jpg,eiffel_tower,real
dataset_real\train\christ_the_reedemer\6067eba537.jpg,christ_the_reedemer,real
dataset_real\train\great_wall_of_china\e7856b9b36.jpg,great_wall_of_china,real
dataset_real\train\statue_of_liberty\18ce5f7a50.jpg,statue_of_liberty,real
dataset_real\train\christ_the_reedemer\4212f76cfc.jpg,christ_the_reedemer,real
dataset_real\train\christ_the_reedemer\34afb8df98.jpg,christ_the_reedemer,real
dataset_real\train\chichen_itza\7035feed71.jpg,chichen_itza,real
dataset_real\train\roman_colosseum\7b1a2e646b.jpg,roman_colosseum,real
dataset_real\train\chichen_itza\fd5ad942c6.jpg,chichen_itza,real
dataset_real\train\pyramids_of_giza\55168e89c9.jpg,pyramids_of_giza,real
dataset_real\train\great_wall_of_china\69f9f8c211.jpg,great_wall_of_china,real
dataset_real\train\burj_khalifa\0fff5c5959.jpg,burj_khalifa,real
dataset_real\train\eiffel_tower\8c3b25af89.jpg,eiffel_tower,real
dataset_real\train\chichen_itza\fd4e98075b.jpg,chichen_itza,real
dataset_real\train\pyramids_of_giza\eec64ce630.jpg,pyramids_of_giza,real
dataset_real\train\chichen_itza\a6f6795202.jpg,chichen_itza,real
dataset_real\train\burj_khalifa\05168ad704.jpg,burj_khalifa,real
dataset_real\train\burj_khalifa\957522dd9e.jpg,burj_khalifa,real
dataset_real\train\burj_khalifa\bd3c85679a.jpg,burj_khalifa,real
dataset_real\train\burj_khalifa\642468ebf6.jpg,burj_khalifa,real
dataset_real\train\roman_colosseum\a095b94ccd.jpg,roman_colosseum,real
dataset_real\train\pyramids_of_giza\b4864ba8cc.jpg,pyramids_of_giza,real
dataset_real\train\eiffel_tower\cc5e09d698.jpg,eiffel_tower,real
dataset_real\train\burj_khalifa\16a5e9b12a.jpg,burj_khalifa,real
dataset_real\train\roman_colosseum\b53248e6e3.jpg,roman_colosseum,real
dataset_real\train\great_wall_of_china\bb6143deb7.jpg,great_wall_of_china,real
dataset_real\train\pyramids_of_giza\2a84681c79.jpg,pyramids_of_giza,real
dataset_real\train\burj_khalifa\2ffc67ce94.jpg,burj_khalifa,real
dataset_real\train\pyramids_of_giza\7634944174.jpg,pyramids_of_giza,real
dataset_real\train\great_wall_of_china\13bbbc2349.jpg,great_wall_of_china,real
dataset_real\train\eiffel_tower\7540a70620.jpg,eiffel_tower,real
dataset_real\train\statue_of_liberty\116f4c073d.jpg,statue_of_liberty,real
dataset_real\train\pyramids_of_giza\1f90d7bed3.jpg,pyramids_of_giza,real
dataset_real\train\roman_colosseum\bc71da0931.jpg,roman_colosseum,real
dataset_real\train\great_wall_of_china\974caa9b5b.jpg,great_wall_of_china,real
dataset_real\train\statue_of_liberty\44fa9495c0.jpg,statue_of_liberty,real
dataset_real\train\roman_colosseum\e4cff31a16.jpg,roman_colosseum,real
dataset_real\train\chichen_itza\8abad0d5f2.jpg,chichen_itza,real
dataset_real\train\burj_khalifa\5718650b2f.jpg,burj_khalifa,real
dataset_real\train\pyramids_of_giza\842870afe0.jpg,pyramids_of_giza,real
dataset_real\train\eiffel_tower\85f5188324.jpg,eiffel_tower,real
dataset_real\train\great_wall_of_china\507b720d09.jpg,great_wall_of_china,real
dataset_real\train\roman_colosseum\a312d8d67d.jpg,roman_colosseum,real
dataset_real\train\roman_colosseum\cf63d2ba9a.jpg,roman_colosseum,real
dataset_real\train\roman_colosseum\dd480d8fe2.jpg,roman_colosseum,real
dataset_real\train\great_wall_of_china\1e63549b51.jpg,great_wall_of_china,real
dataset_real\train\great_wall_of_china\df4884144a.jpg,great_wall_of_china,real
dataset_real\train\chichen_itza\192afc50d8.jpg,chichen_itza,real
dataset_real\train\burj_khalifa\c6348cfa39.jpg,burj_khalifa,real
dataset_real\train\great_wall_of_china\67c260fe74.jpg,great_wall_of_china,real
dataset_real\train\burj_khalifa\b345fdf815.jpg,burj_khalifa,real
dataset_real\train\eiffel_tower\e9dbe28098.jpg,eiffel_tower,real
dataset_real\train\eiffel_tower\747740da05.jpg,eiffel_tower,real
dataset_real\train\pyramids_of_giza\c2909b2cd1.jpg,pyramids_of_giza,real
dataset_real\train\chichen_itza\09d43020a7.jpg,chichen_itza,real
dataset_real\train\burj_khalifa\5683bf6592.jpg,burj_khalifa,real
dataset_real\train\burj_khalifa\6787f355b3.jpg,burj_khalifa,real
dataset_real\train\eiffel_tower\f7fe42b6ea.jpg,eiffel_tower,real
dataset_real\train\christ_the_reedemer\6817e8faae.jpg,christ_the_reedemer,real
dataset_real\train\chichen_itza\4048cb39e7.jpg,chichen_itza,real
dataset_real\train\great_wall_of_china\c842215fde.jpg,great_wall_of_china,real
dataset_real\train\roman_colosseum\e1a054d334.jpg,roman_colosseum,real
dataset_real\train\christ_the_reedemer\d3eec296fd.jpg,christ_the_reedemer,real
dataset_real\train\burj_khalifa\aab32734e6.jpg,burj_khalifa,real
dataset_real\train\eiffel_tower\936c74b6b3.jpg,eiffel_tower,real
dataset_real\train\roman_colosseum\9b66f831f3.jpg,roman_colosseum,real
dataset_real\train\statue_of_liberty\8e1de201e6.jpg,statue_of_liberty,real
dataset_real\train\pyramids_of_giza\e78b586b05.jpg,pyramids_of_giza,real
dataset_real\train\eiffel_tower\02d74069fc.jpg,eiffel_tower,real
dataset_real\train\christ_the_reedemer\bc292a4c0a.jpg,christ_the_reedemer,real
dataset_real\train\pyramids_of_giza\ffc0b04961.jpg,pyramids_of_giza,real
dataset_real\train\pyramids_of_giza\44c9cfb94b.jpg,pyramids_of_giza,real
dataset_real\train\eiffel_tower\afac94d805.jpg,eiffel_tower,real
dataset_real\train\roman_colosseum\5c5a6e24ee.jpg,roman_colosseum,real
dataset_real\train\burj_khalifa\ac535dbef2.jpg,burj_khalifa,real
dataset_real\train\chichen_itza\ca5d7b3fad.jpg,chichen_itza,real
dataset_real\train\pyramids_of_giza\9eec84bfdc.jpg,pyramids_of_giza,real
dataset_real\train\eiffel_tower\32bbbd89d5.jpg,eiffel_tower,real
dataset_real\train\statue_of_liberty\67ac3a4c53.jpg,statue_of_liberty,real
dataset_real\train\christ_the_reedemer\bc72c24a4e.jpg,christ_the_reedemer,real
dataset_real\train\burj_khalifa\79ae8da86c.jpg,burj_khalifa,real
dataset_real\train\roman_colosseum\078bf5aae0.jpg,roman_colosseum,real
dataset_real\train\pyramids_of_giza\bd47b162e0.jpg,pyramids_of_giza,real
dataset_real\train\roman_colosseum\2d938801ae.jpg,roman_colosseum,real
dataset_real\train\christ_the_reedemer\4dc20e55a0.jpg,christ_the_reedemer,real
dataset_real\train\christ_the_reedemer\597d5960f9.jpg,christ_the_reedemer,real
dataset_real\train\roman_colosseum\217adec6f3.jpg,roman_colosseum,real
dataset_real\train\great_wall_of_china\feba20e146.jpg,great_wall_of_china,real
dataset_real\train\roman_colosseum\ef9aab2430.jpg,roman_colosseum,real
dataset_real\train\roman_colosseum\d6cd16673b.jpg,roman_colosseum,real
dataset_real\train\chichen_itza\c05ebb86ba.jpg,chichen_itza,real
dataset_real\train\great_wall_of_china\cbe71cbba4.jpg,great_wall_of_china,real
dataset_real\train\roman_colosseum\b729c25cf0.jpg,roman_colosseum,real
dataset_real\train\great_wall_of_china\2d118386f3.jpg,great_wall_of_china,real
dataset_real\train\great_wall_of_china\2e83d3c061.jpg,great_wall_of_china,real
dataset_real\train\roman_colosseum\8558572053.jpg,roman_colosseum,real
dataset_real\train\chichen_itza\40a42cba6a.jpg,chichen_itza,real
dataset_real\train\statue_of_liberty\87d08d3910.jpg,statue_of_liberty,real
dataset_real\train\christ_the_reedemer\7305be81b6.jpg,christ_the_reedemer,real
dataset_real\train\great_wall_of_china\ca00f6fe94.jpg,great_wall_of_china,real
dataset_real\train\burj_khalifa\f8565e228d.jpg,burj_khalifa,real
dataset_real\train\burj_khalifa\203a8a413a.jpg,burj_khalifa,real
dataset_real\train\great_wall_of_china\feefda42b1.jpg,great_wall_of_china,real
dataset_real\train\pyramids_of_giza\55b7bd24bf.jpg,pyramids_of_giza,real
dataset_real\train\pyramids_of_giza\7ed69ee146.jpg,pyramids_of_giza,real
dataset_real\train\great_wall_of_china\d4e7346d3c.jpg,great_wall_of_china,real
dataset_real\train\eiffel_tower\0970ee8661.jpg,eiffel_tower,real
dataset_real\train\eiffel_tower\0a762bf841.jpg,eiffel_tower,real
dataset_real\train\great_wall_of_china\7dfcbbefaa.jpg,great_wall_of_china,real
dataset_real\train\pyramids_of_giza\13714ec7f7.jpg,pyramids_of_giza,real
dataset_real\train\roman_colosseum\d6d1eab24e.jpg,roman_colosseum,real
dataset_real\train\chichen_itza\a7057010a6.jpg,chichen_itza,real
dataset_real\train\christ_the_reedemer\1399f5befd.jpg,christ_the_reedemer,real
dataset_real\train\christ_the_reedemer\f201c758fa.jpg,christ_the_reedemer,real
dataset_real\train\christ_the_reedemer\4e09777e7e.jpg,christ_the_reedemer,real
dataset_real\train\christ_the_reedemer\6781bc5dd1.jpg,christ_the_reedemer,real
dataset_real\train\great_wall_of_china\e76d5a46fe.jpg,great_wall_of_china,real
dataset_real\train\statue_of_liberty\29482f262d.jpg,statue_of_liberty,real
dataset_real\train\roman_colosseum\693625486a.jpg,roman_colosseum,real
dataset_real\train\chichen_itza\c756018121.jpg,chichen_itza,real
dataset_real\train\christ_the_reedemer\613e362e50.jpg,christ_the_reedemer,real
dataset_real\train\burj_khalifa\311bd008f4.jpg,burj_khalifa,real
dataset_real\train\christ_the_reedemer\58c6a92b8a.jpg,christ_the_reedemer,real
dataset_real\train\eiffel_tower\454de3455f.jpg,eiffel_tower,real
dataset_real\train\eiffel_tower\5c2b4bb39a.jpg,eiffel_tower,real
dataset_real\train\eiffel_tower\9d8be1396f.jpg,eiffel_tower,real
dataset_real\train\chichen_itza\fb9ff3f07b.jpg,chichen_itza,real
dataset_real\train\eiffel_tower\82e1bc1e0a.jpg,eiffel_tower,real
dataset_real\train\pyramids_of_giza\9fd86867fa.jpg,pyramids_of_giza,real
dataset_real\train\burj_khalifa\1a81fe9ecb.jpg,burj_khalifa,real
dataset_real\train\eiffel_tower\4459a7f143.jpg,eiffel_tower,real
dataset_real\train\chichen_itza\e7499a206e.jpg,chichen_itza,real
dataset_real\train\roman_colosseum\cb93212fd8.jpg,roman_colosseum,real
dataset_real\train\chichen_itza\f2b821eda9.jpg,chichen_itza,real
dataset_real\train\eiffel_tower\4b9fdce923.jpg,eiffel_tower,real
dataset_real\train\christ_the_reedemer\00b9b0a3ca.jpg,christ_the_reedemer,real
dataset_real\train\pyramids_of_giza\9a9714157f.jpg,pyramids_of_giza,real
dataset_real\train\pyramids_of_giza\14cbf9828e.jpg,pyramids_of_giza,real
dataset_real\train\burj_khalifa\b137adaca4.jpg,burj_khalifa,real
dataset_real\train\christ_the_reedemer\03c5f703b5.jpg,christ_the_reedemer,real
dataset_real\train\eiffel_tower\d45ad221b3.jpg,eiffel_tower,real
dataset_real\train\great_wall_of_china\758bb61af1.jpg,great_wall_of_china,real
dataset_real\train\pyramids_of_giza\1fbab6c0d0.jpg,pyramids_of_giza,real
dataset_real\train\eiffel_tower\7504a57fc4.jpg,eiffel_tower,real
dataset_real\train\christ_the_reedemer\75e6c6f113.jpg,christ_the_reedemer,real
dataset_real\train\statue_of_liberty\8871b184b2.jpg,statue_of_liberty,real
dataset_real\train\pyramids_of_giza\46d872143f.jpg,pyramids_of_giza,real
dataset_real\train\great_wall_of_china\e56e439f69.jpg,great_wall_of_china,real
dataset_real\train\statue_of_liberty\1542216a69.jpg,statue_of_liberty,real
dataset_real\train\roman_colosseum\bf7568a657.jpg,roman_colosseum,real
dataset_real\train\pyramids_of_giza\957a696429.jpg,pyramids_of_giza,real
dataset_real\train\burj_khalifa\19b08575e1.jpg,burj_khalifa,real
dataset_real\train\great_wall_of_china\0ee525e660.jpg,great_wall_of_china,real
dataset_real\train\christ_the_reedemer\0055f98d2f.jpg,christ_the_reedemer,real
dataset_real\train\roman_colosseum\710006884d.jpg,roman_colosseum,real
dataset_real\train\chichen_itza\db73f60cc4.jpg,chichen_itza,real
dataset_real\train\burj_khalifa\04ecd64815.jpg,burj_khalifa,real
dataset_real\train\chichen_itza\9ad8b33170.jpg,chichen_itza,real
dataset_real\train\roman_colosseum\6bf9a0ceb3.jpg,roman_colosseum,real
dataset_real\train\pyramids_of_giza\103831340d.jpg,pyramids_of_giza,real
dataset_real\train\eiffel_tower\c4a56f9ae0.jpg,eiffel_tower,real
dataset_real\train\christ_the_reedemer\dd7fefa685.jpg,christ_the_reedemer,real
dataset_real\train\burj_khalifa\c16cf7c119.jpg,burj_khalifa,real
dataset_real\train\eiffel_tower\1a4c052723.jpg,eiffel_tower,real
dataset_real\train\statue_of_liberty\c23e4f1d5b.jpg,statue_of_liberty,real
dataset_real\train\chichen_itza\696bf42411.jpg,chichen_itza,real
dataset_real\train\eiffel_tower\3a578dae57.jpg,eiffel_tower,real
dataset_real\train\great_wall_of_china\ec48be8838.jpg,great_wall_of_china,real
dataset_real\train\roman_colosseum\0b20010eb2.jpg,roman_colosseum,real
dataset_real\train\burj_khalifa\a9608e6c88.jpg,burj_khalifa,real
dataset_real\train\pyramids_of_giza\31252e3652.jpg,pyramids_of_giza,real
dataset_real\train\chichen_itza\1ee0ea34de.jpg,chichen_itza,real
dataset_real\train\statue_of_liberty\e87e1e7b58.jpg,statue_of_liberty,real
dataset_real\train\christ_the_reedemer\bde250825c.jpg,christ_the_reedemer,real
dataset_real\train\chichen_itza\c58d298534.jpg,chichen_itza,real
dataset_real\train\christ_the_reedemer\630de83ac4.jpg,christ_the_reedemer,real
dataset_real\train\roman_colosseum\83072fb856.jpg,roman_colosseum,real
dataset_real\train\statue_of_liberty\f0376b4e06.jpg,statue_of_liberty,real
dataset_real\train\christ_the_reedemer\b9fb367877.jpg,christ_the_reedemer,real
dataset_real\train\christ_the_reedemer\bed942ec92.jpg,christ_the_reedemer,real
dataset_real\train\pyramids_of_giza\e3182b6e1b.jpg,pyramids_of_giza,real
dataset_real\train\eiffel_tower\60bdc27448.jpg,eiffel_tower,real
dataset_real\train\roman_colosseum\b128bdc433.jpg,roman_colosseum,real
dataset_real\train\christ_the_reedemer\71a766dfa9.jpg,christ_the_reedemer,real
dataset_real\train\eiffel_tower\7ae7f330c1.jpg,eiffel_tower,real
dataset_real\train\burj_khalifa\b7ed10d93d.jpg,burj_khalifa,real
dataset_real\train\burj_khalifa\db0f0e8be5.jpg,burj_khalifa,real
dataset_real\train\great_wall_of_china\11047390e1.jpg,great_wall_of_china,real
dataset_real\train\pyramids_of_giza\8d6f634753.jpg,pyramids_of_giza,real
dataset_real\train\pyramids_of_giza\14d24cc926.jpg,pyramids_of_giza,real
dataset_real\train\pyramids_of_giza\b74cb82729.jpg,pyramids_of_giza,real
dataset_real\train\burj_khalifa\cbc500b52e.jpg,burj_khalifa,real
dataset_real\train\great_wall_of_china\0526000442.jpg,great_wall_of_china,real
dataset_real\train\eiffel_tower\71103ecbe5.jpg,eiffel_tower,real
dataset_real\train\pyramids_of_giza\e6cabea0e2.jpg,pyramids_of_giza,real
dataset_real\train\eiffel_tower\88f6bdb4f4.jpg,eiffel_tower,real
dataset_real\train\chichen_itza\689c510571.jpg,chichen_itza,real
dataset_real\train\statue_of_liberty\3d797d9604.jpg,statue_of_liberty,real
dataset_real\train\pyramids_of_giza\05a0d4adb6.jpg,pyramids_of_giza,real
dataset_real\train\burj_khalifa\d9c2f4c542.jpg,burj_khalifa,real
dataset_real\train\christ_the_reedemer\8cfc33abec.jpg,christ_the_reedemer,real
dataset_real\train\great_wall_of_china\5d1f55b7d8.jpg,great_wall_of_china,real
dataset_real\train\burj_khalifa\4c82676443.jpg,burj_khalifa,real
dataset_real\train\christ_the_reedemer\100ff59d51.jpg,christ_the_reedemer,real
dataset_real\train\eiffel_tower\8351606a65.jpg,eiffel_tower,real
dataset_real\train\great_wall_of_china\c939bcb0ed.jpg,great_wall_of_china,real
dataset_real\train\christ_the_reedemer\771171dcba.jpg,christ_the_reedemer,real
dataset_real\train\eiffel_tower\a4667188b5.jpg,eiffel_tower,real
dataset_real\train\christ_the_reedemer\622ad5a1a8.jpg,christ_the_reedemer,real
dataset_real\train\burj_khalifa\b6aad1aa18.jpg,burj_khalifa,real
dataset_real\train\burj_khalifa\73114ff74a.jpg,burj_khalifa,real
dataset_real\train\christ_the_reedemer\9ffbf21353.jpg,christ_the_reedemer,real
dataset_real\train\pyramids_of_giza\f478cca7a8.jpg,pyramids_of_giza,real
dataset_real\train\burj_khalifa\aef3b58a74.jpg,burj_khalifa,real
dataset_real\train\chichen_itza\eeba4ea988.jpg,chichen_itza,real
dataset_real\train\burj_khalifa\04d516ea7d.jpg,burj_khalifa,real
dataset_real\train\pyramids_of_giza\efa7a73b35.jpg,pyramids_of_giza,real
dataset_real\train\great_wall_of_china\effa400d2a.jpg,great_wall_of_china,real
dataset_real\train\pyramids_of_giza\a8813ba16f.jpg,pyramids_of_giza,real
dataset_real\train\roman_colosseum\986f6062d0.jpg,roman_colosseum,real
dataset_real\train\great_wall_of_china\ddc25d99b5.jpg,great_wall_of_china,real
dataset_real\train\chichen_itza\a7e699a9ed.jpg,chichen_itza,real
dataset_real\train\great_wall_of_china\3e4f177763.jpg,great_wall_of_china,real
dataset_real\train\statue_of_liberty\6c30e10a67.jpg,statue_of_liberty,real
dataset_real\train\christ_the_reedemer\6acef1793c.jpg,christ_the_reedemer,real
dataset_real\train\chichen_itza\92671b87ee.jpg,chichen_itza,real
dataset_real\train\great_wall_of_china\27429cb1ca.jpg,great_wall_of_china,real
dataset_real\train\great_wall_of_china\4f223a2771.jpg,great_wall_of_china,real
dataset_real\train\eiffel_tower\61181c9227.jpg,eiffel_tower,real
dataset_real\train\christ_the_reedemer\ee99f9af98.jpg,christ_the_reedemer,real
dataset_real\train\eiffel_tower\30e2522357.jpg,eiffel_tower,real
dataset_real\train\great_wall_of_china\e6ea7e2dbe.jpg,great_wall_of_china,real
dataset_real\train\great_wall_of_china\2802a5897d.jpg,great_wall_of_china,real
dataset_real\train\statue_of_liberty\1b66d824e2.jpg,statue_of_liberty,real
dataset_real\train\pyramids_of_giza\9d5f794691.jpg,pyramids_of_giza,real
dataset_real\train\chichen_itza\8ba971db31.jpg,chichen_itza,real
dataset_real\train\chichen_itza\70665b1f65.jpg,chichen_itza,real
dataset_real\train\roman_colosseum\da9aa7bb61.jpg,roman_colosseum,real
dataset_real\train\great_wall_of_china\f586a0a8d1.jpg,great_wall_of_china,real
dataset_real\train\great_wall_of_china\fe75722d59.jpg,great_wall_of_china,real
dataset_real\train\pyramids_of_giza\0c126ad20d.jpg,pyramids_of_giza,real
dataset_real\train\eiffel_tower\b6a5f9e88c.jpg,eiffel_tower,real
dataset_real\train\eiffel_tower\f67acd8c15.jpg,eiffel_tower,real
dataset_real\train\pyramids_of_giza\c33c22e593.jpg,pyramids_of_giza,real
dataset_real\train\pyramids_of_giza\7c137fce5d.jpg,pyramids_of_giza,real
dataset_real\train\statue_of_liberty\ec63ebf907.jpg,statue_of_liberty,real
dataset_real\train\great_wall_of_china\027bc051a7.jpg,great_wall_of_china,real
dataset_real\train\pyramids_of_giza\3b2472d9c5.jpg,pyramids_of_giza,real
dataset_real\train\chichen_itza\577f97f437.jpg,chichen_itza,real
dataset_real\train\chichen_itza\619727a75a.jpg,chichen_itza,real
dataset_real\train\christ_the_reedemer\27761eb329.jpg,christ_the_reedemer,real
dataset_real\train\christ_the_reedemer\f981f5ce8e.jpg,christ_the_reedemer,real
dataset_real\train\statue_of_liberty\8dbeb0721a.jpg,statue_of_liberty,real
dataset_real\train\roman_colosseum\7a915b3db1.jpg,roman_colosseum,real
dataset_real\train\roman_colosseum\84f3f63127.jpg,roman_colosseum,real
dataset_real\train\burj_khalifa\d9fabcc483.jpg,burj_khalifa,real
dataset_real\train\burj_khalifa\74b2259b32.jpg,burj_khalifa,real
dataset_real\train\statue_of_liberty\72a81bc7ea.jpg,statue_of_liberty,real
dataset_real\train\chichen_itza\c76114bd73.jpg,chichen_itza,real
dataset_real\train\statue_of_liberty\48947396df.jpg,statue_of_liberty,real
dataset_real\train\roman_colosseum\49d120d6d0.jpg,roman_colosseum,real
dataset_real\train\roman_colosseum\14e627a292.jpg,roman_colosseum,real
dataset_real\train\chichen_itza\9eed4adadd.jpg,chichen_itza,real
dataset_real\train\burj_khalifa\d9d143eaaf.jpg,burj_khalifa,real
dataset_real\train\pyramids_of_giza\4058446364.jpg,pyramids_of_giza,real
dataset_real\train\chichen_itza\2d792d8337.jpg,chichen_itza,real
dataset_real\train\great_wall_of_china\ab069f65de.jpg,great_wall_of_china,real
dataset_real\train\christ_the_reedemer\682c298d1c.jpg,christ_the_reedemer,real
dataset_real\train\roman_colosseum\092453a52a.jpg,roman_colosseum,real
dataset_real\train\eiffel_tower\56f1b73fbd.jpg,eiffel_tower,real
dataset_real\train\pyramids_of_giza\46a5aacedc.jpg,pyramids_of_giza,real
dataset_real\train\chichen_itza\deac369f3e.jpg,chichen_itza,real
dataset_real\train\christ_the_reedemer\34b186265c.jpg,christ_the_reedemer,real
dataset_real\train\christ_the_reedemer\3bd41606ca.jpg,christ_the_reedemer,real
dataset_real\train\eiffel_tower\bf518b8829.jpg,eiffel_tower,real
dataset_real\train\chichen_itza\7fe80f9c1b.jpg,chichen_itza,real
dataset_real\train\pyramids_of_giza\160cfc7e9d.jpg,pyramids_of_giza,real
dataset_real\train\chichen_itza\cc89ae6754.jpg,chichen_itza,real
dataset_real\train\roman_colosseum\41a8f7f80c.jpg,roman_colosseum,real
dataset_real\train\christ_the_reedemer\8fa0f7585a.jpg,christ_the_reedemer,real
dataset_real\train\burj_khalifa\7077c9a1df.jpg,burj_khalifa,real
dataset_real\train\chichen_itza\84e218d6ed.jpg,chichen_itza,real
dataset_real\train\pyramids_of_giza\79fa5b5212.jpg,pyramids_of_giza,real
dataset_real\train\statue_of_liberty\5b33d3be25.jpg,statue_of_liberty,real
dataset_real\train\great_wall_of_china\3d87a07793.jpg,great_wall_of_china,real
dataset_real\train\pyramids_of_giza\f537f2e2f7.jpg,pyramids_of_giza,real
dataset_real\train\great_wall_of_china\20b27edc62.jpg,great_wall_of_china,real
dataset_real\train\burj_khalifa\3b5a0083df.jpg,burj_khalifa,real
dataset_real\train\eiffel_tower\5cb98fa219.jpg,eiffel_tower,real
dataset_real\train\chichen_itza\33cb7caa5d.jpg,chichen_itza,real
dataset_real\train\chichen_itza\14c27c681d.jpg,chichen_itza,real
dataset_real\train\roman_colosseum\0dc7fe2967.jpg,roman_colosseum,real
dataset_real\train\statue_of_liberty\49382674a6.jpg,statue_of_liberty,real
dataset_real\train\roman_colosseum\349d63526e.jpg,roman_colosseum,real
dataset_real\train\great_wall_of_china\6348d4b74f.jpg,great_wall_of_china,real
dataset_real\train\roman_colosseum\acf7ad4b5b.jpg,roman_colosseum,real
dataset_real\train\eiffel_tower\c68b7093da.jpg,eiffel_tower,real
dataset_real\train\burj_khalifa\cfbbc602db.jpg,burj_khalifa,real
dataset_real\train\pyramids_of_giza\cddacec2de.jpg,pyramids_of_giza,real
dataset_real\train\great_wall_of_china\c4aad6f5e2.jpg,great_wall_of_china,real
dataset_real\train\roman_colosseum\bf1a86d503.jpg,roman_colosseum,real
dataset_real\train\eiffel_tower\df813f0329.jpg,eiffel_tower,real
dataset_real\train\statue_of_liberty\5b4407f3e8.jpg,statue_of_liberty,real
dataset_real\train\great_wall_of_china\55d60dd591.jpg,great_wall_of_china,real
dataset_real\train\chichen_itza\3ea368371f.jpg,chichen_itza,real
dataset_real\train\burj_khalifa\b7875642b4.jpg,burj_khalifa,real
dataset_real\train\burj_khalifa\c337c69099.jpg,burj_khalifa,real
dataset_real\train\pyramids_of_giza\87d9308559.jpg,pyramids_of_giza,real
dataset_real\train\pyramids_of_giza\928a5f4c07.jpg,pyramids_of_giza,real
dataset_real\train\chichen_itza\c56a6ed2f4.jpg,chichen_itza,real
dataset_real\train\burj_khalifa\997852f296.jpg,burj_khalifa,real
dataset_real\train\roman_colosseum\9338f7b5fb.jpg,roman_colosseum,real
dataset_real\train\chichen_itza\3817037662.jpg,chichen_itza,real
dataset_real\train\great_wall_of_china\4d3b9fd67d.jpg,great_wall_of_china,real
dataset_real\train\roman_colosseum\45e318dbd9.jpg,roman_colosseum,real
dataset_real\train\roman_colosseum\1c69ad4d53.jpg,roman_colosseum,real
dataset_real\train\chichen_itza\51a0e354d1.jpg,chichen_itza,real
dataset_real\train\roman_colosseum\05f99adcb8.jpg,roman_colosseum,real
dataset_real\train\roman_colosseum\ade777a92e.jpg,roman_colosseum,real
dataset_real\train\roman_colosseum\071fadc01d.jpg,roman_colosseum,real
dataset_real\train\chichen_itza\b2e11de210.jpg,chichen_itza,real
dataset_real\train\eiffel_tower\5886f0fdcf.jpg,eiffel_tower,real
dataset_real\train\pyramids_of_giza\70ed658d2b.jpg,pyramids_of_giza,real
dataset_real\train\pyramids_of_giza\390774c301.jpg,pyramids_of_giza,real
dataset_real\train\eiffel_tower\da260973fc.jpg,eiffel_tower,real
dataset_real\train\statue_of_liberty\848d66d5ad.jpg,statue_of_liberty,real
dataset_real\train\burj_khalifa\67da8c89bd.jpg,burj_khalifa,real
dataset_real\train\eiffel_tower\4ade3f4ad8.jpg,eiffel_tower,real
dataset_real\train\great_wall_of_china\d0277ce3ba.jpg,great_wall_of_china,real
dataset_real\train\eiffel_tower\849b0bf591.jpg,eiffel_tower,real
dataset_real\train\great_wall_of_china\321c3bd1b2.jpg,great_wall_of_china,real
dataset_real\train\roman_colosseum\54c78a55f1.jpg,roman_colosseum,real
dataset_real\train\chichen_itza\7eb994d484.jpg,chichen_itza,real
dataset_real\train\christ_the_reedemer\4aff519454.jpg,christ_the_reedemer,real
dataset_real\train\roman_colosseum\618abcdf0d.jpg,roman_colosseum,real
dataset_real\train\roman_colosseum\48a21f1a59.jpg,roman_colosseum,real
dataset_real\train\statue_of_liberty\c3628c9ea6.jpg,statue_of_liberty,real
