filepath,class_name,source
dataset_real\train\eiffel_tower\188c8949c6.jpg,eiffel_tower,real
dataset_synthetic\train\roman_colosseum\00037-2283819986.png,roman_colosseum,synthetic
dataset_real\train\roman_colosseum\dd9536dab9.jpg,roman_colosseum,real
dataset_real\train\burj_khalifa\b4b4aa5aee.jpg,burj_khalifa,real
dataset_synthetic\train\chichen_itza\00062-2079455155.png,chichen_itza,synthetic
dataset_real\train\eiffel_tower\0bc691cbcc.jpg,eiffel_tower,real
dataset_synthetic\train\pyramids_of_giza\00144-962878682.png,pyramids_of_giza,synthetic
dataset_real\train\eiffel_tower\0170656bec.jpg,eiffel_tower,real
dataset_real\train\burj_khalifa\9bc46b05fc.jpg,burj_khalifa,real
dataset_real\train\eiffel_tower\4e8267c0ad.jpg,eiffel_tower,real
dataset_real\train\chichen_itza\4e33f0793d.jpg,chichen_itza,real
dataset_real\train\burj_khalifa\db0f0e8be5.jpg,burj_khalifa,real
dataset_real\train\statue_of_liberty\d5fa3d4e58.jpg,statue_of_liberty,real
dataset_synthetic\train\pyramids_of_giza\00056-2054659959.png,pyramids_of_giza,synthetic
dataset_real\train\burj_khalifa\3736b34793.jpg,burj_khalifa,real
dataset_real\train\pyramids_of_giza\986c1179a0.jpg,pyramids_of_giza,real
dataset_real\train\roman_colosseum\6c6dc19be1.jpg,roman_colosseum,real
dataset_real\train\eiffel_tower\d13b95f24a.jpg,eiffel_tower,real
dataset_synthetic\train\burj_khalifa\00253-2863073463.png,burj_khalifa,synthetic
dataset_real\train\chichen_itza\d17ddfd954.jpg,chichen_itza,real
dataset_real\train\pyramids_of_giza\6f0c28269c.jpg,pyramids_of_giza,real
dataset_real\train\chichen_itza\63b812f73c.jpg,chichen_itza,real
dataset_real\train\chichen_itza\334efed51e.jpg,chichen_itza,real
dataset_real\train\statue_of_liberty\0655b9736b.jpg,statue_of_liberty,real
dataset_synthetic\train\pyramids_of_giza\00034-2054659937.png,pyramids_of_giza,synthetic
dataset_real\train\christ_the_reedemer\c67ff43f6c.jpg,christ_the_reedemer,real
dataset_real\train\chichen_itza\c97cf15a24.jpg,chichen_itza,real
dataset_synthetic\train\pyramids_of_giza\00205-4087309984.png,pyramids_of_giza,synthetic
dataset_real\train\great_wall_of_china\0b7d1f2f82.jpg,great_wall_of_china,real
dataset_real\train\eiffel_tower\5cb98fa219.jpg,eiffel_tower,real
dataset_real\train\statue_of_liberty\f2a31ab33f.jpg,statue_of_liberty,real
dataset_real\train\burj_khalifa\4c290d10e5.jpg,burj_khalifa,real
dataset_synthetic\train\christ_the_reedemer\00157-423565295.png,christ_the_reedemer,synthetic
dataset_real\train\roman_colosseum\a902bfb110.jpg,roman_colosseum,real
dataset_real\train\great_wall_of_china\8a62b87c5c.jpg,great_wall_of_china,real
dataset_synthetic\train\statue_of_liberty\00653-2648309731.png,statue_of_liberty,synthetic
dataset_real\train\chichen_itza\0164d69c35.jpg,chichen_itza,real
dataset_real\train\chichen_itza\a03575ebe2.jpg,chichen_itza,real
dataset_real\train\pyramids_of_giza\e7526b29c1.jpg,pyramids_of_giza,real
dataset_real\train\chichen_itza\3ea368371f.jpg,chichen_itza,real
dataset_real\train\eiffel_tower\9edc4a25d9.jpg,eiffel_tower,real
dataset_real\train\roman_colosseum\6234acc22a.jpg,roman_colosseum,real
dataset_real\train\pyramids_of_giza\f74283c372.jpg,pyramids_of_giza,real
dataset_real\train\chichen_itza\d3c9c67ecb.jpg,chichen_itza,real
dataset_real\train\eiffel_tower\5f213e2db5.jpg,eiffel_tower,real
dataset_real\train\eiffel_tower\3fad3a8e5a.jpg,eiffel_tower,real
dataset_real\train\christ_the_reedemer\b3feb7dd1a.jpg,christ_the_reedemer,real
dataset_real\train\statue_of_liberty\418cb5ba07.jpg,statue_of_liberty,real
dataset_real\train\chichen_itza\45de7c16c9.jpg,chichen_itza,real
dataset_real\train\eiffel_tower\5886f0fdcf.jpg,eiffel_tower,real
dataset_real\train\roman_colosseum\48a21f1a59.jpg,roman_colosseum,real
dataset_synthetic\train\burj_khalifa\00183-2688549091.png,burj_khalifa,synthetic
dataset_real\train\great_wall_of_china\45584d4fa5.jpg,great_wall_of_china,real
dataset_real\train\chichen_itza\4cfc94e3d3.jpg,chichen_itza,real
dataset_real\train\christ_the_reedemer\6c32f5b030.jpg,christ_the_reedemer,real
dataset_real\train\pyramids_of_giza\ca8c63f498.jpg,pyramids_of_giza,real
dataset_real\train\statue_of_liberty\458b90a76d.jpg,statue_of_liberty,real
dataset_real\train\burj_khalifa\97029103de.jpg,burj_khalifa,real
dataset_real\train\eiffel_tower\d48ebfe991.jpg,eiffel_tower,real
dataset_real\train\burj_khalifa\2bf04632bc.jpg,burj_khalifa,real
dataset_real\train\eiffel_tower\c9797cd9c2.jpg,eiffel_tower,real
dataset_real\train\christ_the_reedemer\10d04f4650.jpg,christ_the_reedemer,real
dataset_synthetic\train\pyramids_of_giza\00033-2054659936.png,pyramids_of_giza,synthetic
dataset_real\train\roman_colosseum\b128bdc433.jpg,roman_colosseum,real
dataset_real\train\pyramids_of_giza\9447c79bd7.jpg,pyramids_of_giza,real
dataset_synthetic\train\eiffel_tower\00179-1848933978.png,eiffel_tower,synthetic
dataset_real\train\statue_of_liberty\cddc1a1f11.jpg,statue_of_liberty,real
dataset_real\train\christ_the_reedemer\72cb559ead.jpg,christ_the_reedemer,real
dataset_synthetic\train\chichen_itza\00049-2669227203.png,chichen_itza,synthetic
dataset_real\train\great_wall_of_china\af10103055.jpg,great_wall_of_china,real
dataset_real\train\burj_khalifa\a62155b4fb.jpg,burj_khalifa,real
dataset_real\train\eiffel_tower\afad9031c8.jpg,eiffel_tower,real
dataset_synthetic\train\christ_the_reedemer\00080-2397697065.png,christ_the_reedemer,synthetic
dataset_real\train\statue_of_liberty\848d66d5ad.jpg,statue_of_liberty,real
dataset_real\train\burj_khalifa\84853b9816.jpg,burj_khalifa,real
dataset_real\train\pyramids_of_giza\af544fe76d.jpg,pyramids_of_giza,real
dataset_synthetic\train\statue_of_liberty\00577-3964871326.png,statue_of_liberty,synthetic
dataset_real\train\burj_khalifa\1a67bd317b.jpg,burj_khalifa,real
dataset_real\train\statue_of_liberty\e5c6d87fe1.jpg,statue_of_liberty,real
dataset_real\train\pyramids_of_giza\7f1f29ff35.jpg,pyramids_of_giza,real
dataset_real\train\chichen_itza\c5983a99b9.jpg,chichen_itza,real
dataset_real\train\great_wall_of_china\77f8019298.jpg,great_wall_of_china,real
dataset_synthetic\train\great_wall_of_china\00205-2026541313.png,great_wall_of_china,synthetic
dataset_real\train\roman_colosseum\365fa20052.jpg,roman_colosseum,real
dataset_real\train\christ_the_reedemer\81285cdbd1.jpg,christ_the_reedemer,real
dataset_synthetic\train\great_wall_of_china\00121-2449295024.png,great_wall_of_china,synthetic
dataset_real\train\statue_of_liberty\5b9e47f634.jpg,statue_of_liberty,real
dataset_real\train\christ_the_reedemer\80c46f30a7.jpg,christ_the_reedemer,real
dataset_real\train\pyramids_of_giza\e7a2ba707a.jpg,pyramids_of_giza,real
dataset_synthetic\train\chichen_itza\00171-1856050883.png,chichen_itza,synthetic
dataset_real\train\eiffel_tower\62145cc44e.jpg,eiffel_tower,real
dataset_real\train\chichen_itza\e0150dde0f.jpg,chichen_itza,real
dataset_real\train\burj_khalifa\3636892765.jpg,burj_khalifa,real
dataset_real\train\great_wall_of_china\20b27edc62.jpg,great_wall_of_china,real
dataset_synthetic\train\chichen_itza\00176-1856050888.png,chichen_itza,synthetic
dataset_real\train\great_wall_of_china\172602f7d9.jpg,great_wall_of_china,real
dataset_synthetic\train\christ_the_reedemer\00116-3552515810.png,christ_the_reedemer,synthetic
dataset_synthetic\train\eiffel_tower\00200-45903246.png,eiffel_tower,synthetic
dataset_real\train\christ_the_reedemer\c9078e7244.jpg,christ_the_reedemer,real
dataset_real\train\great_wall_of_china\a1bf35a16e.jpg,great_wall_of_china,real
dataset_real\train\pyramids_of_giza\8353b14561.jpg,pyramids_of_giza,real
dataset_real\train\great_wall_of_china\aface0f3b2.jpg,great_wall_of_china,real
dataset_synthetic\train\roman_colosseum\00195-1974243514.png,roman_colosseum,synthetic
dataset_real\train\statue_of_liberty\74f899a77a.jpg,statue_of_liberty,real
dataset_real\train\pyramids_of_giza\5a760ca7f2.jpg,pyramids_of_giza,real
dataset_real\train\eiffel_tower\95e4cd720c.jpg,eiffel_tower,real
dataset_synthetic\train\great_wall_of_china\00112-920026943.png,great_wall_of_china,synthetic
dataset_real\train\roman_colosseum\82f4dbbefc.jpg,roman_colosseum,real
dataset_real\train\pyramids_of_giza\8c348cc0b6.jpg,pyramids_of_giza,real
dataset_real\train\pyramids_of_giza\ea4910702e.jpg,pyramids_of_giza,real
dataset_real\train\christ_the_reedemer\27020a9b7c.jpg,christ_the_reedemer,real
dataset_real\train\burj_khalifa\83508a5138.jpg,burj_khalifa,real
dataset_real\train\christ_the_reedemer\d5dc2e3c26.jpg,christ_the_reedemer,real
dataset_synthetic\train\eiffel_tower\00210-2386103685.png,eiffel_tower,synthetic
dataset_real\train\roman_colosseum\092453a52a.jpg,roman_colosseum,real
dataset_real\train\burj_khalifa\c13b4e84cb.jpg,burj_khalifa,real
dataset_real\train\christ_the_reedemer\ddd2b3de40.jpg,christ_the_reedemer,real
dataset_synthetic\train\eiffel_tower\00264-1566552045.png,eiffel_tower,synthetic
dataset_real\train\pyramids_of_giza\c33c22e593.jpg,pyramids_of_giza,real
dataset_real\train\chichen_itza\2f8fb9139e.jpg,chichen_itza,real
dataset_real\train\christ_the_reedemer\d5dd90b0fd.jpg,christ_the_reedemer,real
dataset_synthetic\train\roman_colosseum\00064-1525667154.png,roman_colosseum,synthetic
dataset_real\train\burj_khalifa\f6c97547a7.jpg,burj_khalifa,real
dataset_real\train\eiffel_tower\4db1e659ee.jpg,eiffel_tower,real
dataset_synthetic\train\pyramids_of_giza\00248-3340261358.png,pyramids_of_giza,synthetic
dataset_synthetic\train\pyramids_of_giza\00152-2205670328.png,pyramids_of_giza,synthetic
dataset_real\train\chichen_itza\2929f91f5e.jpg,chichen_itza,real
dataset_real\train\chichen_itza\1b678785ad.jpg,chichen_itza,real
dataset_synthetic\train\christ_the_reedemer\00098-2389616918.png,christ_the_reedemer,synthetic
dataset_real\train\pyramids_of_giza\b5c735cae1.jpg,pyramids_of_giza,real
dataset_synthetic\train\eiffel_tower\00067-2409094501.png,eiffel_tower,synthetic
dataset_synthetic\train\burj_khalifa\00120-1813382808.png,burj_khalifa,synthetic
dataset_real\train\roman_colosseum\69696fb973.jpg,roman_colosseum,real
dataset_real\train\statue_of_liberty\1542216a69.jpg,statue_of_liberty,real
dataset_real\train\roman_colosseum\b729c25cf0.jpg,roman_colosseum,real
dataset_real\train\christ_the_reedemer\851a254199.jpg,christ_the_reedemer,real
dataset_real\train\christ_the_reedemer\8f0e1706d4.jpg,christ_the_reedemer,real
dataset_real\train\chichen_itza\efc02d7aec.jpg,chichen_itza,real
dataset_real\train\burj_khalifa\d002416c64.jpg,burj_khalifa,real
dataset_real\train\roman_colosseum\d6d1eab24e.jpg,roman_colosseum,real
dataset_synthetic\train\chichen_itza\00089-2079455182.png,chichen_itza,synthetic
dataset_real\train\pyramids_of_giza\94f458498f.jpg,pyramids_of_giza,real
dataset_real\train\eiffel_tower\a046ed5707.jpg,eiffel_tower,real
dataset_real\train\statue_of_liberty\bf2d3341e2.jpg,statue_of_liberty,real
dataset_real\train\christ_the_reedemer\4a017e8111.jpg,christ_the_reedemer,real
dataset_real\train\burj_khalifa\b4271b8179.jpg,burj_khalifa,real
dataset_real\train\christ_the_reedemer\f85a54bb69.jpg,christ_the_reedemer,real
dataset_real\train\roman_colosseum\071fadc01d.jpg,roman_colosseum,real
dataset_synthetic\train\chichen_itza\00027-354526614.png,chichen_itza,synthetic
dataset_real\train\chichen_itza\ea759401b4.jpg,chichen_itza,real
dataset_real\train\great_wall_of_china\188adbaa13.jpg,great_wall_of_china,real
dataset_real\train\christ_the_reedemer\c2c32dc7a4.jpg,christ_the_reedemer,real
dataset_real\train\great_wall_of_china\184e5cf9b3.jpg,great_wall_of_china,real
dataset_real\train\roman_colosseum\9a9d9ace90.jpg,roman_colosseum,real
dataset_real\train\roman_colosseum\9338f7b5fb.jpg,roman_colosseum,real
dataset_synthetic\train\roman_colosseum\00225-1225658203.png,roman_colosseum,synthetic
dataset_real\train\burj_khalifa\d1895ba144.jpg,burj_khalifa,real
dataset_real\train\burj_khalifa\58d618d685.jpg,burj_khalifa,real
dataset_real\train\eiffel_tower\3195c24761.jpg,eiffel_tower,real
dataset_real\train\statue_of_liberty\2b518bf1c7.jpg,statue_of_liberty,real
dataset_real\train\roman_colosseum\c55d1367fa.jpg,roman_colosseum,real
dataset_real\train\eiffel_tower\894c615a89.jpg,eiffel_tower,real
dataset_real\train\great_wall_of_china\5bcc69d401.jpg,great_wall_of_china,real
dataset_real\train\christ_the_reedemer\ee0ed0f698.jpg,christ_the_reedemer,real
dataset_real\train\great_wall_of_china\3918282d25.jpg,great_wall_of_china,real
dataset_real\train\chichen_itza\128447c447.jpg,chichen_itza,real
dataset_real\train\burj_khalifa\f42fe52e26.jpg,burj_khalifa,real
dataset_real\train\burj_khalifa\1a81fe9ecb.jpg,burj_khalifa,real
dataset_synthetic\train\chichen_itza\00061-2079455154.png,chichen_itza,synthetic
dataset_real\train\roman_colosseum\e57ee8b2a3.jpg,roman_colosseum,real
dataset_real\train\roman_colosseum\95a672144a.jpg,roman_colosseum,real
dataset_real\train\burj_khalifa\dab5bf98d7.jpg,burj_khalifa,real
dataset_real\train\christ_the_reedemer\3d78346aa8.jpg,christ_the_reedemer,real
dataset_real\train\christ_the_reedemer\daec5aab3e.jpg,christ_the_reedemer,real
dataset_real\train\statue_of_liberty\72a81bc7ea.jpg,statue_of_liberty,real
dataset_real\train\pyramids_of_giza\6d38e05d43.jpg,pyramids_of_giza,real
dataset_real\train\chichen_itza\33cb7caa5d.jpg,chichen_itza,real
dataset_synthetic\train\statue_of_liberty\00613-4055323050.png,statue_of_liberty,synthetic
dataset_real\train\eiffel_tower\27de29068c.jpg,eiffel_tower,real
dataset_real\train\great_wall_of_china\2b7de47436.jpg,great_wall_of_china,real
dataset_synthetic\train\pyramids_of_giza\00094-942607752.png,pyramids_of_giza,synthetic
dataset_synthetic\train\pyramids_of_giza\00089-2984508841.png,pyramids_of_giza,synthetic
dataset_real\train\burj_khalifa\9c1c7613c0.jpg,burj_khalifa,real
dataset_real\train\chichen_itza\32bca01d7a.jpg,chichen_itza,real
dataset_real\train\christ_the_reedemer\ce7f867b41.jpg,christ_the_reedemer,real
dataset_real\train\roman_colosseum\45524c7733.jpg,roman_colosseum,real
dataset_real\train\great_wall_of_china\7294870974.jpg,great_wall_of_china,real
dataset_real\train\christ_the_reedemer\d1e0d9a316.jpg,christ_the_reedemer,real
dataset_real\train\statue_of_liberty\84f60063c4.jpg,statue_of_liberty,real
dataset_real\train\great_wall_of_china\66d86b95e9.jpg,great_wall_of_china,real
dataset_synthetic\train\roman_colosseum\00110-2343411957.png,roman_colosseum,synthetic
dataset_real\train\chichen_itza\7035feed71.jpg,chichen_itza,real
dataset_synthetic\train\pyramids_of_giza\00253-3340261363.png,pyramids_of_giza,synthetic
dataset_real\train\chichen_itza\666a76bcfb.jpg,chichen_itza,real
dataset_real\train\great_wall_of_china\20066e8954.jpg,great_wall_of_china,real
dataset_synthetic\train\pyramids_of_giza\00037-2054659940.png,pyramids_of_giza,synthetic
dataset_real\train\statue_of_liberty\9194c0848e.jpg,statue_of_liberty,real
dataset_real\train\chichen_itza\e027adb44b.jpg,chichen_itza,real
dataset_real\train\roman_colosseum\2eb4b4b587.jpg,roman_colosseum,real
dataset_synthetic\train\statue_of_liberty\00433-3674376589.png,statue_of_liberty,synthetic
dataset_real\train\pyramids_of_giza\b7904c60d6.jpg,pyramids_of_giza,real
dataset_synthetic\train\statue_of_liberty\00592-3964871341.png,statue_of_liberty,synthetic
dataset_synthetic\train\burj_khalifa\00145-1813382833.png,burj_khalifa,synthetic
dataset_real\train\pyramids_of_giza\f099106140.jpg,pyramids_of_giza,real
dataset_real\train\roman_colosseum\710006884d.jpg,roman_colosseum,real
dataset_real\train\burj_khalifa\cb97acb7c6.jpg,burj_khalifa,real
dataset_real\train\statue_of_liberty\1aeb838266.jpg,statue_of_liberty,real
dataset_synthetic\train\great_wall_of_china\00274-1383148726.png,great_wall_of_china,synthetic
dataset_real\train\eiffel_tower\7e8a6b209a.jpg,eiffel_tower,real
dataset_real\train\roman_colosseum\60a8c67f73.jpg,roman_colosseum,real
dataset_real\train\chichen_itza\719520eae8.jpg,chichen_itza,real
dataset_real\train\pyramids_of_giza\2c585af73a.jpg,pyramids_of_giza,real
dataset_real\train\burj_khalifa\bdc36c7212.jpg,burj_khalifa,real
dataset_real\train\great_wall_of_china\0309f8674f.jpg,great_wall_of_china,real
dataset_real\train\great_wall_of_china\c05cd4b68a.jpg,great_wall_of_china,real
dataset_synthetic\train\eiffel_tower\00006-3137921691.png,eiffel_tower,synthetic
dataset_real\train\pyramids_of_giza\dfc5cf8642.jpg,pyramids_of_giza,real
dataset_real\train\pyramids_of_giza\ab3b853a85.jpg,pyramids_of_giza,real
dataset_real\train\roman_colosseum\58f38e905e.jpg,roman_colosseum,real
dataset_real\train\eiffel_tower\6cfe909b12.jpg,eiffel_tower,real
dataset_real\train\statue_of_liberty\4fa5fda450.jpg,statue_of_liberty,real
dataset_synthetic\train\pyramids_of_giza\00113-942607771.png,pyramids_of_giza,synthetic
dataset_real\train\pyramids_of_giza\bc0cffa21c.jpg,pyramids_of_giza,real
dataset_real\train\burj_khalifa\efc3137f40.jpg,burj_khalifa,real
dataset_real\train\eiffel_tower\8c3b25af89.jpg,eiffel_tower,real
dataset_real\train\pyramids_of_giza\87d9308559.jpg,pyramids_of_giza,real
dataset_real\train\roman_colosseum\d5450beb71.jpg,roman_colosseum,real
dataset_real\train\eiffel_tower\852e9995ef.jpg,eiffel_tower,real
dataset_real\train\chichen_itza\eebe634d70.jpg,chichen_itza,real
dataset_real\train\eiffel_tower\beb6568a57.jpg,eiffel_tower,real
dataset_synthetic\train\pyramids_of_giza\00286-39524431.png,pyramids_of_giza,synthetic
dataset_real\train\roman_colosseum\ac3c6f17fe.jpg,roman_colosseum,real
dataset_real\train\christ_the_reedemer\b9fb367877.jpg,christ_the_reedemer,real
dataset_real\train\roman_colosseum\9fe0dba031.jpg,roman_colosseum,real
dataset_synthetic\train\great_wall_of_china\00213-4011577228.png,great_wall_of_china,synthetic
dataset_synthetic\train\christ_the_reedemer\00185-4094071611.png,christ_the_reedemer,synthetic
dataset_real\train\statue_of_liberty\f0376b4e06.jpg,statue_of_liberty,real
dataset_real\train\statue_of_liberty\ec63ebf907.jpg,statue_of_liberty,real
dataset_real\train\christ_the_reedemer\62f953fe53.jpg,christ_the_reedemer,real
dataset_real\train\eiffel_tower\d34ac2c771.jpg,eiffel_tower,real
dataset_real\train\roman_colosseum\6035e8e683.jpg,roman_colosseum,real
dataset_synthetic\train\pyramids_of_giza\00082-2984508834.png,pyramids_of_giza,synthetic
dataset_real\train\pyramids_of_giza\46d872143f.jpg,pyramids_of_giza,real
dataset_synthetic\train\eiffel_tower\00008-3137921693.png,eiffel_tower,synthetic
dataset_real\train\roman_colosseum\a519fdb9ff.jpg,roman_colosseum,real
dataset_synthetic\train\chichen_itza\00051-2669227205.png,chichen_itza,synthetic
dataset_real\train\great_wall_of_china\d42bdbcb78.jpg,great_wall_of_china,real
dataset_synthetic\train\chichen_itza\00005-354526592.png,chichen_itza,synthetic
dataset_synthetic\train\great_wall_of_china\00116-920026947.png,great_wall_of_china,synthetic
dataset_synthetic\train\great_wall_of_china\00185-2026541293.png,great_wall_of_china,synthetic
dataset_real\train\roman_colosseum\8d86312a3b.jpg,roman_colosseum,real
dataset_real\train\roman_colosseum\6ae4518220.jpg,roman_colosseum,real
dataset_synthetic\train\christ_the_reedemer\00257-2017116373.png,christ_the_reedemer,synthetic
dataset_real\train\eiffel_tower\f94f63a993.jpg,eiffel_tower,real
dataset_real\train\eiffel_tower\ec4d06527e.jpg,eiffel_tower,real
dataset_synthetic\train\chichen_itza\00027-817939102.png,chichen_itza,synthetic
dataset_real\train\pyramids_of_giza\1118710a8e.jpg,pyramids_of_giza,real
dataset_real\train\roman_colosseum\f38d824b91.jpg,roman_colosseum,real
dataset_real\train\pyramids_of_giza\7c137fce5d.jpg,pyramids_of_giza,real
dataset_real\train\christ_the_reedemer\3b7428ec69.jpg,christ_the_reedemer,real
dataset_real\train\burj_khalifa\cac1ff6043.jpg,burj_khalifa,real
dataset_real\train\roman_colosseum\c19717f3a6.jpg,roman_colosseum,real
dataset_real\train\roman_colosseum\cb3140b91b.jpg,roman_colosseum,real
dataset_synthetic\train\chichen_itza\00125-1654904556.png,chichen_itza,synthetic
dataset_real\train\eiffel_tower\1921a00c87.jpg,eiffel_tower,real
dataset_real\train\statue_of_liberty\03f88c0e30.jpg,statue_of_liberty,real
dataset_synthetic\train\roman_colosseum\00044-2283819993.png,roman_colosseum,synthetic
dataset_real\train\pyramids_of_giza\6ec1fb5047.jpg,pyramids_of_giza,real
dataset_synthetic\train\chichen_itza\00080-2079455173.png,chichen_itza,synthetic
dataset_real\train\christ_the_reedemer\34afb8df98.jpg,christ_the_reedemer,real
dataset_synthetic\train\great_wall_of_china\00251-4085978417.png,great_wall_of_china,synthetic
dataset_real\train\pyramids_of_giza\6f16ee2ad2.jpg,pyramids_of_giza,real
dataset_synthetic\train\statue_of_liberty\00588-3964871337.png,statue_of_liberty,synthetic
dataset_real\train\great_wall_of_china\a9079de918.jpg,great_wall_of_china,real
dataset_real\train\chichen_itza\6532050dd3.jpg,chichen_itza,real
dataset_real\train\roman_colosseum\66e5e157ea.jpg,roman_colosseum,real
dataset_real\train\eiffel_tower\454de3455f.jpg,eiffel_tower,real
dataset_real\train\great_wall_of_china\953841af91.jpg,great_wall_of_china,real
dataset_real\train\chichen_itza\d08aeef861.jpg,chichen_itza,real
dataset_real\train\burj_khalifa\4b8ec72cb0.jpg,burj_khalifa,real
dataset_real\train\christ_the_reedemer\ca6af661c7.jpg,christ_the_reedemer,real
dataset_real\train\roman_colosseum\65ec210188.jpg,roman_colosseum,real
dataset_real\train\statue_of_liberty\5bd3684987.jpg,statue_of_liberty,real
dataset_real\train\burj_khalifa\3b5a0083df.jpg,burj_khalifa,real
dataset_synthetic\train\statue_of_liberty\00450-818305453.png,statue_of_liberty,synthetic
dataset_real\train\pyramids_of_giza\5162917566.jpg,pyramids_of_giza,real
dataset_real\train\eiffel_tower\c9e537d7ee.jpg,eiffel_tower,real
dataset_synthetic\train\burj_khalifa\00158-2778414625.png,burj_khalifa,synthetic
dataset_real\train\eiffel_tower\32bbbd89d5.jpg,eiffel_tower,real
dataset_real\train\eiffel_tower\0a762bf841.jpg,eiffel_tower,real
dataset_real\train\eiffel_tower\e359656db2.jpg,eiffel_tower,real
dataset_real\train\burj_khalifa\6642cd4968.jpg,burj_khalifa,real
dataset_real\train\christ_the_reedemer\a111300d9d.jpg,christ_the_reedemer,real
dataset_synthetic\train\statue_of_liberty\00595-3964871344.png,statue_of_liberty,synthetic
dataset_real\train\roman_colosseum\28de599b18.jpg,roman_colosseum,real
dataset_real\train\burj_khalifa\cee569860e.jpg,burj_khalifa,real
dataset_real\train\eiffel_tower\df813f0329.jpg,eiffel_tower,real
dataset_real\train\statue_of_liberty\6028d67978.jpg,statue_of_liberty,real
dataset_real\train\roman_colosseum\bf7568a657.jpg,roman_colosseum,real
dataset_real\train\eiffel_tower\d97d14f896.jpg,eiffel_tower,real
dataset_real\train\statue_of_liberty\f5bca46408.jpg,statue_of_liberty,real
dataset_real\train\eiffel_tower\926d33dca3.jpg,eiffel_tower,real
dataset_real\train\great_wall_of_china\35d15499b2.jpg,great_wall_of_china,real
dataset_real\train\chichen_itza\d9c1d3054f.jpg,chichen_itza,real
dataset_real\train\christ_the_reedemer\31a69a5597.jpg,christ_the_reedemer,real
dataset_real\train\burj_khalifa\41ee1bbd47.jpg,burj_khalifa,real
dataset_real\train\pyramids_of_giza\7ed69ee146.jpg,pyramids_of_giza,real
dataset_real\train\christ_the_reedemer\a716bb9f85.jpg,christ_the_reedemer,real
dataset_real\train\roman_colosseum\da98dc4cd7.jpg,roman_colosseum,real
dataset_synthetic\train\great_wall_of_china\00049-1177815138.png,great_wall_of_china,synthetic
dataset_synthetic\train\statue_of_liberty\00393-1169046304.png,statue_of_liberty,synthetic
dataset_real\train\eiffel_tower\274a4dbf5c.jpg,eiffel_tower,real
dataset_real\train\christ_the_reedemer\0ca3b8d570.jpg,christ_the_reedemer,real
dataset_synthetic\train\chichen_itza\00119-3888410430.png,chichen_itza,synthetic
dataset_real\train\eiffel_tower\4eb8373b68.jpg,eiffel_tower,real
dataset_real\train\burj_khalifa\f0e54b09b4.jpg,burj_khalifa,real
dataset_synthetic\train\statue_of_liberty\00468-818305471.png,statue_of_liberty,synthetic
dataset_synthetic\train\great_wall_of_china\00170-1607761950.png,great_wall_of_china,synthetic
dataset_synthetic\train\burj_khalifa\00246-2863073456.png,burj_khalifa,synthetic
dataset_real\train\christ_the_reedemer\8e049808ff.jpg,christ_the_reedemer,real
dataset_real\train\pyramids_of_giza\a530ac7202.jpg,pyramids_of_giza,real
dataset_real\train\burj_khalifa\b67773fb09.jpg,burj_khalifa,real
dataset_synthetic\train\eiffel_tower\00042-1984749095.png,eiffel_tower,synthetic
dataset_synthetic\train\burj_khalifa\00106-4109332474.png,burj_khalifa,synthetic
dataset_real\train\roman_colosseum\83072fb856.jpg,roman_colosseum,real
dataset_real\train\great_wall_of_china\b0c83725f7.jpg,great_wall_of_china,real
dataset_real\train\roman_colosseum\364e7089bb.jpg,roman_colosseum,real
dataset_real\train\christ_the_reedemer\eb1be924c7.jpg,christ_the_reedemer,real
dataset_real\train\great_wall_of_china\d0db2f30e5.jpg,great_wall_of_china,real
dataset_real\train\roman_colosseum\0e00dfa7c9.jpg,roman_colosseum,real
dataset_synthetic\train\chichen_itza\00054-2669227208.png,chichen_itza,synthetic
dataset_real\train\christ_the_reedemer\3e144c461b.jpg,christ_the_reedemer,real
dataset_real\train\roman_colosseum\cb93212fd8.jpg,roman_colosseum,real
dataset_real\train\christ_the_reedemer\db6afdb118.jpg,christ_the_reedemer,real
dataset_synthetic\train\roman_colosseum\00264-1881496559.png,roman_colosseum,synthetic
dataset_real\train\burj_khalifa\aa0042aafd.jpg,burj_khalifa,real
dataset_real\train\chichen_itza\e3a7af0b16.jpg,chichen_itza,real
dataset_real\train\roman_colosseum\367e6c199b.jpg,roman_colosseum,real
dataset_real\train\christ_the_reedemer\e5f894d9c0.jpg,christ_the_reedemer,real
dataset_real\train\christ_the_reedemer\6a19038293.jpg,christ_the_reedemer,real
dataset_real\train\roman_colosseum\55e3eaa506.jpg,roman_colosseum,real
dataset_real\train\statue_of_liberty\3a4d2ac51d.jpg,statue_of_liberty,real
dataset_synthetic\train\roman_colosseum\00206-1974243525.png,roman_colosseum,synthetic
dataset_synthetic\train\christ_the_reedemer\00128-3552515822.png,christ_the_reedemer,synthetic
dataset_real\train\christ_the_reedemer\2c8dab432d.jpg,christ_the_reedemer,real
dataset_real\train\great_wall_of_china\e2f47a558d.jpg,great_wall_of_china,real
dataset_real\train\great_wall_of_china\b6b329d76e.jpg,great_wall_of_china,real
dataset_real\train\eiffel_tower\bff33e66d0.jpg,eiffel_tower,real
dataset_real\train\eiffel_tower\1df2a601be.jpg,eiffel_tower,real
dataset_real\train\pyramids_of_giza\955896640a.jpg,pyramids_of_giza,real
dataset_real\train\statue_of_liberty\e170a77760.jpg,statue_of_liberty,real
dataset_synthetic\train\burj_khalifa\00070-3346071106.png,burj_khalifa,synthetic
dataset_real\train\pyramids_of_giza\f26b31d072.jpg,pyramids_of_giza,real
dataset_real\train\great_wall_of_china\cfcaa6d618.jpg,great_wall_of_china,real
dataset_real\train\pyramids_of_giza\4a0f0382ad.jpg,pyramids_of_giza,real
dataset_real\train\great_wall_of_china\f2d1d21e79.jpg,great_wall_of_china,real
dataset_real\train\chichen_itza\e2419de786.jpg,chichen_itza,real
dataset_synthetic\train\pyramids_of_giza\00069-2984508821.png,pyramids_of_giza,synthetic
dataset_synthetic\train\great_wall_of_china\00180-2026541288.png,great_wall_of_china,synthetic
dataset_real\train\eiffel_tower\7d4bbcc6de.jpg,eiffel_tower,real
dataset_real\train\christ_the_reedemer\425ae18366.jpg,christ_the_reedemer,real
dataset_real\train\burj_khalifa\2240fed2dd.jpg,burj_khalifa,real
dataset_synthetic\train\roman_colosseum\00187-1974243506.png,roman_colosseum,synthetic
dataset_synthetic\train\chichen_itza\00003-817939078.png,chichen_itza,synthetic
dataset_synthetic\train\great_wall_of_china\00132-2449295035.png,great_wall_of_china,synthetic
dataset_real\train\roman_colosseum\b63c459f24.jpg,roman_colosseum,real
dataset_synthetic\train\eiffel_tower\00056-1984749109.png,eiffel_tower,synthetic
dataset_real\train\eiffel_tower\3f62e1ab1a.jpg,eiffel_tower,real
dataset_real\train\christ_the_reedemer\b2b6be0971.jpg,christ_the_reedemer,real
dataset_real\train\statue_of_liberty\20e952ce42.jpg,statue_of_liberty,real
dataset_real\train\burj_khalifa\19b08575e1.jpg,burj_khalifa,real
dataset_real\train\christ_the_reedemer\f201c758fa.jpg,christ_the_reedemer,real
dataset_real\train\statue_of_liberty\352e7e9b65.jpg,statue_of_liberty,real
dataset_synthetic\train\burj_khalifa\00243-2863073453.png,burj_khalifa,synthetic
dataset_real\train\christ_the_reedemer\0e0236c5be.jpg,christ_the_reedemer,real
dataset_real\train\great_wall_of_china\dc2e77c812.jpg,great_wall_of_china,real
dataset_real\train\burj_khalifa\fb0de86583.jpg,burj_khalifa,real
dataset_real\train\chichen_itza\dfe2543e70.jpg,chichen_itza,real
dataset_real\train\burj_khalifa\1973b3cb71.jpg,burj_khalifa,real
dataset_real\train\statue_of_liberty\8dbeb0721a.jpg,statue_of_liberty,real
dataset_synthetic\train\eiffel_tower\00160-1848933959.png,eiffel_tower,synthetic
dataset_real\train\roman_colosseum\e1dc8e5d52.jpg,roman_colosseum,real
dataset_real\train\christ_the_reedemer\690ca68392.jpg,christ_the_reedemer,real
dataset_synthetic\train\roman_colosseum\00021-3704602086.png,roman_colosseum,synthetic
dataset_real\train\great_wall_of_china\3a5db412fb.jpg,great_wall_of_china,real
dataset_real\train\chichen_itza\67c3f7dd5e.jpg,chichen_itza,real
dataset_synthetic\train\chichen_itza\00010-817939085.png,chichen_itza,synthetic
dataset_synthetic\train\burj_khalifa\00012-2682522065.png,burj_khalifa,synthetic
dataset_synthetic\train\burj_khalifa\00043-3281528408.png,burj_khalifa,synthetic
dataset_real\train\pyramids_of_giza\6b98d9b744.jpg,pyramids_of_giza,real
dataset_real\train\chichen_itza\0815e950f9.jpg,chichen_itza,real
dataset_real\train\pyramids_of_giza\f478cca7a8.jpg,pyramids_of_giza,real
dataset_synthetic\train\roman_colosseum\00072-1525667162.png,roman_colosseum,synthetic
dataset_real\train\chichen_itza\40a42cba6a.jpg,chichen_itza,real
dataset_real\train\pyramids_of_giza\8ca2e8ea16.jpg,pyramids_of_giza,real
dataset_real\train\burj_khalifa\6941977bff.jpg,burj_khalifa,real
dataset_real\train\roman_colosseum\5b2aba86fe.jpg,roman_colosseum,real
dataset_real\train\chichen_itza\cef5c7d05b.jpg,chichen_itza,real
dataset_synthetic\train\statue_of_liberty\00463-818305466.png,statue_of_liberty,synthetic
dataset_real\train\pyramids_of_giza\7268201d4e.jpg,pyramids_of_giza,real
dataset_real\train\burj_khalifa\1c772f558f.jpg,burj_khalifa,real
dataset_real\train\roman_colosseum\74112f57a5.jpg,roman_colosseum,real
dataset_real\train\statue_of_liberty\758282cf51.jpg,statue_of_liberty,real
dataset_synthetic\train\christ_the_reedemer\00232-2017116348.png,christ_the_reedemer,synthetic
dataset_real\train\burj_khalifa\6c1c0425be.jpg,burj_khalifa,real
dataset_real\train\chichen_itza\8abad0d5f2.jpg,chichen_itza,real
dataset_real\train\great_wall_of_china\ae5c72a45e.jpg,great_wall_of_china,real
dataset_real\train\christ_the_reedemer\622ad5a1a8.jpg,christ_the_reedemer,real
dataset_real\train\eiffel_tower\b357712d02.jpg,eiffel_tower,real
dataset_real\train\roman_colosseum\391e48aecc.jpg,roman_colosseum,real
dataset_synthetic\train\pyramids_of_giza\00122-962878660.png,pyramids_of_giza,synthetic
dataset_real\train\great_wall_of_china\ddc25d99b5.jpg,great_wall_of_china,real
dataset_real\train\burj_khalifa\5c134ac7e8.jpg,burj_khalifa,real
dataset_real\train\great_wall_of_china\30fb097819.jpg,great_wall_of_china,real
dataset_synthetic\train\burj_khalifa\00254-2863073464.png,burj_khalifa,synthetic
dataset_synthetic\train\eiffel_tower\00215-2386103690.png,eiffel_tower,synthetic
dataset_synthetic\train\great_wall_of_china\00107-920026938.png,great_wall_of_china,synthetic
dataset_synthetic\train\christ_the_reedemer\00251-2017116367.png,christ_the_reedemer,synthetic
dataset_real\train\great_wall_of_china\69f9f8c211.jpg,great_wall_of_china,real
dataset_real\train\burj_khalifa\b1a2328f2f.jpg,burj_khalifa,real
dataset_synthetic\train\statue_of_liberty\00399-1169046310.png,statue_of_liberty,synthetic
dataset_synthetic\train\roman_colosseum\00038-2283819987.png,roman_colosseum,synthetic
dataset_real\train\burj_khalifa\b17fbfe5d4.jpg,burj_khalifa,real
dataset_real\train\eiffel_tower\2ed08fc098.jpg,eiffel_tower,real
dataset_real\train\pyramids_of_giza\42e1b72f53.jpg,pyramids_of_giza,real
dataset_real\train\great_wall_of_china\3c9198342e.jpg,great_wall_of_china,real
dataset_synthetic\train\eiffel_tower\00073-2409094507.png,eiffel_tower,synthetic
dataset_real\train\pyramids_of_giza\766d68f4d8.jpg,pyramids_of_giza,real
dataset_synthetic\train\burj_khalifa\00223-2852982627.png,burj_khalifa,synthetic
dataset_real\train\great_wall_of_china\01af05b441.jpg,great_wall_of_china,real
dataset_synthetic\train\chichen_itza\00127-1654904558.png,chichen_itza,synthetic
dataset_real\train\roman_colosseum\67b35379d2.jpg,roman_colosseum,real
dataset_real\train\statue_of_liberty\c3e6d12c86.jpg,statue_of_liberty,real
dataset_real\train\burj_khalifa\f5bbcaaa8a.jpg,burj_khalifa,real
dataset_real\train\burj_khalifa\b1bcfdd342.jpg,burj_khalifa,real
dataset_real\train\great_wall_of_china\2e76626e1b.jpg,great_wall_of_china,real
dataset_real\train\chichen_itza\6069a7927a.jpg,chichen_itza,real
dataset_real\train\roman_colosseum\2b69d6e95d.jpg,roman_colosseum,real
dataset_real\train\eiffel_tower\c64a0d7b26.jpg,eiffel_tower,real
dataset_real\train\roman_colosseum\986f6062d0.jpg,roman_colosseum,real
dataset_real\train\chichen_itza\6c096c25a4.jpg,chichen_itza,real
dataset_real\train\christ_the_reedemer\3d6470e199.jpg,christ_the_reedemer,real
dataset_real\train\pyramids_of_giza\09b385af40.jpg,pyramids_of_giza,real
dataset_real\train\pyramids_of_giza\661b95b70d.jpg,pyramids_of_giza,real
dataset_real\train\eiffel_tower\ee1a353f80.jpg,eiffel_tower,real
dataset_real\train\eiffel_tower\bcac358921.jpg,eiffel_tower,real
dataset_real\train\chichen_itza\10381cc757.jpg,chichen_itza,real
dataset_synthetic\train\eiffel_tower\00219-2386103694.png,eiffel_tower,synthetic
dataset_real\train\roman_colosseum\832a566d8d.jpg,roman_colosseum,real
dataset_real\train\pyramids_of_giza\72da050c02.jpg,pyramids_of_giza,real
dataset_real\train\great_wall_of_china\86115457bb.jpg,great_wall_of_china,real
dataset_real\train\christ_the_reedemer\1691033e8e.jpg,christ_the_reedemer,real
dataset_real\train\christ_the_reedemer\7ccb403e1c.jpg,christ_the_reedemer,real
dataset_real\train\eiffel_tower\a535791529.jpg,eiffel_tower,real
dataset_real\train\burj_khalifa\b6aad1aa18.jpg,burj_khalifa,real
dataset_real\train\pyramids_of_giza\bacd3a6213.jpg,pyramids_of_giza,real
dataset_synthetic\train\roman_colosseum\00051-2283820000.png,roman_colosseum,synthetic
dataset_real\train\pyramids_of_giza\f9df5357ee.jpg,pyramids_of_giza,real
dataset_real\train\roman_colosseum\1d9f847eff.jpg,roman_colosseum,real
dataset_real\train\chichen_itza\886afd69b5.jpg,chichen_itza,real
dataset_real\train\eiffel_tower\6d58833ab9.jpg,eiffel_tower,real
dataset_synthetic\train\roman_colosseum\00292-241878747.png,roman_colosseum,synthetic
dataset_real\train\eiffel_tower\85f5188324.jpg,eiffel_tower,real
dataset_synthetic\train\burj_khalifa\00186-2688549094.png,burj_khalifa,synthetic
dataset_real\train\chichen_itza\e65a25495e.jpg,chichen_itza,real
dataset_real\train\burj_khalifa\1d33e68a48.jpg,burj_khalifa,real
dataset_real\train\christ_the_reedemer\8f72749b3b.jpg,christ_the_reedemer,real
dataset_synthetic\train\chichen_itza\00032-2669227186.png,chichen_itza,synthetic
dataset_real\train\great_wall_of_china\121166d834.jpg,great_wall_of_china,real
dataset_real\train\chichen_itza\59a9abb96b.jpg,chichen_itza,real
dataset_synthetic\train\christ_the_reedemer\00087-2389616907.png,christ_the_reedemer,synthetic
dataset_synthetic\train\great_wall_of_china\00176-1607761956.png,great_wall_of_china,synthetic
dataset_real\train\eiffel_tower\dc4b0a717a.jpg,eiffel_tower,real
dataset_real\train\pyramids_of_giza\1b2b067415.jpg,pyramids_of_giza,real
dataset_real\train\eiffel_tower\01de31a300.jpg,eiffel_tower,real
dataset_synthetic\train\roman_colosseum\00062-1525667152.png,roman_colosseum,synthetic
dataset_real\train\eiffel_tower\93df9dd7c7.jpg,eiffel_tower,real
dataset_synthetic\train\chichen_itza\00163-1856050875.png,chichen_itza,synthetic
dataset_real\train\chichen_itza\5e1d59d983.jpg,chichen_itza,real
dataset_real\train\chichen_itza\9fce9093e5.jpg,chichen_itza,real
dataset_synthetic\train\christ_the_reedemer\00078-2397697063.png,christ_the_reedemer,synthetic
dataset_synthetic\train\eiffel_tower\00142-70550513.png,eiffel_tower,synthetic
dataset_real\train\roman_colosseum\d7eb23578c.jpg,roman_colosseum,real
dataset_real\train\christ_the_reedemer\c4a54afd6d.jpg,christ_the_reedemer,real
dataset_real\train\great_wall_of_china\c3bdedb22a.jpg,great_wall_of_china,real
dataset_synthetic\train\eiffel_tower\00035-1984749088.png,eiffel_tower,synthetic
dataset_real\train\statue_of_liberty\6228e0f7a6.jpg,statue_of_liberty,real
dataset_real\train\christ_the_reedemer\4212f76cfc.jpg,christ_the_reedemer,real
dataset_real\train\chichen_itza\cc89ae6754.jpg,chichen_itza,real
dataset_real\train\pyramids_of_giza\2efc85ccae.jpg,pyramids_of_giza,real
dataset_synthetic\train\burj_khalifa\00208-2688549116.png,burj_khalifa,synthetic
dataset_real\train\statue_of_liberty\0eeddca2a6.jpg,statue_of_liberty,real
dataset_real\train\christ_the_reedemer\bf1ce82755.jpg,christ_the_reedemer,real
dataset_synthetic\train\eiffel_tower\00244-1566552025.png,eiffel_tower,synthetic
dataset_synthetic\train\eiffel_tower\00044-1984749097.png,eiffel_tower,synthetic
dataset_synthetic\train\chichen_itza\00012-817939087.png,chichen_itza,synthetic
dataset_synthetic\train\great_wall_of_china\00155-1607761935.png,great_wall_of_china,synthetic
dataset_real\train\pyramids_of_giza\5a856091f5.jpg,pyramids_of_giza,real
dataset_real\train\pyramids_of_giza\81c1b24973.jpg,pyramids_of_giza,real
dataset_real\train\roman_colosseum\f8a4d877e8.jpg,roman_colosseum,real
dataset_synthetic\train\pyramids_of_giza\00268-3340261378.png,pyramids_of_giza,synthetic
dataset_real\train\christ_the_reedemer\34b186265c.jpg,christ_the_reedemer,real
dataset_real\train\christ_the_reedemer\4e7b01671e.jpg,christ_the_reedemer,real
dataset_synthetic\train\burj_khalifa\00083-3346071119.png,burj_khalifa,synthetic
dataset_real\train\chichen_itza\669fe43555.jpg,chichen_itza,real
dataset_real\train\roman_colosseum\e665f3649e.jpg,roman_colosseum,real
dataset_real\train\great_wall_of_china\97f381c0a2.jpg,great_wall_of_china,real
dataset_synthetic\train\burj_khalifa\00127-1813382815.png,burj_khalifa,synthetic
dataset_synthetic\train\chichen_itza\00235-4190620872.png,chichen_itza,synthetic
dataset_real\train\eiffel_tower\4bcdd55ed5.jpg,eiffel_tower,real
dataset_real\train\christ_the_reedemer\799c0d200b.jpg,christ_the_reedemer,real
dataset_real\train\pyramids_of_giza\219ce83c90.jpg,pyramids_of_giza,real
dataset_real\train\burj_khalifa\e7132245a9.jpg,burj_khalifa,real
dataset_real\train\eiffel_tower\59a03ff71a.jpg,eiffel_tower,real
dataset_synthetic\train\eiffel_tower\00101-3388316046.png,eiffel_tower,synthetic
dataset_real\train\roman_colosseum\9b87f21650.jpg,roman_colosseum,real
dataset_real\train\burj_khalifa\35de78ee3f.jpg,burj_khalifa,real
dataset_real\train\pyramids_of_giza\e7a0694555.jpg,pyramids_of_giza,real
dataset_real\train\christ_the_reedemer\ee99f9af98.jpg,christ_the_reedemer,real
dataset_synthetic\train\eiffel_tower\00059-2409094493.png,eiffel_tower,synthetic
dataset_real\train\christ_the_reedemer\2a5fab9f9d.jpg,christ_the_reedemer,real
dataset_real\train\statue_of_liberty\18ce5f7a50.jpg,statue_of_liberty,real
dataset_synthetic\train\christ_the_reedemer\00169-423565307.png,christ_the_reedemer,synthetic
dataset_real\train\roman_colosseum\e04046546d.jpg,roman_colosseum,real
dataset_real\train\pyramids_of_giza\f59466ac8b.jpg,pyramids_of_giza,real
dataset_real\train\christ_the_reedemer\21283baf94.jpg,christ_the_reedemer,real
dataset_synthetic\train\roman_colosseum\00184-1974243503.png,roman_colosseum,synthetic
dataset_real\train\chichen_itza\59b69eec94.jpg,chichen_itza,real
dataset_real\train\pyramids_of_giza\77460b4176.jpg,pyramids_of_giza,real
dataset_real\train\pyramids_of_giza\13714ec7f7.jpg,pyramids_of_giza,real
dataset_real\train\great_wall_of_china\d51517b70d.jpg,great_wall_of_china,real
dataset_real\train\great_wall_of_china\da91434428.jpg,great_wall_of_china,real
dataset_real\train\burj_khalifa\44438a0fa9.jpg,burj_khalifa,real
dataset_real\train\pyramids_of_giza\1dcae08391.jpg,pyramids_of_giza,real
dataset_real\train\roman_colosseum\efee1d9242.jpg,roman_colosseum,real
dataset_real\train\pyramids_of_giza\e3b6f1201d.jpg,pyramids_of_giza,real
dataset_synthetic\train\pyramids_of_giza\00222-3159135361.png,pyramids_of_giza,synthetic
dataset_synthetic\train\great_wall_of_china\00044-1177815133.png,great_wall_of_china,synthetic
dataset_real\train\pyramids_of_giza\1fbab6c0d0.jpg,pyramids_of_giza,real
dataset_real\train\chichen_itza\df0eab5946.jpg,chichen_itza,real
dataset_real\train\burj_khalifa\f4a1dd562d.jpg,burj_khalifa,real
dataset_real\train\pyramids_of_giza\0fdf496d65.jpg,pyramids_of_giza,real
dataset_real\train\statue_of_liberty\37c4325da0.jpg,statue_of_liberty,real
dataset_real\train\great_wall_of_china\96ebb99118.jpg,great_wall_of_china,real
dataset_real\train\statue_of_liberty\a6aa86b0e5.jpg,statue_of_liberty,real
dataset_real\train\eiffel_tower\b85dc7d2cc.jpg,eiffel_tower,real
dataset_real\train\burj_khalifa\23a03674d4.jpg,burj_khalifa,real
dataset_real\train\roman_colosseum\0a7f181169.jpg,roman_colosseum,real
dataset_real\train\roman_colosseum\a286e61e3a.jpg,roman_colosseum,real
dataset_real\train\great_wall_of_china\87e702018c.jpg,great_wall_of_china,real
dataset_real\train\great_wall_of_china\b610e14349.jpg,great_wall_of_china,real
dataset_synthetic\train\roman_colosseum\00134-4069228236.png,roman_colosseum,synthetic
dataset_real\train\christ_the_reedemer\10fd694a01.jpg,christ_the_reedemer,real
dataset_synthetic\train\eiffel_tower\00034-1984749087.png,eiffel_tower,synthetic
dataset_synthetic\train\roman_colosseum\00186-1974243505.png,roman_colosseum,synthetic
dataset_real\train\roman_colosseum\85a47d9b2d.jpg,roman_colosseum,real
dataset_real\train\chichen_itza\de4485a08d.jpg,chichen_itza,real
dataset_synthetic\train\roman_colosseum\00095-2343411942.png,roman_colosseum,synthetic
dataset_synthetic\train\eiffel_tower\00052-1984749105.png,eiffel_tower,synthetic
dataset_synthetic\train\eiffel_tower\00049-1984749102.png,eiffel_tower,synthetic
dataset_real\train\burj_khalifa\04ecd64815.jpg,burj_khalifa,real
dataset_synthetic\train\eiffel_tower\00169-1848933968.png,eiffel_tower,synthetic
dataset_real\train\eiffel_tower\8fc4938a9d.jpg,eiffel_tower,real
dataset_real\train\burj_khalifa\87337d1e62.jpg,burj_khalifa,real
dataset_real\train\statue_of_liberty\9a00e4033e.jpg,statue_of_liberty,real
dataset_real\train\statue_of_liberty\3e45a0017a.jpg,statue_of_liberty,real
dataset_real\train\pyramids_of_giza\7615be434a.jpg,pyramids_of_giza,real
dataset_synthetic\train\statue_of_liberty\00418-3674376574.png,statue_of_liberty,synthetic
dataset_real\train\great_wall_of_china\6df960b5fd.jpg,great_wall_of_china,real
dataset_real\train\chichen_itza\a380918f87.jpg,chichen_itza,real
dataset_synthetic\train\eiffel_tower\00123-70550494.png,eiffel_tower,synthetic
dataset_real\train\great_wall_of_china\e9d83f329a.jpg,great_wall_of_china,real
dataset_real\train\pyramids_of_giza\3557150ec2.jpg,pyramids_of_giza,real
dataset_real\train\burj_khalifa\db81194f2e.jpg,burj_khalifa,real
dataset_real\train\christ_the_reedemer\613e362e50.jpg,christ_the_reedemer,real
dataset_real\train\eiffel_tower\aa457fd968.jpg,eiffel_tower,real
dataset_real\train\statue_of_liberty\5b33d3be25.jpg,statue_of_liberty,real
dataset_real\train\great_wall_of_china\ab069f65de.jpg,great_wall_of_china,real
dataset_real\train\statue_of_liberty\ce18f27ced.jpg,statue_of_liberty,real
dataset_real\train\statue_of_liberty\5b4407f3e8.jpg,statue_of_liberty,real
dataset_real\train\burj_khalifa\e0bb60818b.jpg,burj_khalifa,real
dataset_synthetic\train\pyramids_of_giza\00213-3159135352.png,pyramids_of_giza,synthetic
dataset_real\train\pyramids_of_giza\5bc57c0182.jpg,pyramids_of_giza,real
dataset_real\train\burj_khalifa\04d516ea7d.jpg,burj_khalifa,real
dataset_synthetic\train\great_wall_of_china\00294-1383148746.png,great_wall_of_china,synthetic
dataset_real\train\pyramids_of_giza\842870afe0.jpg,pyramids_of_giza,real
dataset_real\train\statue_of_liberty\01a2593196.jpg,statue_of_liberty,real
dataset_real\train\great_wall_of_china\c37f1d775a.jpg,great_wall_of_china,real
dataset_real\train\eiffel_tower\da260973fc.jpg,eiffel_tower,real
dataset_synthetic\train\great_wall_of_china\00163-1607761943.png,great_wall_of_china,synthetic
dataset_real\train\pyramids_of_giza\efa7a73b35.jpg,pyramids_of_giza,real
dataset_real\train\burj_khalifa\710733a6d7.jpg,burj_khalifa,real
dataset_synthetic\train\pyramids_of_giza\00171-2205670347.png,pyramids_of_giza,synthetic
dataset_real\train\pyramids_of_giza\74cb31a099.jpg,pyramids_of_giza,real
dataset_synthetic\train\chichen_itza\00232-4190620869.png,chichen_itza,synthetic
dataset_real\train\pyramids_of_giza\4c79cd4b77.jpg,pyramids_of_giza,real
dataset_real\train\chichen_itza\d32880411e.jpg,chichen_itza,real
dataset_real\train\christ_the_reedemer\06ed855b8f.jpg,christ_the_reedemer,real
dataset_real\train\great_wall_of_china\c1516efd5b.jpg,great_wall_of_china,real
dataset_real\train\great_wall_of_china\0fa8b9efe1.jpg,great_wall_of_china,real
dataset_real\train\christ_the_reedemer\aaef52ded5.jpg,christ_the_reedemer,real
dataset_synthetic\train\pyramids_of_giza\00015-4241466211.png,pyramids_of_giza,synthetic
dataset_real\train\eiffel_tower\b112c7e338.jpg,eiffel_tower,real
dataset_real\train\eiffel_tower\7504a57fc4.jpg,eiffel_tower,real
dataset_real\train\great_wall_of_china\a4483e978a.jpg,great_wall_of_china,real
dataset_synthetic\train\eiffel_tower\00229-2386103704.png,eiffel_tower,synthetic
dataset_real\train\roman_colosseum\54c78a55f1.jpg,roman_colosseum,real
dataset_real\train\chichen_itza\738af97371.jpg,chichen_itza,real
dataset_real\train\statue_of_liberty\ba3861613e.jpg,statue_of_liberty,real
dataset_real\train\statue_of_liberty\6dd8f9ec67.jpg,statue_of_liberty,real
dataset_real\train\statue_of_liberty\6d393bb21c.jpg,statue_of_liberty,real
dataset_synthetic\train\statue_of_liberty\00422-3674376578.png,statue_of_liberty,synthetic
dataset_synthetic\train\great_wall_of_china\00139-2449295042.png,great_wall_of_china,synthetic
dataset_real\train\roman_colosseum\0cbf8a1fa1.jpg,roman_colosseum,real
dataset_real\train\pyramids_of_giza\36037dfbdf.jpg,pyramids_of_giza,real
dataset_synthetic\train\pyramids_of_giza\00246-3340261356.png,pyramids_of_giza,synthetic
dataset_real\train\pyramids_of_giza\f91e363ae9.jpg,pyramids_of_giza,real
dataset_synthetic\train\eiffel_tower\00257-1566552038.png,eiffel_tower,synthetic
dataset_real\train\statue_of_liberty\27780d276b.jpg,statue_of_liberty,real
dataset_real\train\great_wall_of_china\0526000442.jpg,great_wall_of_china,real
dataset_real\train\great_wall_of_china\2d118386f3.jpg,great_wall_of_china,real
dataset_synthetic\train\chichen_itza\00120-1654904551.png,chichen_itza,synthetic
dataset_real\train\chichen_itza\d6f451b0c6.jpg,chichen_itza,real
dataset_synthetic\train\chichen_itza\00209-1342241964.png,chichen_itza,synthetic
dataset_synthetic\train\burj_khalifa\00181-2688549089.png,burj_khalifa,synthetic
dataset_real\train\roman_colosseum\0028413765.jpg,roman_colosseum,real
dataset_synthetic\train\roman_colosseum\00284-241878739.png,roman_colosseum,synthetic
dataset_real\train\great_wall_of_china\67c260fe74.jpg,great_wall_of_china,real
dataset_real\train\pyramids_of_giza\cf4a0d0558.jpg,pyramids_of_giza,real
dataset_synthetic\train\statue_of_liberty\00525-1791252967.png,statue_of_liberty,synthetic
dataset_real\train\eiffel_tower\ccd9e91047.jpg,eiffel_tower,real
dataset_real\train\eiffel_tower\85b94fd46f.jpg,eiffel_tower,real
dataset_synthetic\train\eiffel_tower\00171-1848933970.png,eiffel_tower,synthetic
dataset_real\train\eiffel_tower\9b265dec35.jpg,eiffel_tower,real
dataset_real\train\pyramids_of_giza\3acb0d0427.jpg,pyramids_of_giza,real
dataset_real\train\chichen_itza\deac369f3e.jpg,chichen_itza,real
dataset_synthetic\train\eiffel_tower\00189-45903235.png,eiffel_tower,synthetic
dataset_real\train\pyramids_of_giza\37c2fe697b.jpg,pyramids_of_giza,real
dataset_real\train\eiffel_tower\e2f6bb9932.jpg,eiffel_tower,real
dataset_real\train\chichen_itza\bc33c08d0f.jpg,chichen_itza,real
dataset_real\train\eiffel_tower\3a36573e15.jpg,eiffel_tower,real
dataset_real\train\christ_the_reedemer\39f3f7063f.jpg,christ_the_reedemer,real
dataset_real\train\statue_of_liberty\6c454ded1c.jpg,statue_of_liberty,real
dataset_real\train\eiffel_tower\fb921b596c.jpg,eiffel_tower,real
dataset_real\train\burj_khalifa\a9894a8a42.jpg,burj_khalifa,real
dataset_real\train\great_wall_of_china\f3fbfa90fc.jpg,great_wall_of_china,real
dataset_real\train\roman_colosseum\217adec6f3.jpg,roman_colosseum,real
dataset_synthetic\train\chichen_itza\00199-1342241954.png,chichen_itza,synthetic
dataset_synthetic\train\great_wall_of_china\00075-2389887071.png,great_wall_of_china,synthetic
dataset_real\train\eiffel_tower\cde85f3125.jpg,eiffel_tower,real
dataset_real\train\eiffel_tower\9bf2d501d4.jpg,eiffel_tower,real
dataset_real\train\roman_colosseum\f53941831b.jpg,roman_colosseum,real
dataset_real\train\chichen_itza\ff4f369bb1.jpg,chichen_itza,real
dataset_synthetic\train\pyramids_of_giza\00158-2205670334.png,pyramids_of_giza,synthetic
dataset_real\train\great_wall_of_china\490cfa8ff9.jpg,great_wall_of_china,real
dataset_real\train\chichen_itza\c05ebb86ba.jpg,chichen_itza,real
dataset_real\train\great_wall_of_china\858e19422f.jpg,great_wall_of_china,real
dataset_synthetic\train\chichen_itza\00220-4190620857.png,chichen_itza,synthetic
dataset_real\train\chichen_itza\aaf568acf9.jpg,chichen_itza,real
dataset_real\train\eiffel_tower\ee13954adb.jpg,eiffel_tower,real
dataset_real\train\great_wall_of_china\ed89b21af8.jpg,great_wall_of_china,real
dataset_real\train\chichen_itza\c58d298534.jpg,chichen_itza,real
dataset_real\train\eiffel_tower\6bfda71059.jpg,eiffel_tower,real
dataset_real\train\burj_khalifa\dc48ed490e.jpg,burj_khalifa,real
dataset_real\train\christ_the_reedemer\685b03ebad.jpg,christ_the_reedemer,real
dataset_synthetic\train\christ_the_reedemer\00311-2284744760.png,christ_the_reedemer,synthetic
dataset_synthetic\train\great_wall_of_china\00165-1607761945.png,great_wall_of_china,synthetic
dataset_real\train\christ_the_reedemer\2fae8facde.jpg,christ_the_reedemer,real
dataset_synthetic\train\chichen_itza\00267-1829905852.png,chichen_itza,synthetic
dataset_synthetic\train\burj_khalifa\00051-3281528416.png,burj_khalifa,synthetic
dataset_real\train\eiffel_tower\8ee8182bb3.jpg,eiffel_tower,real
dataset_real\train\pyramids_of_giza\ffc0b04961.jpg,pyramids_of_giza,real
dataset_real\train\pyramids_of_giza\017ac6ad36.jpg,pyramids_of_giza,real
dataset_synthetic\train\great_wall_of_china\00293-1383148745.png,great_wall_of_china,synthetic
dataset_real\train\statue_of_liberty\8871b184b2.jpg,statue_of_liberty,real
dataset_real\train\chichen_itza\608d93d5c2.jpg,chichen_itza,real
dataset_real\train\pyramids_of_giza\c9553321b8.jpg,pyramids_of_giza,real
dataset_real\train\chichen_itza\46624ccf35.jpg,chichen_itza,real
dataset_real\train\burj_khalifa\dbd91cc0ac.jpg,burj_khalifa,real
dataset_real\train\eiffel_tower\8490cae8d4.jpg,eiffel_tower,real
dataset_real\train\christ_the_reedemer\88d2d69380.jpg,christ_the_reedemer,real
dataset_real\train\pyramids_of_giza\7579a0f0f9.jpg,pyramids_of_giza,real
dataset_real\train\statue_of_liberty\3139e36373.jpg,statue_of_liberty,real
dataset_real\train\burj_khalifa\4a7cfc94b2.jpg,burj_khalifa,real
dataset_synthetic\train\roman_colosseum\00011-3704602076.png,roman_colosseum,synthetic
dataset_real\train\pyramids_of_giza\c5a0a9c6d3.jpg,pyramids_of_giza,real
dataset_real\train\great_wall_of_china\1c37035bff.jpg,great_wall_of_china,real
dataset_real\train\burj_khalifa\194c0c33c1.jpg,burj_khalifa,real
dataset_real\train\roman_colosseum\bbad4b35e3.jpg,roman_colosseum,real
dataset_real\train\roman_colosseum\b7e52dd1c6.jpg,roman_colosseum,real
dataset_real\train\great_wall_of_china\9913e4fe7d.jpg,great_wall_of_china,real
dataset_real\train\chichen_itza\e22119068d.jpg,chichen_itza,real
dataset_real\train\roman_colosseum\dd3c65db96.jpg,roman_colosseum,real
dataset_real\train\great_wall_of_china\feba20e146.jpg,great_wall_of_china,real
dataset_real\train\pyramids_of_giza\38de249d6c.jpg,pyramids_of_giza,real
dataset_real\train\chichen_itza\9ad8b33170.jpg,chichen_itza,real
dataset_real\train\great_wall_of_china\76e91bd4a2.jpg,great_wall_of_china,real
dataset_real\train\great_wall_of_china\67c54c43fe.jpg,great_wall_of_china,real
dataset_real\train\roman_colosseum\bf82ae41e1.jpg,roman_colosseum,real
dataset_synthetic\train\great_wall_of_china\00091-920026922.png,great_wall_of_china,synthetic
dataset_real\train\great_wall_of_china\e76d5a46fe.jpg,great_wall_of_china,real
dataset_real\train\chichen_itza\4ffa5f8334.jpg,chichen_itza,real
dataset_real\train\eiffel_tower\4c726172a2.jpg,eiffel_tower,real
dataset_real\train\christ_the_reedemer\63706359ea.jpg,christ_the_reedemer,real
dataset_synthetic\train\statue_of_liberty\00387-174988345.png,statue_of_liberty,synthetic
dataset_real\train\chichen_itza\0b04a8cbfe.jpg,chichen_itza,real
dataset_real\train\christ_the_reedemer\cf137be24b.jpg,christ_the_reedemer,real
dataset_synthetic\train\chichen_itza\00250-1829905835.png,chichen_itza,synthetic
dataset_real\train\great_wall_of_china\58e5081c48.jpg,great_wall_of_china,real
dataset_real\train\burj_khalifa\2bb2ccff62.jpg,burj_khalifa,real
dataset_real\train\burj_khalifa\e924f29394.jpg,burj_khalifa,real
dataset_real\train\eiffel_tower\28fed072f9.jpg,eiffel_tower,real
dataset_real\train\great_wall_of_china\f7e3feb0c5.jpg,great_wall_of_china,real
dataset_real\train\great_wall_of_china\c837739262.jpg,great_wall_of_china,real
dataset_real\train\roman_colosseum\dd97a40d15.jpg,roman_colosseum,real
dataset_real\train\pyramids_of_giza\db57b46352.jpg,pyramids_of_giza,real
dataset_real\train\roman_colosseum\0fb90df2aa.jpg,roman_colosseum,real
dataset_real\train\eiffel_tower\3a33921677.jpg,eiffel_tower,real
dataset_real\train\statue_of_liberty\49382674a6.jpg,statue_of_liberty,real
dataset_real\train\chichen_itza\c1dcf37489.jpg,chichen_itza,real
dataset_synthetic\train\burj_khalifa\00244-2863073454.png,burj_khalifa,synthetic
dataset_real\train\christ_the_reedemer\a4cc5736ba.jpg,christ_the_reedemer,real
dataset_synthetic\train\pyramids_of_giza\00071-2984508823.png,pyramids_of_giza,synthetic
dataset_real\train\roman_colosseum\84f3f63127.jpg,roman_colosseum,real
dataset_synthetic\train\pyramids_of_giza\00203-4087309982.png,pyramids_of_giza,synthetic
dataset_real\train\chichen_itza\89670c9767.jpg,chichen_itza,real
dataset_real\train\roman_colosseum\da9aa7bb61.jpg,roman_colosseum,real
dataset_real\train\christ_the_reedemer\21b9937532.jpg,christ_the_reedemer,real
dataset_synthetic\train\great_wall_of_china\00282-1383148734.png,great_wall_of_china,synthetic
dataset_real\train\pyramids_of_giza\00934c8096.jpg,pyramids_of_giza,real
dataset_real\train\eiffel_tower\8d753ed5c9.jpg,eiffel_tower,real
dataset_real\train\burj_khalifa\a26f1c6687.jpg,burj_khalifa,real
dataset_real\train\statue_of_liberty\0794c6e62f.jpg,statue_of_liberty,real
dataset_real\train\burj_khalifa\f8f7f27cdd.jpg,burj_khalifa,real
dataset_synthetic\train\burj_khalifa\00217-2852982621.png,burj_khalifa,synthetic
dataset_synthetic\train\burj_khalifa\00137-1813382825.png,burj_khalifa,synthetic
dataset_real\train\roman_colosseum\ef09589884.jpg,roman_colosseum,real
dataset_real\train\statue_of_liberty\29590be1bb.jpg,statue_of_liberty,real
dataset_synthetic\train\eiffel_tower\00060-2409094494.png,eiffel_tower,synthetic
dataset_synthetic\train\roman_colosseum\00258-1881496553.png,roman_colosseum,synthetic
dataset_synthetic\train\christ_the_reedemer\00025-3006335888.png,christ_the_reedemer,synthetic
dataset_real\train\eiffel_tower\24a499f5cf.jpg,eiffel_tower,real
dataset_real\train\great_wall_of_china\fc0396bb6b.jpg,great_wall_of_china,real
dataset_real\train\great_wall_of_china\c2e632bbaa.jpg,great_wall_of_china,real
dataset_real\train\great_wall_of_china\ba7f33bd61.jpg,great_wall_of_china,real
dataset_real\train\christ_the_reedemer\571c809eae.jpg,christ_the_reedemer,real
dataset_real\train\pyramids_of_giza\e3182b6e1b.jpg,pyramids_of_giza,real
dataset_real\train\chichen_itza\5da14d6526.jpg,chichen_itza,real
dataset_real\train\roman_colosseum\e48c1e99ba.jpg,roman_colosseum,real
dataset_real\train\eiffel_tower\1e66e436ff.jpg,eiffel_tower,real
dataset_real\train\pyramids_of_giza\4058446364.jpg,pyramids_of_giza,real
dataset_synthetic\train\chichen_itza\00066-2079455159.png,chichen_itza,synthetic
dataset_synthetic\train\pyramids_of_giza\00279-39524424.png,pyramids_of_giza,synthetic
dataset_synthetic\train\roman_colosseum\00244-1881496539.png,roman_colosseum,synthetic
dataset_real\train\burj_khalifa\fbac552124.jpg,burj_khalifa,real
dataset_real\train\eiffel_tower\7c54bb12d6.jpg,eiffel_tower,real
dataset_real\train\burj_khalifa\4ba4acc518.jpg,burj_khalifa,real
dataset_real\train\roman_colosseum\c569c1b79a.jpg,roman_colosseum,real
dataset_real\train\burj_khalifa\e9b9a20250.jpg,burj_khalifa,real
dataset_real\train\chichen_itza\a25aa203b5.jpg,chichen_itza,real
dataset_real\train\christ_the_reedemer\4dcddcda09.jpg,christ_the_reedemer,real
dataset_synthetic\train\great_wall_of_china\00237-4011577252.png,great_wall_of_china,synthetic
dataset_synthetic\train\roman_colosseum\00108-2343411955.png,roman_colosseum,synthetic
dataset_real\train\eiffel_tower\5eb482edae.jpg,eiffel_tower,real
dataset_real\train\burj_khalifa\203a8a413a.jpg,burj_khalifa,real
dataset_synthetic\train\roman_colosseum\00063-1525667153.png,roman_colosseum,synthetic
dataset_synthetic\train\burj_khalifa\00280-2716773631.png,burj_khalifa,synthetic
dataset_synthetic\train\roman_colosseum\00065-1525667155.png,roman_colosseum,synthetic
dataset_real\train\burj_khalifa\bc28c40828.jpg,burj_khalifa,real
dataset_real\train\chichen_itza\50841fa5a1.jpg,chichen_itza,real
dataset_synthetic\train\chichen_itza\00024-817939099.png,chichen_itza,synthetic
dataset_real\train\christ_the_reedemer\4e09777e7e.jpg,christ_the_reedemer,real
dataset_synthetic\train\chichen_itza\00218-4190620855.png,chichen_itza,synthetic
dataset_real\train\great_wall_of_china\0c257b5375.jpg,great_wall_of_china,real
dataset_real\train\burj_khalifa\6532e3111e.jpg,burj_khalifa,real
dataset_synthetic\train\christ_the_reedemer\00136-3552515830.png,christ_the_reedemer,synthetic
dataset_real\train\pyramids_of_giza\df900c69dd.jpg,pyramids_of_giza,real
dataset_real\train\great_wall_of_china\16cb6bea9a.jpg,great_wall_of_china,real
dataset_real\train\burj_khalifa\c2e4e0c60f.jpg,burj_khalifa,real
dataset_real\train\great_wall_of_china\dd3c569511.jpg,great_wall_of_china,real
dataset_real\train\burj_khalifa\3963035323.jpg,burj_khalifa,real
dataset_synthetic\train\burj_khalifa\00297-2716773648.png,burj_khalifa,synthetic
dataset_real\train\great_wall_of_china\d6838aad77.jpg,great_wall_of_china,real
dataset_synthetic\train\christ_the_reedemer\00045-3006335908.png,christ_the_reedemer,synthetic
dataset_real\train\roman_colosseum\bc71da0931.jpg,roman_colosseum,real
dataset_synthetic\train\pyramids_of_giza\00010-4241466206.png,pyramids_of_giza,synthetic
dataset_real\train\statue_of_liberty\22ae595520.jpg,statue_of_liberty,real
dataset_real\train\great_wall_of_china\7e25160f82.jpg,great_wall_of_china,real
dataset_synthetic\train\pyramids_of_giza\00024-4241466220.png,pyramids_of_giza,synthetic
dataset_real\train\great_wall_of_china\e7856b9b36.jpg,great_wall_of_china,real
dataset_real\train\eiffel_tower\92b17d7d47.jpg,eiffel_tower,real
dataset_real\train\eiffel_tower\57102ee349.jpg,eiffel_tower,real
dataset_real\train\great_wall_of_china\61154098a1.jpg,great_wall_of_china,real
dataset_real\train\burj_khalifa\8df724e471.jpg,burj_khalifa,real
dataset_real\train\christ_the_reedemer\ad3b5fb0a3.jpg,christ_the_reedemer,real
dataset_real\train\burj_khalifa\1e906e0e39.jpg,burj_khalifa,real
dataset_real\train\pyramids_of_giza\cc31eebde1.jpg,pyramids_of_giza,real
dataset_synthetic\train\eiffel_tower\00149-70550520.png,eiffel_tower,synthetic
dataset_real\train\burj_khalifa\15fc2d4645.jpg,burj_khalifa,real
dataset_real\train\great_wall_of_china\a934b21868.jpg,great_wall_of_china,real
dataset_real\train\eiffel_tower\d60cca8cba.jpg,eiffel_tower,real
dataset_real\train\great_wall_of_china\739cdd5e42.jpg,great_wall_of_china,real
dataset_synthetic\train\statue_of_liberty\00455-818305458.png,statue_of_liberty,synthetic
dataset_real\train\statue_of_liberty\aa978f932c.jpg,statue_of_liberty,real
dataset_real\train\great_wall_of_china\b09f73025e.jpg,great_wall_of_china,real
dataset_synthetic\train\burj_khalifa\00250-2863073460.png,burj_khalifa,synthetic
dataset_real\train\burj_khalifa\4993e9d4e6.jpg,burj_khalifa,real
dataset_real\train\eiffel_tower\58e8781e02.jpg,eiffel_tower,real
dataset_real\train\roman_colosseum\376f16987c.jpg,roman_colosseum,real
dataset_synthetic\train\christ_the_reedemer\00300-2284744749.png,christ_the_reedemer,synthetic
dataset_real\train\burj_khalifa\1543ad4d7c.jpg,burj_khalifa,real
dataset_synthetic\train\chichen_itza\00154-1856050866.png,chichen_itza,synthetic
dataset_real\train\roman_colosseum\203ca53b6d.jpg,roman_colosseum,real
dataset_real\train\eiffel_tower\d6ef410cfc.jpg,eiffel_tower,real
dataset_real\train\statue_of_liberty\87d08d3910.jpg,statue_of_liberty,real
dataset_real\train\roman_colosseum\c67f596932.jpg,roman_colosseum,real
dataset_real\train\burj_khalifa\f36da1f174.jpg,burj_khalifa,real
dataset_real\train\pyramids_of_giza\3b3c04439d.jpg,pyramids_of_giza,real
dataset_real\train\burj_khalifa\29363c293e.jpg,burj_khalifa,real
dataset_synthetic\train\great_wall_of_china\00246-4085978412.png,great_wall_of_china,synthetic
dataset_synthetic\train\pyramids_of_giza\00235-3159135374.png,pyramids_of_giza,synthetic
dataset_real\train\christ_the_reedemer\4a70608046.jpg,christ_the_reedemer,real
dataset_real\train\roman_colosseum\98d4ba8541.jpg,roman_colosseum,real
dataset_real\train\christ_the_reedemer\f4580fd624.jpg,christ_the_reedemer,real
dataset_real\train\pyramids_of_giza\73a40a627b.jpg,pyramids_of_giza,real
dataset_synthetic\train\great_wall_of_china\00269-4085978435.png,great_wall_of_china,synthetic
dataset_synthetic\train\great_wall_of_china\00019-1860489319.png,great_wall_of_china,synthetic
dataset_synthetic\train\chichen_itza\00025-354526612.png,chichen_itza,synthetic
dataset_real\train\eiffel_tower\9f1960558d.jpg,eiffel_tower,real
dataset_real\train\pyramids_of_giza\b25364bc4d.jpg,pyramids_of_giza,real
dataset_real\train\christ_the_reedemer\6781bc5dd1.jpg,christ_the_reedemer,real
dataset_real\train\pyramids_of_giza\4913389cb8.jpg,pyramids_of_giza,real
dataset_real\train\chichen_itza\f3914f1067.jpg,chichen_itza,real
dataset_real\train\great_wall_of_china\eb27250bfd.jpg,great_wall_of_china,real
dataset_real\train\roman_colosseum\01528698bf.jpg,roman_colosseum,real
dataset_real\train\pyramids_of_giza\3a41d2065a.jpg,pyramids_of_giza,real
dataset_real\train\great_wall_of_china\8b228ed187.jpg,great_wall_of_china,real
dataset_real\train\chichen_itza\182b4ed0d6.jpg,chichen_itza,real
dataset_synthetic\train\roman_colosseum\00007-3704602072.png,roman_colosseum,synthetic
dataset_synthetic\train\pyramids_of_giza\00126-962878664.png,pyramids_of_giza,synthetic
dataset_real\train\burj_khalifa\b617a45810.jpg,burj_khalifa,real
dataset_synthetic\train\pyramids_of_giza\00251-3340261361.png,pyramids_of_giza,synthetic
dataset_real\train\eiffel_tower\8f8e0ada7c.jpg,eiffel_tower,real
dataset_real\train\chichen_itza\0bcee0d77f.jpg,chichen_itza,real
dataset_real\train\eiffel_tower\0a071709df.jpg,eiffel_tower,real
dataset_real\train\burj_khalifa\6b469a57c8.jpg,burj_khalifa,real
dataset_real\train\christ_the_reedemer\9a6e663f5f.jpg,christ_the_reedemer,real
dataset_real\train\pyramids_of_giza\a58d60e2d2.jpg,pyramids_of_giza,real
dataset_real\train\christ_the_reedemer\2bb1d0a8e4.jpg,christ_the_reedemer,real
dataset_real\train\christ_the_reedemer\af183b659a.jpg,christ_the_reedemer,real
dataset_real\train\christ_the_reedemer\d0d8f236eb.jpg,christ_the_reedemer,real
dataset_synthetic\train\burj_khalifa\00296-2716773647.png,burj_khalifa,synthetic
dataset_synthetic\train\chichen_itza\00000-817939075.png,chichen_itza,synthetic
dataset_synthetic\train\roman_colosseum\00049-2283819998.png,roman_colosseum,synthetic
dataset_real\train\burj_khalifa\f970c83605.jpg,burj_khalifa,real
dataset_real\train\pyramids_of_giza\8dbad27191.jpg,pyramids_of_giza,real
dataset_synthetic\train\roman_colosseum\00024-3704602089.png,roman_colosseum,synthetic
dataset_real\train\eiffel_tower\afac94d805.jpg,eiffel_tower,real
dataset_real\train\eiffel_tower\639d371d54.jpg,eiffel_tower,real
dataset_real\train\burj_khalifa\73114ff74a.jpg,burj_khalifa,real
dataset_synthetic\train\pyramids_of_giza\00029-4241466225.png,pyramids_of_giza,synthetic
dataset_real\train\great_wall_of_china\0afc6f3371.jpg,great_wall_of_china,real
dataset_synthetic\train\roman_colosseum\00097-2343411944.png,roman_colosseum,synthetic
dataset_synthetic\train\christ_the_reedemer\00117-3552515811.png,christ_the_reedemer,synthetic
dataset_synthetic\train\roman_colosseum\00036-2283819985.png,roman_colosseum,synthetic
dataset_real\train\roman_colosseum\b53248e6e3.jpg,roman_colosseum,real
dataset_synthetic\train\great_wall_of_china\00080-2389887076.png,great_wall_of_china,synthetic
dataset_real\train\statue_of_liberty\84a7b9fff8.jpg,statue_of_liberty,real
dataset_synthetic\train\pyramids_of_giza\00186-4087309965.png,pyramids_of_giza,synthetic
dataset_real\train\christ_the_reedemer\d20d898886.jpg,christ_the_reedemer,real
dataset_synthetic\train\burj_khalifa\00001-2682522054.png,burj_khalifa,synthetic
dataset_real\train\eiffel_tower\b7950fd135.jpg,eiffel_tower,real
dataset_real\train\statue_of_liberty\78c4b91566.jpg,statue_of_liberty,real
dataset_real\train\burj_khalifa\69397dfb72.jpg,burj_khalifa,real
dataset_real\train\christ_the_reedemer\bed942ec92.jpg,christ_the_reedemer,real
dataset_real\train\chichen_itza\fbe5acae3f.jpg,chichen_itza,real
dataset_real\train\pyramids_of_giza\73ba7f3f9d.jpg,pyramids_of_giza,real
dataset_real\train\chichen_itza\1e88b4a8c5.jpg,chichen_itza,real
dataset_real\train\roman_colosseum\d015e02962.jpg,roman_colosseum,real
dataset_synthetic\train\statue_of_liberty\00398-1169046309.png,statue_of_liberty,synthetic
dataset_synthetic\train\great_wall_of_china\00168-1607761948.png,great_wall_of_china,synthetic
dataset_synthetic\train\pyramids_of_giza\00231-3159135370.png,pyramids_of_giza,synthetic
dataset_real\train\chichen_itza\762c159d47.jpg,chichen_itza,real
dataset_real\train\burj_khalifa\cbc500b52e.jpg,burj_khalifa,real
dataset_synthetic\train\great_wall_of_china\00156-1607761936.png,great_wall_of_china,synthetic
dataset_real\train\roman_colosseum\4341b0adbc.jpg,roman_colosseum,real
dataset_real\train\christ_the_reedemer\fb0e23c75a.jpg,christ_the_reedemer,real
dataset_real\train\roman_colosseum\f286f76ba9.jpg,roman_colosseum,real
dataset_real\train\pyramids_of_giza\ccd3ab32dd.jpg,pyramids_of_giza,real
dataset_real\train\great_wall_of_china\57d5d9e450.jpg,great_wall_of_china,real
dataset_synthetic\train\burj_khalifa\00157-2778414624.png,burj_khalifa,synthetic
dataset_real\train\chichen_itza\5c1723040a.jpg,chichen_itza,real
dataset_real\train\eiffel_tower\9e7a10af0f.jpg,eiffel_tower,real
dataset_real\train\great_wall_of_china\245e70df4a.jpg,great_wall_of_china,real
dataset_real\train\eiffel_tower\7215039568.jpg,eiffel_tower,real
dataset_real\train\eiffel_tower\ff2cb84a91.jpg,eiffel_tower,real
dataset_real\train\statue_of_liberty\076e80b1f5.jpg,statue_of_liberty,real
dataset_real\train\roman_colosseum\f8487e4b4f.jpg,roman_colosseum,real
dataset_synthetic\train\eiffel_tower\00228-2386103703.png,eiffel_tower,synthetic
dataset_real\train\chichen_itza\7cc766d3bc.jpg,chichen_itza,real
dataset_real\train\roman_colosseum\c6f3008fc7.jpg,roman_colosseum,real
dataset_real\train\burj_khalifa\a0737c4eec.jpg,burj_khalifa,real
dataset_real\train\great_wall_of_china\ea35f03fd4.jpg,great_wall_of_china,real
dataset_real\train\roman_colosseum\3addd94b74.jpg,roman_colosseum,real
dataset_real\train\pyramids_of_giza\c83cfa2ed4.jpg,pyramids_of_giza,real
dataset_real\train\great_wall_of_china\0ac0152353.jpg,great_wall_of_china,real
dataset_synthetic\train\roman_colosseum\00056-2283820005.png,roman_colosseum,synthetic
dataset_real\train\eiffel_tower\d0bba9b575.jpg,eiffel_tower,real
dataset_synthetic\train\pyramids_of_giza\00022-4241466218.png,pyramids_of_giza,synthetic
dataset_synthetic\train\roman_colosseum\00128-4069228230.png,roman_colosseum,synthetic
dataset_synthetic\train\christ_the_reedemer\00145-423565283.png,christ_the_reedemer,synthetic
dataset_real\train\chichen_itza\6be8a487e6.jpg,chichen_itza,real
dataset_synthetic\train\christ_the_reedemer\00220-1121221011.png,christ_the_reedemer,synthetic
dataset_real\train\eiffel_tower\eb04847f4f.jpg,eiffel_tower,real
dataset_real\train\burj_khalifa\bab8569e75.jpg,burj_khalifa,real
dataset_real\train\burj_khalifa\dfca739e93.jpg,burj_khalifa,real
dataset_real\train\pyramids_of_giza\2d432bb685.jpg,pyramids_of_giza,real
dataset_real\train\roman_colosseum\1723fc10fb.jpg,roman_colosseum,real
dataset_real\train\chichen_itza\c6345f9ee3.jpg,chichen_itza,real
dataset_real\train\christ_the_reedemer\233d10e52d.jpg,christ_the_reedemer,real
dataset_real\train\christ_the_reedemer\db124fa59d.jpg,christ_the_reedemer,real
dataset_real\train\pyramids_of_giza\957a696429.jpg,pyramids_of_giza,real
dataset_real\train\statue_of_liberty\65546d77bc.jpg,statue_of_liberty,real
dataset_real\train\burj_khalifa\6a034e67d5.jpg,burj_khalifa,real
dataset_real\train\roman_colosseum\03ce48b8dd.jpg,roman_colosseum,real
dataset_real\train\great_wall_of_china\6813f55474.jpg,great_wall_of_china,real
dataset_synthetic\train\great_wall_of_china\00260-4085978426.png,great_wall_of_china,synthetic
dataset_real\train\pyramids_of_giza\599295aeb5.jpg,pyramids_of_giza,real
dataset_synthetic\train\burj_khalifa\00091-4109332459.png,burj_khalifa,synthetic
dataset_real\train\great_wall_of_china\8a77d0722a.jpg,great_wall_of_china,real
dataset_real\train\great_wall_of_china\7d7f3ca45a.jpg,great_wall_of_china,real
dataset_real\train\pyramids_of_giza\2704ff6ec2.jpg,pyramids_of_giza,real
dataset_real\train\great_wall_of_china\dd2515c501.jpg,great_wall_of_china,real
dataset_real\train\roman_colosseum\6203523e85.jpg,roman_colosseum,real
dataset_real\train\burj_khalifa\52231c5a0c.jpg,burj_khalifa,real
dataset_real\train\eiffel_tower\e63f6a1cfe.jpg,eiffel_tower,real
dataset_real\train\christ_the_reedemer\1625b6a023.jpg,christ_the_reedemer,real
dataset_real\train\roman_colosseum\1ada1b75ee.jpg,roman_colosseum,real
dataset_real\train\eiffel_tower\0ebd10d3a4.jpg,eiffel_tower,real
dataset_real\train\pyramids_of_giza\fe76d6be23.jpg,pyramids_of_giza,real
dataset_synthetic\train\eiffel_tower\00262-1566552043.png,eiffel_tower,synthetic
dataset_real\train\chichen_itza\265314296c.jpg,chichen_itza,real
dataset_real\train\chichen_itza\909e4747d3.jpg,chichen_itza,real
dataset_synthetic\train\roman_colosseum\00259-1881496554.png,roman_colosseum,synthetic
dataset_real\train\christ_the_reedemer\f186ada32f.jpg,christ_the_reedemer,real
dataset_real\train\eiffel_tower\e4df377c48.jpg,eiffel_tower,real
dataset_real\train\chichen_itza\451b2de9a8.jpg,chichen_itza,real
dataset_real\train\pyramids_of_giza\b4864ba8cc.jpg,pyramids_of_giza,real
dataset_real\train\eiffel_tower\78d02205ab.jpg,eiffel_tower,real
dataset_real\train\pyramids_of_giza\fc2e8ba676.jpg,pyramids_of_giza,real
dataset_real\train\eiffel_tower\c3d97f9ab1.jpg,eiffel_tower,real
dataset_synthetic\train\eiffel_tower\00089-3761364578.png,eiffel_tower,synthetic
dataset_real\train\christ_the_reedemer\bfe3eacc80.jpg,christ_the_reedemer,real
dataset_synthetic\train\eiffel_tower\00037-1984749090.png,eiffel_tower,synthetic
dataset_real\train\eiffel_tower\777f58de17.jpg,eiffel_tower,real
dataset_real\train\great_wall_of_china\c6345746dd.jpg,great_wall_of_china,real
dataset_synthetic\train\pyramids_of_giza\00104-942607762.png,pyramids_of_giza,synthetic
dataset_synthetic\train\eiffel_tower\00026-3137921711.png,eiffel_tower,synthetic
dataset_real\train\eiffel_tower\56f1b73fbd.jpg,eiffel_tower,real
dataset_real\train\great_wall_of_china\6bb46fa29f.jpg,great_wall_of_china,real
dataset_real\train\burj_khalifa\a59d2dea08.jpg,burj_khalifa,real
dataset_synthetic\train\pyramids_of_giza\00243-3340261353.png,pyramids_of_giza,synthetic
dataset_real\train\burj_khalifa\291295ce93.jpg,burj_khalifa,real
dataset_synthetic\train\great_wall_of_china\00167-1607761947.png,great_wall_of_china,synthetic
dataset_real\train\roman_colosseum\6013ff76c9.jpg,roman_colosseum,real
dataset_real\train\chichen_itza\9ae954c240.jpg,chichen_itza,real
dataset_real\train\burj_khalifa\4bccd6da38.jpg,burj_khalifa,real
dataset_synthetic\train\chichen_itza\00067-2079455160.png,chichen_itza,synthetic
dataset_real\train\great_wall_of_china\335dc2d52e.jpg,great_wall_of_china,real
dataset_synthetic\train\chichen_itza\00112-3888410423.png,chichen_itza,synthetic
dataset_real\train\statue_of_liberty\be6714db13.jpg,statue_of_liberty,real
dataset_real\train\burj_khalifa\957522dd9e.jpg,burj_khalifa,real
dataset_real\train\statue_of_liberty\4bc78d117d.jpg,statue_of_liberty,real
dataset_real\train\great_wall_of_china\730b1ffc1e.jpg,great_wall_of_china,real
dataset_real\train\burj_khalifa\f733e6161a.jpg,burj_khalifa,real
dataset_real\train\eiffel_tower\de12f40f4f.jpg,eiffel_tower,real
dataset_real\train\chichen_itza\e7d0960390.jpg,chichen_itza,real
dataset_real\train\great_wall_of_china\d287f4e145.jpg,great_wall_of_china,real
dataset_real\train\roman_colosseum\2f4f37965b.jpg,roman_colosseum,real
dataset_real\train\christ_the_reedemer\609ff64712.jpg,christ_the_reedemer,real
dataset_real\train\eiffel_tower\731b32faec.jpg,eiffel_tower,real
dataset_synthetic\train\roman_colosseum\00098-2343411945.png,roman_colosseum,synthetic
dataset_real\train\christ_the_reedemer\df0cf59154.jpg,christ_the_reedemer,real
dataset_real\train\burj_khalifa\311bd008f4.jpg,burj_khalifa,real
dataset_synthetic\train\burj_khalifa\00239-2852982643.png,burj_khalifa,synthetic
dataset_synthetic\train\roman_colosseum\00126-4069228228.png,roman_colosseum,synthetic
dataset_real\train\christ_the_reedemer\4362dea956.jpg,christ_the_reedemer,real
dataset_real\train\great_wall_of_china\bf05c4248e.jpg,great_wall_of_china,real
dataset_real\train\chichen_itza\b2e11de210.jpg,chichen_itza,real
dataset_real\train\pyramids_of_giza\3b8a028a92.jpg,pyramids_of_giza,real
dataset_real\train\roman_colosseum\a1b5d2f9af.jpg,roman_colosseum,real
dataset_real\train\christ_the_reedemer\18fcb3b69c.jpg,christ_the_reedemer,real
dataset_synthetic\train\great_wall_of_china\00038-1177815127.png,great_wall_of_china,synthetic
dataset_real\train\chichen_itza\6e17190bc8.jpg,chichen_itza,real
dataset_real\train\pyramids_of_giza\05b68cee55.jpg,pyramids_of_giza,real
dataset_real\train\pyramids_of_giza\ef84875f12.jpg,pyramids_of_giza,real
dataset_real\train\statue_of_liberty\87876e5977.jpg,statue_of_liberty,real
dataset_real\train\statue_of_liberty\484a193a54.jpg,statue_of_liberty,real
dataset_real\train\great_wall_of_china\b6c752d90e.jpg,great_wall_of_china,real
dataset_synthetic\train\chichen_itza\00071-2079455164.png,chichen_itza,synthetic
dataset_real\train\chichen_itza\dd30579669.jpg,chichen_itza,real
dataset_real\train\pyramids_of_giza\a3c8134886.jpg,pyramids_of_giza,real
dataset_real\train\burj_khalifa\cbfc94b99d.jpg,burj_khalifa,real
dataset_real\train\burj_khalifa\a85964dc04.jpg,burj_khalifa,real
dataset_real\train\burj_khalifa\99d153a3f6.jpg,burj_khalifa,real
dataset_real\train\chichen_itza\418164bc79.jpg,chichen_itza,real
dataset_real\train\roman_colosseum\95b953379d.jpg,roman_colosseum,real
dataset_real\train\great_wall_of_china\6348d4b74f.jpg,great_wall_of_china,real
dataset_real\train\eiffel_tower\4ade3f4ad8.jpg,eiffel_tower,real
dataset_real\train\great_wall_of_china\cfd27840f5.jpg,great_wall_of_china,real
dataset_real\train\christ_the_reedemer\67218b252f.jpg,christ_the_reedemer,real
dataset_synthetic\train\pyramids_of_giza\00092-942607750.png,pyramids_of_giza,synthetic
dataset_real\train\roman_colosseum\c862c4e1d6.jpg,roman_colosseum,real
dataset_real\train\roman_colosseum\b83bf20d90.jpg,roman_colosseum,real
dataset_real\train\pyramids_of_giza\f3a698aca2.jpg,pyramids_of_giza,real
dataset_real\train\roman_colosseum\effb8396b1.jpg,roman_colosseum,real
dataset_real\train\great_wall_of_china\9c2fe7d210.jpg,great_wall_of_china,real
dataset_real\train\statue_of_liberty\291fcbedfc.jpg,statue_of_liberty,real
dataset_synthetic\train\christ_the_reedemer\00053-2397697038.png,christ_the_reedemer,synthetic
dataset_real\train\eiffel_tower\720b377570.jpg,eiffel_tower,real
dataset_synthetic\train\statue_of_liberty\00541-3937903685.png,statue_of_liberty,synthetic
dataset_real\train\christ_the_reedemer\f83a4dad42.jpg,christ_the_reedemer,real
dataset_real\train\great_wall_of_china\0394697363.jpg,great_wall_of_china,real
dataset_synthetic\train\chichen_itza\00017-354526604.png,chichen_itza,synthetic
dataset_real\train\roman_colosseum\90323e7e61.jpg,roman_colosseum,real
dataset_real\train\chichen_itza\7f3fa3cc30.jpg,chichen_itza,real
dataset_real\train\chichen_itza\f70cb0525d.jpg,chichen_itza,real
dataset_synthetic\train\great_wall_of_china\00149-2449295052.png,great_wall_of_china,synthetic
dataset_real\train\statue_of_liberty\dbe163dbea.jpg,statue_of_liberty,real
dataset_real\train\burj_khalifa\e3e73e0de9.jpg,burj_khalifa,real
dataset_real\train\chichen_itza\2d792d8337.jpg,chichen_itza,real
dataset_real\train\christ_the_reedemer\b12d4ac951.jpg,christ_the_reedemer,real
dataset_real\train\eiffel_tower\70534a1d53.jpg,eiffel_tower,real
dataset_synthetic\train\great_wall_of_china\00262-4085978428.png,great_wall_of_china,synthetic
dataset_real\train\statue_of_liberty\614adfe1d9.jpg,statue_of_liberty,real
dataset_real\train\pyramids_of_giza\f3e372a882.jpg,pyramids_of_giza,real
dataset_synthetic\train\eiffel_tower\00285-162160946.png,eiffel_tower,synthetic
dataset_real\train\roman_colosseum\babdaafcb7.jpg,roman_colosseum,real
dataset_synthetic\train\burj_khalifa\00109-4109332477.png,burj_khalifa,synthetic
dataset_real\train\christ_the_reedemer\db1f314e4a.jpg,christ_the_reedemer,real
dataset_synthetic\train\burj_khalifa\00256-2863073466.png,burj_khalifa,synthetic
dataset_real\train\eiffel_tower\4c3971d467.jpg,eiffel_tower,real
dataset_synthetic\train\pyramids_of_giza\00114-942607772.png,pyramids_of_giza,synthetic
dataset_real\train\chichen_itza\d5b85454e5.jpg,chichen_itza,real
dataset_real\train\burj_khalifa\58c554aa68.jpg,burj_khalifa,real
dataset_synthetic\train\great_wall_of_china\00037-1177815126.png,great_wall_of_china,synthetic
dataset_real\train\christ_the_reedemer\b91bf5165f.jpg,christ_the_reedemer,real
dataset_real\train\chichen_itza\ba8aedcc77.jpg,chichen_itza,real
dataset_real\train\roman_colosseum\44ca1517f1.jpg,roman_colosseum,real
dataset_real\train\statue_of_liberty\21a14da907.jpg,statue_of_liberty,real
dataset_synthetic\train\eiffel_tower\00243-1566552024.png,eiffel_tower,synthetic
dataset_real\train\great_wall_of_china\19e8c68ed8.jpg,great_wall_of_china,real
dataset_real\train\roman_colosseum\1405d0e88b.jpg,roman_colosseum,real
dataset_real\train\pyramids_of_giza\39aa781beb.jpg,pyramids_of_giza,real
dataset_real\train\roman_colosseum\963e91baf7.jpg,roman_colosseum,real
dataset_real\train\christ_the_reedemer\5ae059b7a0.jpg,christ_the_reedemer,real
dataset_synthetic\train\christ_the_reedemer\00263-3045517126.png,christ_the_reedemer,synthetic
dataset_synthetic\train\chichen_itza\00015-354526602.png,chichen_itza,synthetic
dataset_real\train\roman_colosseum\95bd6fd042.jpg,roman_colosseum,real
dataset_real\train\burj_khalifa\d9fabcc483.jpg,burj_khalifa,real
dataset_real\train\chichen_itza\28006c09b3.jpg,chichen_itza,real
dataset_real\train\pyramids_of_giza\52e42476ef.jpg,pyramids_of_giza,real
dataset_real\train\burj_khalifa\90a4305c6e.jpg,burj_khalifa,real
dataset_real\train\pyramids_of_giza\2caaad1701.jpg,pyramids_of_giza,real
dataset_synthetic\train\roman_colosseum\00285-241878740.png,roman_colosseum,synthetic
dataset_real\train\chichen_itza\8cfd6cdc14.jpg,chichen_itza,real
dataset_real\train\eiffel_tower\936c74b6b3.jpg,eiffel_tower,real
dataset_real\train\roman_colosseum\5c5a6e24ee.jpg,roman_colosseum,real
dataset_real\train\burj_khalifa\aef3b58a74.jpg,burj_khalifa,real
dataset_real\train\christ_the_reedemer\69b439fca9.jpg,christ_the_reedemer,real
dataset_real\train\pyramids_of_giza\27304e8c2c.jpg,pyramids_of_giza,real
dataset_real\train\roman_colosseum\90bc0fbadb.jpg,roman_colosseum,real
dataset_synthetic\train\roman_colosseum\00048-2283819997.png,roman_colosseum,synthetic
dataset_real\train\roman_colosseum\dd480d8fe2.jpg,roman_colosseum,real
dataset_real\train\pyramids_of_giza\f029021ce7.jpg,pyramids_of_giza,real
dataset_real\train\chichen_itza\a0b4222819.jpg,chichen_itza,real
dataset_real\train\chichen_itza\cbf09b934c.jpg,chichen_itza,real
dataset_real\train\christ_the_reedemer\83922f1936.jpg,christ_the_reedemer,real
dataset_real\train\roman_colosseum\94f268c0b2.jpg,roman_colosseum,real
dataset_synthetic\train\christ_the_reedemer\00032-3006335895.png,christ_the_reedemer,synthetic
dataset_synthetic\train\chichen_itza\00012-354526599.png,chichen_itza,synthetic
dataset_real\train\chichen_itza\bb3f6d65c2.jpg,chichen_itza,real
dataset_real\train\chichen_itza\ca5d7b3fad.jpg,chichen_itza,real
dataset_synthetic\train\chichen_itza\00170-1856050882.png,chichen_itza,synthetic
dataset_real\train\chichen_itza\8a39dcce68.jpg,chichen_itza,real
dataset_synthetic\train\christ_the_reedemer\00138-3552515832.png,christ_the_reedemer,synthetic
dataset_real\train\pyramids_of_giza\ae47ba40c4.jpg,pyramids_of_giza,real
dataset_real\train\eiffel_tower\a725e8440b.jpg,eiffel_tower,real
dataset_synthetic\train\roman_colosseum\00148-1009224246.png,roman_colosseum,synthetic
dataset_real\train\eiffel_tower\c0b3592514.jpg,eiffel_tower,real
dataset_real\train\christ_the_reedemer\bc72c24a4e.jpg,christ_the_reedemer,real
dataset_real\train\roman_colosseum\c6c8a3ca37.jpg,roman_colosseum,real
dataset_real\train\pyramids_of_giza\32e40e87b4.jpg,pyramids_of_giza,real
dataset_real\train\roman_colosseum\d3d2b6b861.jpg,roman_colosseum,real
dataset_synthetic\train\roman_colosseum\00158-1009224256.png,roman_colosseum,synthetic
dataset_real\train\great_wall_of_china\8b9aebdf79.jpg,great_wall_of_china,real
dataset_real\train\great_wall_of_china\76df5ab4f6.jpg,great_wall_of_china,real
dataset_synthetic\train\burj_khalifa\00289-2716773640.png,burj_khalifa,synthetic
dataset_real\train\pyramids_of_giza\c4562492d4.jpg,pyramids_of_giza,real
dataset_real\train\statue_of_liberty\26cc9d6ec7.jpg,statue_of_liberty,real
dataset_synthetic\train\roman_colosseum\00104-2343411951.png,roman_colosseum,synthetic
dataset_real\train\christ_the_reedemer\d55311638c.jpg,christ_the_reedemer,real
dataset_real\train\statue_of_liberty\5f866d136e.jpg,statue_of_liberty,real
dataset_real\train\chichen_itza\de9bada65c.jpg,chichen_itza,real
dataset_synthetic\train\burj_khalifa\00016-2682522069.png,burj_khalifa,synthetic
dataset_real\train\christ_the_reedemer\f362c1df68.jpg,christ_the_reedemer,real
dataset_real\train\great_wall_of_china\f75839d88a.jpg,great_wall_of_china,real
dataset_synthetic\train\roman_colosseum\00101-2343411948.png,roman_colosseum,synthetic
dataset_real\train\eiffel_tower\f81ad385d2.jpg,eiffel_tower,real
dataset_real\train\statue_of_liberty\1438b3d669.jpg,statue_of_liberty,real
dataset_real\train\statue_of_liberty\48900357db.jpg,statue_of_liberty,real
dataset_synthetic\train\eiffel_tower\00136-70550507.png,eiffel_tower,synthetic
dataset_real\train\burj_khalifa\80314937d1.jpg,burj_khalifa,real
dataset_real\train\great_wall_of_china\758bb61af1.jpg,great_wall_of_china,real
dataset_real\train\statue_of_liberty\6392a2cfbc.jpg,statue_of_liberty,real
dataset_synthetic\train\chichen_itza\00259-1829905844.png,chichen_itza,synthetic
dataset_real\train\roman_colosseum\cab9c7d656.jpg,roman_colosseum,real
dataset_real\train\great_wall_of_china\693554ad10.jpg,great_wall_of_china,real
dataset_real\train\burj_khalifa\d9c2f4c542.jpg,burj_khalifa,real
dataset_real\train\eiffel_tower\17f0d90d62.jpg,eiffel_tower,real
dataset_real\train\christ_the_reedemer\8fa0f7585a.jpg,christ_the_reedemer,real
dataset_real\train\christ_the_reedemer\630de83ac4.jpg,christ_the_reedemer,real
dataset_synthetic\train\pyramids_of_giza\00176-2205670352.png,pyramids_of_giza,synthetic
dataset_synthetic\train\great_wall_of_china\00020-1860489320.png,great_wall_of_china,synthetic
dataset_real\train\chichen_itza\b7f89e4db2.jpg,chichen_itza,real
dataset_real\train\great_wall_of_china\f61b1da390.jpg,great_wall_of_china,real
dataset_real\train\christ_the_reedemer\8f861431d3.jpg,christ_the_reedemer,real
dataset_real\train\chichen_itza\4a45d3a6df.jpg,chichen_itza,real
dataset_real\train\roman_colosseum\5e96733faa.jpg,roman_colosseum,real
dataset_real\train\eiffel_tower\9500395ea2.jpg,eiffel_tower,real
dataset_real\train\roman_colosseum\c90c9b771a.jpg,roman_colosseum,real
dataset_real\train\christ_the_reedemer\d07a4ca091.jpg,christ_the_reedemer,real
dataset_real\train\great_wall_of_china\d92626bc45.jpg,great_wall_of_china,real
dataset_real\train\chichen_itza\a7e699a9ed.jpg,chichen_itza,real
dataset_real\train\roman_colosseum\284542183d.jpg,roman_colosseum,real
dataset_real\train\eiffel_tower\d60c486c0c.jpg,eiffel_tower,real
dataset_real\train\burj_khalifa\2b71aa169f.jpg,burj_khalifa,real
dataset_real\train\great_wall_of_china\6072247ce4.jpg,great_wall_of_china,real
dataset_real\train\burj_khalifa\f76b1ec129.jpg,burj_khalifa,real
dataset_real\train\eiffel_tower\43cf0ca34e.jpg,eiffel_tower,real
dataset_real\train\pyramids_of_giza\15d6cfb997.jpg,pyramids_of_giza,real
dataset_real\train\roman_colosseum\e5ff5671c3.jpg,roman_colosseum,real
dataset_real\train\chichen_itza\92671b87ee.jpg,chichen_itza,real
dataset_synthetic\train\great_wall_of_china\00117-920026948.png,great_wall_of_china,synthetic
dataset_real\train\roman_colosseum\4ef4b14c5f.jpg,roman_colosseum,real
dataset_real\train\pyramids_of_giza\93ed5187b2.jpg,pyramids_of_giza,real
dataset_real\train\great_wall_of_china\755afb26b8.jpg,great_wall_of_china,real
dataset_synthetic\train\great_wall_of_china\00204-2026541312.png,great_wall_of_china,synthetic
dataset_synthetic\train\chichen_itza\00173-1856050885.png,chichen_itza,synthetic
dataset_real\train\pyramids_of_giza\adc9952f56.jpg,pyramids_of_giza,real
dataset_real\train\great_wall_of_china\ee0986001f.jpg,great_wall_of_china,real
dataset_real\train\burj_khalifa\6b769d6f01.jpg,burj_khalifa,real
dataset_real\train\statue_of_liberty\d6c8e641c1.jpg,statue_of_liberty,real
dataset_real\train\statue_of_liberty\8c814889a8.jpg,statue_of_liberty,real
dataset_real\train\pyramids_of_giza\dc718a4bb6.jpg,pyramids_of_giza,real
dataset_real\train\statue_of_liberty\63943a1ec2.jpg,statue_of_liberty,real
dataset_real\train\burj_khalifa\4bfa94cffd.jpg,burj_khalifa,real
dataset_synthetic\train\burj_khalifa\00019-2682522072.png,burj_khalifa,synthetic
dataset_real\train\burj_khalifa\f99ab3c1ac.jpg,burj_khalifa,real
dataset_synthetic\train\chichen_itza\00016-354526603.png,chichen_itza,synthetic
dataset_real\train\great_wall_of_china\30af964641.jpg,great_wall_of_china,real
dataset_real\train\statue_of_liberty\29e8199c41.jpg,statue_of_liberty,real
dataset_real\train\christ_the_reedemer\c85a4b2299.jpg,christ_the_reedemer,real
dataset_real\train\roman_colosseum\d101b4e8e1.jpg,roman_colosseum,real
dataset_real\train\great_wall_of_china\af51e8d08c.jpg,great_wall_of_china,real
dataset_real\train\statue_of_liberty\9ad70d3d63.jpg,statue_of_liberty,real
dataset_real\train\great_wall_of_china\d4c1eb9138.jpg,great_wall_of_china,real
dataset_real\train\chichen_itza\ccaa3c0d5e.jpg,chichen_itza,real
dataset_synthetic\train\roman_colosseum\00140-4069228242.png,roman_colosseum,synthetic
dataset_real\train\chichen_itza\7eb994d484.jpg,chichen_itza,real
dataset_real\train\christ_the_reedemer\56febc0887.jpg,christ_the_reedemer,real
dataset_real\train\eiffel_tower\ce07cbee0c.jpg,eiffel_tower,real
dataset_synthetic\train\burj_khalifa\00212-2852982616.png,burj_khalifa,synthetic
dataset_real\train\burj_khalifa\e24a79a178.jpg,burj_khalifa,real
dataset_synthetic\train\christ_the_reedemer\00175-4094071601.png,christ_the_reedemer,synthetic
dataset_real\train\great_wall_of_china\73a92ea9ae.jpg,great_wall_of_china,real
dataset_real\train\pyramids_of_giza\b5cc64d870.jpg,pyramids_of_giza,real
dataset_real\train\roman_colosseum\1adf3bf159.jpg,roman_colosseum,real
dataset_real\train\burj_khalifa\5d4ebc6c1f.jpg,burj_khalifa,real
dataset_real\train\chichen_itza\f0098cbeaf.jpg,chichen_itza,real
dataset_real\train\burj_khalifa\66b7d12341.jpg,burj_khalifa,real
dataset_real\train\great_wall_of_china\81246ed24c.jpg,great_wall_of_china,real
dataset_real\train\burj_khalifa\053b092881.jpg,burj_khalifa,real
dataset_synthetic\train\great_wall_of_china\00296-1383148748.png,great_wall_of_china,synthetic
dataset_real\train\pyramids_of_giza\754902aed4.jpg,pyramids_of_giza,real
dataset_synthetic\train\roman_colosseum\00290-241878745.png,roman_colosseum,synthetic
dataset_real\train\christ_the_reedemer\9eab5170dd.jpg,christ_the_reedemer,real
dataset_real\train\chichen_itza\efa20eeb1b.jpg,chichen_itza,real
dataset_real\train\great_wall_of_china\a6dc1083cc.jpg,great_wall_of_china,real
dataset_synthetic\train\chichen_itza\00082-2079455175.png,chichen_itza,synthetic
dataset_synthetic\train\christ_the_reedemer\00207-1121220998.png,christ_the_reedemer,synthetic
dataset_real\train\great_wall_of_china\92dfbce88d.jpg,great_wall_of_china,real
dataset_real\train\roman_colosseum\49d120d6d0.jpg,roman_colosseum,real
dataset_real\train\eiffel_tower\613738eb7b.jpg,eiffel_tower,real
dataset_synthetic\train\burj_khalifa\00138-1813382826.png,burj_khalifa,synthetic
dataset_real\train\great_wall_of_china\5d96bcaac0.jpg,great_wall_of_china,real
dataset_real\train\chichen_itza\d4387e8c34.jpg,chichen_itza,real
dataset_real\train\great_wall_of_china\41e7f47c74.jpg,great_wall_of_china,real
dataset_synthetic\train\great_wall_of_china\00232-4011577247.png,great_wall_of_china,synthetic
dataset_real\train\eiffel_tower\a76f908095.jpg,eiffel_tower,real
dataset_real\train\christ_the_reedemer\771171dcba.jpg,christ_the_reedemer,real
dataset_synthetic\train\christ_the_reedemer\00274-3045517137.png,christ_the_reedemer,synthetic
dataset_real\train\pyramids_of_giza\059228ac99.jpg,pyramids_of_giza,real
dataset_real\train\roman_colosseum\a491f570bb.jpg,roman_colosseum,real
dataset_synthetic\train\burj_khalifa\00234-2852982638.png,burj_khalifa,synthetic
dataset_real\train\eiffel_tower\a659c067a8.jpg,eiffel_tower,real
dataset_real\train\statue_of_liberty\c1d71a10b7.jpg,statue_of_liberty,real
dataset_real\train\burj_khalifa\7f9c2b4780.jpg,burj_khalifa,real
dataset_synthetic\train\christ_the_reedemer\00079-2397697064.png,christ_the_reedemer,synthetic
dataset_real\train\chichen_itza\b6593a5c36.jpg,chichen_itza,real
dataset_synthetic\train\christ_the_reedemer\00042-3006335905.png,christ_the_reedemer,synthetic
dataset_synthetic\train\eiffel_tower\00158-1848933957.png,eiffel_tower,synthetic
dataset_real\train\chichen_itza\a83e19aabb.jpg,chichen_itza,real
dataset_synthetic\train\great_wall_of_china\00223-4011577238.png,great_wall_of_china,synthetic
dataset_real\train\pyramids_of_giza\d641703d91.jpg,pyramids_of_giza,real
dataset_real\train\chichen_itza\ce161ed02d.jpg,chichen_itza,real
dataset_real\train\christ_the_reedemer\6067eba537.jpg,christ_the_reedemer,real
dataset_real\train\christ_the_reedemer\4db3010416.jpg,christ_the_reedemer,real
dataset_real\train\eiffel_tower\e2d27036a9.jpg,eiffel_tower,real
dataset_real\train\christ_the_reedemer\ddfc73ea22.jpg,christ_the_reedemer,real
dataset_real\train\chichen_itza\3b7c811f32.jpg,chichen_itza,real
dataset_synthetic\train\pyramids_of_giza\00156-2205670332.png,pyramids_of_giza,synthetic
dataset_real\train\burj_khalifa\f511119ac2.jpg,burj_khalifa,real
dataset_real\train\great_wall_of_china\4a7e45725e.jpg,great_wall_of_china,real
dataset_real\train\great_wall_of_china\581bc9d456.jpg,great_wall_of_china,real
dataset_real\train\burj_khalifa\208f7bd86a.jpg,burj_khalifa,real
dataset_real\train\chichen_itza\5e2425e89f.jpg,chichen_itza,real
dataset_real\train\eiffel_tower\a5c0183f6d.jpg,eiffel_tower,real
dataset_real\train\roman_colosseum\c336c55bc4.jpg,roman_colosseum,real
dataset_synthetic\train\statue_of_liberty\00411-1169046322.png,statue_of_liberty,synthetic
dataset_real\train\roman_colosseum\7c2111547d.jpg,roman_colosseum,real
dataset_real\train\great_wall_of_china\e5cb5f1d31.jpg,great_wall_of_china,real
dataset_real\train\eiffel_tower\07e2fb6c6c.jpg,eiffel_tower,real
dataset_real\train\chichen_itza\e67c966027.jpg,chichen_itza,real
dataset_real\train\christ_the_reedemer\6515f17651.jpg,christ_the_reedemer,real
dataset_real\train\burj_khalifa\1152feeac0.jpg,burj_khalifa,real
dataset_synthetic\train\christ_the_reedemer\00186-4094071612.png,christ_the_reedemer,synthetic
dataset_real\train\eiffel_tower\d60c378d0a.jpg,eiffel_tower,real
dataset_real\train\eiffel_tower\186a61eb8c.jpg,eiffel_tower,real
dataset_real\train\christ_the_reedemer\a788563b46.jpg,christ_the_reedemer,real
dataset_synthetic\train\burj_khalifa\00128-1813382816.png,burj_khalifa,synthetic
dataset_real\train\eiffel_tower\6dc85d1a13.jpg,eiffel_tower,real
dataset_real\train\chichen_itza\858e542a0d.jpg,chichen_itza,real
dataset_synthetic\train\great_wall_of_china\00179-1607761959.png,great_wall_of_china,synthetic
dataset_real\train\statue_of_liberty\9b2fe5499e.jpg,statue_of_liberty,real
dataset_real\train\pyramids_of_giza\e78b586b05.jpg,pyramids_of_giza,real
dataset_real\train\pyramids_of_giza\52f551ccf4.jpg,pyramids_of_giza,real
dataset_synthetic\train\pyramids_of_giza\00258-3340261368.png,pyramids_of_giza,synthetic
dataset_synthetic\train\great_wall_of_china\00285-1383148737.png,great_wall_of_china,synthetic
dataset_real\train\eiffel_tower\fb728ec9cb.jpg,eiffel_tower,real
dataset_real\train\christ_the_reedemer\75e6c6f113.jpg,christ_the_reedemer,real
dataset_real\train\pyramids_of_giza\2f370c0d92.jpg,pyramids_of_giza,real
dataset_real\train\great_wall_of_china\32ed4c99c9.jpg,great_wall_of_china,real
dataset_real\train\pyramids_of_giza\82f9d58f40.jpg,pyramids_of_giza,real
dataset_real\train\pyramids_of_giza\14cbf9828e.jpg,pyramids_of_giza,real
dataset_synthetic\train\roman_colosseum\00050-2283819999.png,roman_colosseum,synthetic
dataset_real\train\roman_colosseum\8558572053.jpg,roman_colosseum,real
dataset_real\train\eiffel_tower\2137089d89.jpg,eiffel_tower,real
dataset_real\train\great_wall_of_china\7faff79242.jpg,great_wall_of_china,real
dataset_real\train\pyramids_of_giza\5c5ababc66.jpg,pyramids_of_giza,real
dataset_real\train\great_wall_of_china\4f223a2771.jpg,great_wall_of_china,real
dataset_real\train\burj_khalifa\0acec17a29.jpg,burj_khalifa,real
dataset_real\train\roman_colosseum\cde779b4b8.jpg,roman_colosseum,real
dataset_real\train\statue_of_liberty\6c30e10a67.jpg,statue_of_liberty,real
dataset_real\train\burj_khalifa\df2d3229c3.jpg,burj_khalifa,real
dataset_real\train\christ_the_reedemer\dd7fefa685.jpg,christ_the_reedemer,real
dataset_real\train\eiffel_tower\772c4e8d83.jpg,eiffel_tower,real
dataset_real\train\christ_the_reedemer\56bca278a9.jpg,christ_the_reedemer,real
dataset_synthetic\train\christ_the_reedemer\00200-4094071626.png,christ_the_reedemer,synthetic
dataset_real\train\statue_of_liberty\c6d001ef36.jpg,statue_of_liberty,real
dataset_synthetic\train\eiffel_tower\00263-1566552044.png,eiffel_tower,synthetic
dataset_real\train\pyramids_of_giza\afd177c9d9.jpg,pyramids_of_giza,real
dataset_real\train\great_wall_of_china\dd14eb46c0.jpg,great_wall_of_china,real
dataset_synthetic\train\eiffel_tower\00224-2386103699.png,eiffel_tower,synthetic
dataset_real\train\chichen_itza\fd4e98075b.jpg,chichen_itza,real
dataset_real\train\christ_the_reedemer\0d00878384.jpg,christ_the_reedemer,real
dataset_real\train\great_wall_of_china\d4d20e833e.jpg,great_wall_of_china,real
dataset_synthetic\train\statue_of_liberty\00549-3937903693.png,statue_of_liberty,synthetic
dataset_real\train\statue_of_liberty\f20eb9f6fa.jpg,statue_of_liberty,real
dataset_real\train\great_wall_of_china\a4f7c97d50.jpg,great_wall_of_china,real
dataset_real\train\pyramids_of_giza\e130e33f7a.jpg,pyramids_of_giza,real
dataset_real\train\pyramids_of_giza\9b0dfb3f88.jpg,pyramids_of_giza,real
dataset_real\train\eiffel_tower\613a42aa99.jpg,eiffel_tower,real
dataset_real\train\roman_colosseum\ab4cd82684.jpg,roman_colosseum,real
dataset_real\train\christ_the_reedemer\1acf33bd82.jpg,christ_the_reedemer,real
dataset_real\train\christ_the_reedemer\dad36f7aeb.jpg,christ_the_reedemer,real
dataset_synthetic\train\christ_the_reedemer\00182-4094071608.png,christ_the_reedemer,synthetic
dataset_real\train\roman_colosseum\6405c42fca.jpg,roman_colosseum,real
dataset_real\train\eiffel_tower\79a789a49c.jpg,eiffel_tower,real
dataset_real\train\pyramids_of_giza\31c91288f5.jpg,pyramids_of_giza,real
dataset_synthetic\train\burj_khalifa\00216-2852982620.png,burj_khalifa,synthetic
dataset_real\train\pyramids_of_giza\d78358fe7d.jpg,pyramids_of_giza,real
dataset_real\train\christ_the_reedemer\eefd9badab.jpg,christ_the_reedemer,real
dataset_real\train\christ_the_reedemer\8a30f1d2e9.jpg,christ_the_reedemer,real
dataset_real\train\burj_khalifa\82b59a21cc.jpg,burj_khalifa,real
dataset_real\train\christ_the_reedemer\a516675ddd.jpg,christ_the_reedemer,real
dataset_real\train\christ_the_reedemer\c433e9ed27.jpg,christ_the_reedemer,real
dataset_real\train\great_wall_of_china\0c00c2ff24.jpg,great_wall_of_china,real
dataset_real\train\great_wall_of_china\a37e27cce9.jpg,great_wall_of_china,real
dataset_real\train\chichen_itza\d8b97f7b24.jpg,chichen_itza,real
dataset_real\train\chichen_itza\acab3cb8dd.jpg,chichen_itza,real
dataset_real\train\christ_the_reedemer\4dc20e55a0.jpg,christ_the_reedemer,real
dataset_real\train\chichen_itza\80bb7f3934.jpg,chichen_itza,real
dataset_real\train\pyramids_of_giza\0d5b848c6b.jpg,pyramids_of_giza,real
dataset_real\train\great_wall_of_china\5539ca65a5.jpg,great_wall_of_china,real
dataset_real\train\statue_of_liberty\c23e4f1d5b.jpg,statue_of_liberty,real
dataset_synthetic\train\eiffel_tower\00254-1566552035.png,eiffel_tower,synthetic
dataset_real\train\statue_of_liberty\2dbbcdd0ee.jpg,statue_of_liberty,real
dataset_real\train\pyramids_of_giza\0c177ef40e.jpg,pyramids_of_giza,real
dataset_real\train\chichen_itza\3326ece81d.jpg,chichen_itza,real
dataset_real\train\burj_khalifa\a9608e6c88.jpg,burj_khalifa,real
dataset_real\train\pyramids_of_giza\3715e538d8.jpg,pyramids_of_giza,real
dataset_real\train\great_wall_of_china\e225c36217.jpg,great_wall_of_china,real
dataset_real\train\great_wall_of_china\8a42bf036f.jpg,great_wall_of_china,real
dataset_real\train\eiffel_tower\7593f48a92.jpg,eiffel_tower,real
dataset_synthetic\train\roman_colosseum\00042-2283819991.png,roman_colosseum,synthetic
dataset_synthetic\train\burj_khalifa\00251-2863073461.png,burj_khalifa,synthetic
dataset_real\train\eiffel_tower\ee8bf58e3e.jpg,eiffel_tower,real
dataset_real\train\burj_khalifa\05a99296d0.jpg,burj_khalifa,real
dataset_real\train\eiffel_tower\16bca5f59f.jpg,eiffel_tower,real
dataset_synthetic\train\pyramids_of_giza\00276-39524421.png,pyramids_of_giza,synthetic
dataset_synthetic\train\christ_the_reedemer\00023-3006335886.png,christ_the_reedemer,synthetic
dataset_synthetic\train\burj_khalifa\00230-2852982634.png,burj_khalifa,synthetic
dataset_real\train\statue_of_liberty\b1f9d05cca.jpg,statue_of_liberty,real
dataset_real\train\roman_colosseum\b440431a1e.jpg,roman_colosseum,real
dataset_real\train\roman_colosseum\1bc0beb089.jpg,roman_colosseum,real
dataset_synthetic\train\statue_of_liberty\00605-4055323042.png,statue_of_liberty,synthetic
dataset_real\train\chichen_itza\58c5d7abbb.jpg,chichen_itza,real
dataset_real\train\burj_khalifa\b7ed10d93d.jpg,burj_khalifa,real
dataset_real\train\christ_the_reedemer\1399f5befd.jpg,christ_the_reedemer,real
dataset_real\train\christ_the_reedemer\00b9b0a3ca.jpg,christ_the_reedemer,real
dataset_real\train\roman_colosseum\1d0a761ae3.jpg,roman_colosseum,real
dataset_real\train\great_wall_of_china\89dbd8d9b4.jpg,great_wall_of_china,real
dataset_real\train\great_wall_of_china\770b556613.jpg,great_wall_of_china,real
dataset_real\train\pyramids_of_giza\2acbe12fd8.jpg,pyramids_of_giza,real
dataset_real\train\great_wall_of_china\06302f21b8.jpg,great_wall_of_china,real
dataset_real\train\pyramids_of_giza\7eec544b78.jpg,pyramids_of_giza,real
dataset_synthetic\train\great_wall_of_china\00159-1607761939.png,great_wall_of_china,synthetic
dataset_real\train\burj_khalifa\4dca5e7716.jpg,burj_khalifa,real
dataset_synthetic\train\christ_the_reedemer\00282-3045517145.png,christ_the_reedemer,synthetic
dataset_real\train\statue_of_liberty\e3d89d513a.jpg,statue_of_liberty,real
dataset_real\train\christ_the_reedemer\324aee0832.jpg,christ_the_reedemer,real
dataset_real\train\eiffel_tower\abbf350d0c.jpg,eiffel_tower,real
dataset_real\train\pyramids_of_giza\9eec84bfdc.jpg,pyramids_of_giza,real
dataset_synthetic\train\eiffel_tower\00172-1848933971.png,eiffel_tower,synthetic
dataset_real\train\eiffel_tower\7219545b14.jpg,eiffel_tower,real
dataset_real\train\eiffel_tower\0a3362b2c7.jpg,eiffel_tower,real
dataset_real\train\eiffel_tower\286c0464bd.jpg,eiffel_tower,real
dataset_synthetic\train\pyramids_of_giza\00096-942607754.png,pyramids_of_giza,synthetic
dataset_real\train\chichen_itza\e7499a206e.jpg,chichen_itza,real
dataset_real\train\chichen_itza\d4054a7c3b.jpg,chichen_itza,real
dataset_real\train\christ_the_reedemer\36f397c38d.jpg,christ_the_reedemer,real
dataset_real\train\statue_of_liberty\1b66d824e2.jpg,statue_of_liberty,real
dataset_real\train\roman_colosseum\3204077f16.jpg,roman_colosseum,real
dataset_real\train\burj_khalifa\e40c868946.jpg,burj_khalifa,real
dataset_real\train\statue_of_liberty\116f4c073d.jpg,statue_of_liberty,real
dataset_real\train\roman_colosseum\c4bc58d806.jpg,roman_colosseum,real
dataset_synthetic\train\chichen_itza\00264-1829905849.png,chichen_itza,synthetic
dataset_real\train\chichen_itza\34e3f7ec56.jpg,chichen_itza,real
dataset_synthetic\train\eiffel_tower\00162-1848933961.png,eiffel_tower,synthetic
dataset_real\train\eiffel_tower\88f6bdb4f4.jpg,eiffel_tower,real
dataset_real\train\eiffel_tower\dfc710d54f.jpg,eiffel_tower,real
dataset_real\train\christ_the_reedemer\ac3f9ab4fb.jpg,christ_the_reedemer,real
dataset_real\train\statue_of_liberty\e87e1e7b58.jpg,statue_of_liberty,real
dataset_real\train\pyramids_of_giza\f59c392c70.jpg,pyramids_of_giza,real
dataset_synthetic\train\chichen_itza\00181-1342241936.png,chichen_itza,synthetic
dataset_real\train\burj_khalifa\9f73e1b414.jpg,burj_khalifa,real
dataset_real\train\roman_colosseum\24c8bf753f.jpg,roman_colosseum,real
dataset_real\train\roman_colosseum\9351093337.jpg,roman_colosseum,real
dataset_synthetic\train\roman_colosseum\00055-2283820004.png,roman_colosseum,synthetic
dataset_real\train\great_wall_of_china\7dfcbbefaa.jpg,great_wall_of_china,real
dataset_synthetic\train\chichen_itza\00245-1829905830.png,chichen_itza,synthetic
dataset_real\train\pyramids_of_giza\c9bcf8f142.jpg,pyramids_of_giza,real
dataset_real\train\eiffel_tower\739eaea0a2.jpg,eiffel_tower,real
dataset_real\train\burj_khalifa\7fb688266e.jpg,burj_khalifa,real
dataset_real\train\pyramids_of_giza\a2a0be44a4.jpg,pyramids_of_giza,real
dataset_synthetic\train\pyramids_of_giza\00259-3340261369.png,pyramids_of_giza,synthetic
dataset_synthetic\train\great_wall_of_china\00217-4011577232.png,great_wall_of_china,synthetic
dataset_real\train\pyramids_of_giza\9c27d4184a.jpg,pyramids_of_giza,real
dataset_real\train\eiffel_tower\f790eaaee4.jpg,eiffel_tower,real
dataset_synthetic\train\pyramids_of_giza\00202-4087309981.png,pyramids_of_giza,synthetic
dataset_real\train\burj_khalifa\096e9abf57.jpg,burj_khalifa,real
dataset_synthetic\train\christ_the_reedemer\00044-3006335907.png,christ_the_reedemer,synthetic
dataset_real\train\great_wall_of_china\f586a0a8d1.jpg,great_wall_of_china,real
dataset_real\train\burj_khalifa\f5f0ca6dcc.jpg,burj_khalifa,real
dataset_real\train\great_wall_of_china\e486f91122.jpg,great_wall_of_china,real
dataset_real\train\roman_colosseum\1d409e72bc.jpg,roman_colosseum,real
dataset_real\train\chichen_itza\c5d22f6d7c.jpg,chichen_itza,real
dataset_real\train\great_wall_of_china\98cc5c4a4f.jpg,great_wall_of_china,real
dataset_synthetic\train\burj_khalifa\00194-2688549102.png,burj_khalifa,synthetic
dataset_real\train\roman_colosseum\e3276474d3.jpg,roman_colosseum,real
dataset_synthetic\train\statue_of_liberty\00376-174988334.png,statue_of_liberty,synthetic
dataset_synthetic\train\eiffel_tower\00015-3137921700.png,eiffel_tower,synthetic
dataset_real\train\burj_khalifa\096c418030.jpg,burj_khalifa,real
dataset_real\train\pyramids_of_giza\7e4c7861da.jpg,pyramids_of_giza,real
dataset_real\train\roman_colosseum\b2b9ff69ae.jpg,roman_colosseum,real
dataset_synthetic\train\burj_khalifa\00071-3346071107.png,burj_khalifa,synthetic
dataset_real\train\statue_of_liberty\d06d833ec2.jpg,statue_of_liberty,real
dataset_real\train\statue_of_liberty\f39ad405a9.jpg,statue_of_liberty,real
dataset_real\train\eiffel_tower\0390cf61f1.jpg,eiffel_tower,real
dataset_real\train\pyramids_of_giza\f5dca1ffb6.jpg,pyramids_of_giza,real
dataset_real\train\christ_the_reedemer\0f6487db5b.jpg,christ_the_reedemer,real
dataset_real\train\christ_the_reedemer\daa7d1baae.jpg,christ_the_reedemer,real
dataset_real\train\burj_khalifa\0b43bb429b.jpg,burj_khalifa,real
dataset_real\train\christ_the_reedemer\5339bc9c82.jpg,christ_the_reedemer,real
dataset_synthetic\train\christ_the_reedemer\00281-3045517144.png,christ_the_reedemer,synthetic
dataset_real\train\chichen_itza\e42899ba36.jpg,chichen_itza,real
dataset_real\train\eiffel_tower\5ac53d220a.jpg,eiffel_tower,real
dataset_synthetic\train\statue_of_liberty\00556-3937903700.png,statue_of_liberty,synthetic
dataset_real\train\burj_khalifa\92904d8d31.jpg,burj_khalifa,real
dataset_real\train\roman_colosseum\9a75a6f12d.jpg,roman_colosseum,real
dataset_real\train\burj_khalifa\c16cf7c119.jpg,burj_khalifa,real
dataset_real\train\burj_khalifa\9a8434b9b3.jpg,burj_khalifa,real
dataset_real\train\eiffel_tower\56a8ec7d31.jpg,eiffel_tower,real
dataset_synthetic\train\eiffel_tower\00196-45903242.png,eiffel_tower,synthetic
dataset_real\train\pyramids_of_giza\801196e195.jpg,pyramids_of_giza,real
dataset_real\train\roman_colosseum\51b68cd650.jpg,roman_colosseum,real
dataset_real\train\eiffel_tower\8aabdfe30d.jpg,eiffel_tower,real
dataset_real\train\christ_the_reedemer\705bd1666d.jpg,christ_the_reedemer,real
dataset_real\train\pyramids_of_giza\aa9820327a.jpg,pyramids_of_giza,real
dataset_synthetic\train\great_wall_of_china\00055-1177815144.png,great_wall_of_china,synthetic
dataset_real\train\eiffel_tower\5bf0ec8641.jpg,eiffel_tower,real
dataset_synthetic\train\christ_the_reedemer\00126-3552515820.png,christ_the_reedemer,synthetic
dataset_real\train\statue_of_liberty\ef8aa25127.jpg,statue_of_liberty,real
dataset_real\train\burj_khalifa\ffabff3b21.jpg,burj_khalifa,real
dataset_synthetic\train\statue_of_liberty\00555-3937903699.png,statue_of_liberty,synthetic
dataset_real\train\pyramids_of_giza\3245b570ba.jpg,pyramids_of_giza,real
dataset_real\train\chichen_itza\4410e29bae.jpg,chichen_itza,real
dataset_real\train\christ_the_reedemer\439f31fcaa.jpg,christ_the_reedemer,real
dataset_real\train\pyramids_of_giza\c17156374d.jpg,pyramids_of_giza,real
dataset_real\train\burj_khalifa\5f553775b2.jpg,burj_khalifa,real
dataset_real\train\roman_colosseum\ef1173b970.jpg,roman_colosseum,real
dataset_real\train\burj_khalifa\a3662fa504.jpg,burj_khalifa,real
dataset_real\train\great_wall_of_china\5d1f55b7d8.jpg,great_wall_of_china,real
dataset_synthetic\train\great_wall_of_china\00028-1860489328.png,great_wall_of_china,synthetic
dataset_synthetic\train\pyramids_of_giza\00214-3159135353.png,pyramids_of_giza,synthetic
dataset_real\train\burj_khalifa\0005487c0b.jpg,burj_khalifa,real
dataset_real\train\great_wall_of_china\d265a59fa4.jpg,great_wall_of_china,real
dataset_real\train\great_wall_of_china\d26d15c08e.jpg,great_wall_of_china,real
dataset_real\train\burj_khalifa\c1500c7def.jpg,burj_khalifa,real
dataset_real\train\pyramids_of_giza\58341d2d7e.jpg,pyramids_of_giza,real
dataset_synthetic\train\chichen_itza\00001-354526588.png,chichen_itza,synthetic
dataset_real\train\eiffel_tower\096ca11d0f.jpg,eiffel_tower,real
dataset_real\train\eiffel_tower\b847ee74b0.jpg,eiffel_tower,real
dataset_real\train\eiffel_tower\e34bcaa200.jpg,eiffel_tower,real
dataset_synthetic\train\roman_colosseum\00017-3704602082.png,roman_colosseum,synthetic
dataset_real\train\burj_khalifa\16a5e9b12a.jpg,burj_khalifa,real
dataset_synthetic\train\statue_of_liberty\00474-818305477.png,statue_of_liberty,synthetic
dataset_real\train\roman_colosseum\f75399e25d.jpg,roman_colosseum,real
dataset_real\train\roman_colosseum\bf1a86d503.jpg,roman_colosseum,real
dataset_real\train\eiffel_tower\0c157ad222.jpg,eiffel_tower,real
dataset_real\train\christ_the_reedemer\8069387632.jpg,christ_the_reedemer,real
dataset_real\train\statue_of_liberty\3d797d9604.jpg,statue_of_liberty,real
dataset_synthetic\train\burj_khalifa\00291-2716773642.png,burj_khalifa,synthetic
dataset_synthetic\train\great_wall_of_china\00299-1383148751.png,great_wall_of_china,synthetic
dataset_real\train\great_wall_of_china\ec3ba4a31a.jpg,great_wall_of_china,real
dataset_synthetic\train\christ_the_reedemer\00238-2017116354.png,christ_the_reedemer,synthetic
dataset_synthetic\train\christ_the_reedemer\00187-4094071613.png,christ_the_reedemer,synthetic
dataset_real\train\pyramids_of_giza\088a4c6f5e.jpg,pyramids_of_giza,real
dataset_real\train\statue_of_liberty\67ac3a4c53.jpg,statue_of_liberty,real
dataset_real\train\pyramids_of_giza\9e5861d026.jpg,pyramids_of_giza,real
dataset_real\train\eiffel_tower\c80910ae49.jpg,eiffel_tower,real
dataset_real\train\great_wall_of_china\b77a3fc826.jpg,great_wall_of_china,real
dataset_synthetic\train\burj_khalifa\00115-4109332483.png,burj_khalifa,synthetic
dataset_synthetic\train\burj_khalifa\00260-2863073470.png,burj_khalifa,synthetic
dataset_real\train\great_wall_of_china\7b95db879e.jpg,great_wall_of_china,real
dataset_synthetic\train\roman_colosseum\00115-2343411962.png,roman_colosseum,synthetic
dataset_real\train\statue_of_liberty\b80d71067e.jpg,statue_of_liberty,real
dataset_real\train\eiffel_tower\c9d0a3da4b.jpg,eiffel_tower,real
dataset_real\train\statue_of_liberty\8e1de201e6.jpg,statue_of_liberty,real
dataset_real\train\eiffel_tower\27b526287e.jpg,eiffel_tower,real
dataset_real\train\pyramids_of_giza\093af282b3.jpg,pyramids_of_giza,real
dataset_real\train\chichen_itza\786e72091b.jpg,chichen_itza,real
dataset_real\train\burj_khalifa\da89352db7.jpg,burj_khalifa,real
dataset_real\train\burj_khalifa\61cb69bc2a.jpg,burj_khalifa,real
dataset_real\train\roman_colosseum\28fea31e53.jpg,roman_colosseum,real
dataset_real\train\statue_of_liberty\157a7600c8.jpg,statue_of_liberty,real
dataset_real\train\great_wall_of_china\6a7ea68bc4.jpg,great_wall_of_china,real
dataset_synthetic\train\chichen_itza\00214-4190620851.png,chichen_itza,synthetic
dataset_real\train\burj_khalifa\883f2843d5.jpg,burj_khalifa,real
dataset_real\train\pyramids_of_giza\be67361827.jpg,pyramids_of_giza,real
dataset_real\train\christ_the_reedemer\45fcb7ef2d.jpg,christ_the_reedemer,real
dataset_real\train\roman_colosseum\e7df8e174b.jpg,roman_colosseum,real
dataset_real\train\christ_the_reedemer\359fef2bc9.jpg,christ_the_reedemer,real
dataset_real\train\roman_colosseum\618abcdf0d.jpg,roman_colosseum,real
dataset_real\train\burj_khalifa\c20d1748c5.jpg,burj_khalifa,real
dataset_synthetic\train\statue_of_liberty\00616-4055323053.png,statue_of_liberty,synthetic
dataset_synthetic\train\pyramids_of_giza\00044-2054659947.png,pyramids_of_giza,synthetic
dataset_synthetic\train\eiffel_tower\00071-2409094505.png,eiffel_tower,synthetic
dataset_real\train\pyramids_of_giza\f6d55b3e7e.jpg,pyramids_of_giza,real
dataset_real\train\roman_colosseum\f862926976.jpg,roman_colosseum,real
dataset_real\train\burj_khalifa\ab0fc9bd4b.jpg,burj_khalifa,real
dataset_real\train\pyramids_of_giza\ae130b64cc.jpg,pyramids_of_giza,real
dataset_synthetic\train\statue_of_liberty\00434-3674376590.png,statue_of_liberty,synthetic
dataset_real\train\roman_colosseum\765699c79a.jpg,roman_colosseum,real
dataset_real\train\great_wall_of_china\1076938ea2.jpg,great_wall_of_china,real
dataset_real\train\chichen_itza\77dc6ac0b0.jpg,chichen_itza,real
dataset_real\train\burj_khalifa\c6348cfa39.jpg,burj_khalifa,real
dataset_real\train\statue_of_liberty\9af08985bd.jpg,statue_of_liberty,real
dataset_real\train\great_wall_of_china\845b24e83e.jpg,great_wall_of_china,real
dataset_real\train\chichen_itza\7fe03ffb4d.jpg,chichen_itza,real
dataset_real\train\chichen_itza\89ef335542.jpg,chichen_itza,real
dataset_synthetic\train\christ_the_reedemer\00059-2397697044.png,christ_the_reedemer,synthetic
dataset_synthetic\train\great_wall_of_china\00218-4011577233.png,great_wall_of_china,synthetic
dataset_real\train\pyramids_of_giza\89c5cdbd0d.jpg,pyramids_of_giza,real
dataset_real\train\burj_khalifa\9fcf9ae2c3.jpg,burj_khalifa,real
dataset_real\train\eiffel_tower\e573e4b976.jpg,eiffel_tower,real
dataset_real\train\great_wall_of_china\54770ca268.jpg,great_wall_of_china,real
dataset_real\train\christ_the_reedemer\476abe9ced.jpg,christ_the_reedemer,real
dataset_real\train\christ_the_reedemer\a11ff20717.jpg,christ_the_reedemer,real
dataset_real\train\christ_the_reedemer\7af03f67ef.jpg,christ_the_reedemer,real
dataset_synthetic\train\burj_khalifa\00116-4109332484.png,burj_khalifa,synthetic
dataset_real\train\eiffel_tower\f45f26e48f.jpg,eiffel_tower,real
dataset_real\train\christ_the_reedemer\100be00023.jpg,christ_the_reedemer,real
dataset_synthetic\train\eiffel_tower\00176-1848933975.png,eiffel_tower,synthetic
dataset_real\train\great_wall_of_china\4f587d7ff1.jpg,great_wall_of_china,real
dataset_real\train\statue_of_liberty\aea8c82894.jpg,statue_of_liberty,real
dataset_real\train\pyramids_of_giza\121df715e0.jpg,pyramids_of_giza,real
dataset_real\train\eiffel_tower\9326871ae7.jpg,eiffel_tower,real
dataset_real\train\pyramids_of_giza\4ffe0a52c7.jpg,pyramids_of_giza,real
dataset_real\train\chichen_itza\009d3edc08.jpg,chichen_itza,real
dataset_real\train\pyramids_of_giza\99e5e6cb69.jpg,pyramids_of_giza,real
dataset_synthetic\train\burj_khalifa\00101-4109332469.png,burj_khalifa,synthetic
dataset_real\train\roman_colosseum\2fb9f1b462.jpg,roman_colosseum,real
dataset_synthetic\train\great_wall_of_china\00144-2449295047.png,great_wall_of_china,synthetic
dataset_real\train\chichen_itza\7869e81f7c.jpg,chichen_itza,real
dataset_synthetic\train\roman_colosseum\00252-1881496547.png,roman_colosseum,synthetic
dataset_real\train\pyramids_of_giza\9f62d420cb.jpg,pyramids_of_giza,real
dataset_synthetic\train\roman_colosseum\00267-1881496562.png,roman_colosseum,synthetic
dataset_synthetic\train\roman_colosseum\00236-1225658214.png,roman_colosseum,synthetic
dataset_real\train\roman_colosseum\22d56e2d0d.jpg,roman_colosseum,real
dataset_real\train\eiffel_tower\c4b10f15f8.jpg,eiffel_tower,real
dataset_synthetic\train\great_wall_of_china\00018-1860489318.png,great_wall_of_china,synthetic
dataset_real\train\chichen_itza\44cb625a72.jpg,chichen_itza,real
dataset_real\train\chichen_itza\646408c7b0.jpg,chichen_itza,real
dataset_real\train\christ_the_reedemer\66e1f90a34.jpg,christ_the_reedemer,real
dataset_real\train\burj_khalifa\020f2c752c.jpg,burj_khalifa,real
dataset_real\train\great_wall_of_china\163dc076ab.jpg,great_wall_of_china,real
dataset_synthetic\train\roman_colosseum\00003-3704602068.png,roman_colosseum,synthetic
dataset_real\train\statue_of_liberty\c4f98b9d22.jpg,statue_of_liberty,real
dataset_real\train\great_wall_of_china\9fcab33fff.jpg,great_wall_of_china,real
dataset_real\train\burj_khalifa\237a706017.jpg,burj_khalifa,real
dataset_real\train\statue_of_liberty\82d1a0f74f.jpg,statue_of_liberty,real
dataset_real\train\eiffel_tower\5c2b4bb39a.jpg,eiffel_tower,real
dataset_real\train\burj_khalifa\5d3ef1f668.jpg,burj_khalifa,real
dataset_real\train\eiffel_tower\971b9df7ec.jpg,eiffel_tower,real
dataset_real\train\pyramids_of_giza\12af36d7ba.jpg,pyramids_of_giza,real
dataset_synthetic\train\christ_the_reedemer\00057-2397697042.png,christ_the_reedemer,synthetic
dataset_real\train\christ_the_reedemer\87449ceee5.jpg,christ_the_reedemer,real
dataset_real\train\burj_khalifa\cabe50741f.jpg,burj_khalifa,real
dataset_synthetic\train\great_wall_of_china\00127-2449295030.png,great_wall_of_china,synthetic
dataset_synthetic\train\pyramids_of_giza\00289-39524434.png,pyramids_of_giza,synthetic
dataset_synthetic\train\burj_khalifa\00103-4109332471.png,burj_khalifa,synthetic
dataset_synthetic\train\roman_colosseum\00238-1881496533.png,roman_colosseum,synthetic
dataset_real\train\pyramids_of_giza\d82e5cbaa0.jpg,pyramids_of_giza,real
dataset_synthetic\train\christ_the_reedemer\00172-4094071598.png,christ_the_reedemer,synthetic
dataset_real\train\pyramids_of_giza\21ff3d9116.jpg,pyramids_of_giza,real
dataset_synthetic\train\pyramids_of_giza\00138-962878676.png,pyramids_of_giza,synthetic
dataset_real\train\chichen_itza\84cb194960.jpg,chichen_itza,real
dataset_real\train\eiffel_tower\4aef8af349.jpg,eiffel_tower,real
dataset_synthetic\train\christ_the_reedemer\00307-2284744756.png,christ_the_reedemer,synthetic
dataset_synthetic\train\chichen_itza\00005-817939080.png,chichen_itza,synthetic
dataset_real\train\pyramids_of_giza\390774c301.jpg,pyramids_of_giza,real
dataset_real\train\christ_the_reedemer\39f8c2fc79.jpg,christ_the_reedemer,real
dataset_real\train\burj_khalifa\3a800dfcd5.jpg,burj_khalifa,real
dataset_real\train\christ_the_reedemer\774632e09f.jpg,christ_the_reedemer,real
dataset_real\train\burj_khalifa\c7d17d0d29.jpg,burj_khalifa,real
dataset_real\train\christ_the_reedemer\554d2a59e1.jpg,christ_the_reedemer,real
dataset_real\train\burj_khalifa\462accb957.jpg,burj_khalifa,real
dataset_real\train\burj_khalifa\67423bdc7a.jpg,burj_khalifa,real
dataset_real\train\eiffel_tower\676d66a41b.jpg,eiffel_tower,real
dataset_real\train\great_wall_of_china\7a3381181f.jpg,great_wall_of_china,real
dataset_real\train\roman_colosseum\a9613f1dd6.jpg,roman_colosseum,real
dataset_real\train\great_wall_of_china\feefda42b1.jpg,great_wall_of_china,real
dataset_real\train\great_wall_of_china\4f638a8df1.jpg,great_wall_of_china,real
dataset_real\train\roman_colosseum\293b851c52.jpg,roman_colosseum,real
dataset_synthetic\train\chichen_itza\00004-817939079.png,chichen_itza,synthetic
dataset_real\train\statue_of_liberty\d741f85251.jpg,statue_of_liberty,real
dataset_real\train\burj_khalifa\c337c69099.jpg,burj_khalifa,real
dataset_real\train\great_wall_of_china\cc3b2a53ac.jpg,great_wall_of_china,real
dataset_real\train\chichen_itza\7c57d05a52.jpg,chichen_itza,real
dataset_synthetic\train\pyramids_of_giza\00129-962878667.png,pyramids_of_giza,synthetic
dataset_real\train\roman_colosseum\a9c8d03970.jpg,roman_colosseum,real
dataset_real\train\christ_the_reedemer\d3eec296fd.jpg,christ_the_reedemer,real
dataset_real\train\pyramids_of_giza\d41b6f983e.jpg,pyramids_of_giza,real
dataset_real\train\pyramids_of_giza\d8c4808593.jpg,pyramids_of_giza,real
dataset_real\train\great_wall_of_china\09f1d7913c.jpg,great_wall_of_china,real
dataset_real\train\pyramids_of_giza\3c46fa7f03.jpg,pyramids_of_giza,real
dataset_real\train\burj_khalifa\91daf6e14c.jpg,burj_khalifa,real
dataset_real\train\burj_khalifa\0fff5c5959.jpg,burj_khalifa,real
dataset_synthetic\train\eiffel_tower\00151-1848933950.png,eiffel_tower,synthetic
dataset_real\train\statue_of_liberty\5aedfbe705.jpg,statue_of_liberty,real
dataset_real\train\roman_colosseum\bc842e64dc.jpg,roman_colosseum,real
dataset_real\train\chichen_itza\e5df7fa577.jpg,chichen_itza,real
dataset_real\train\burj_khalifa\aba23ce155.jpg,burj_khalifa,real
dataset_real\train\christ_the_reedemer\69b19d521b.jpg,christ_the_reedemer,real
dataset_synthetic\train\pyramids_of_giza\00079-2984508831.png,pyramids_of_giza,synthetic
dataset_real\train\roman_colosseum\18cec97c8a.jpg,roman_colosseum,real
dataset_synthetic\train\pyramids_of_giza\00081-2984508833.png,pyramids_of_giza,synthetic
dataset_real\train\burj_khalifa\d5a3e44f1c.jpg,burj_khalifa,real
dataset_real\train\statue_of_liberty\88e92b850c.jpg,statue_of_liberty,real
dataset_real\train\burj_khalifa\a6006baa22.jpg,burj_khalifa,real
dataset_synthetic\train\chichen_itza\00152-1856050864.png,chichen_itza,synthetic
dataset_real\train\chichen_itza\4e1756aae7.jpg,chichen_itza,real
dataset_real\train\roman_colosseum\31cc49c61c.jpg,roman_colosseum,real
dataset_real\train\great_wall_of_china\df705d67b6.jpg,great_wall_of_china,real
dataset_real\train\christ_the_reedemer\df41733056.jpg,christ_the_reedemer,real
dataset_real\train\burj_khalifa\a8984dabd1.jpg,burj_khalifa,real
dataset_real\train\chichen_itza\6ddd3a9b97.jpg,chichen_itza,real
dataset_real\train\statue_of_liberty\8157fee041.jpg,statue_of_liberty,real
dataset_synthetic\train\christ_the_reedemer\00114-3552515808.png,christ_the_reedemer,synthetic
dataset_real\train\great_wall_of_china\343302f215.jpg,great_wall_of_china,real
dataset_real\train\great_wall_of_china\55d60dd591.jpg,great_wall_of_china,real
dataset_real\train\christ_the_reedemer\bde250825c.jpg,christ_the_reedemer,real
dataset_real\train\eiffel_tower\01e2f36bd9.jpg,eiffel_tower,real
dataset_real\train\eiffel_tower\36280135a1.jpg,eiffel_tower,real
dataset_synthetic\train\great_wall_of_china\00215-4011577230.png,great_wall_of_china,synthetic
dataset_real\train\burj_khalifa\2ffc67ce94.jpg,burj_khalifa,real
dataset_real\train\great_wall_of_china\e8a727d55e.jpg,great_wall_of_china,real
dataset_real\train\great_wall_of_china\5cbeba5d0e.jpg,great_wall_of_china,real
dataset_synthetic\train\roman_colosseum\00178-1974243497.png,roman_colosseum,synthetic
dataset_real\train\chichen_itza\724eff0ef1.jpg,chichen_itza,real
dataset_synthetic\train\christ_the_reedemer\00106-2389616926.png,christ_the_reedemer,synthetic
dataset_real\train\chichen_itza\f171673afd.jpg,chichen_itza,real
dataset_synthetic\train\pyramids_of_giza\00013-4241466209.png,pyramids_of_giza,synthetic
dataset_real\train\great_wall_of_china\4db2accbbe.jpg,great_wall_of_china,real
dataset_synthetic\train\christ_the_reedemer\00230-1121221021.png,christ_the_reedemer,synthetic
dataset_real\train\chichen_itza\27160acbb7.jpg,chichen_itza,real
dataset_real\train\pyramids_of_giza\167b54d62c.jpg,pyramids_of_giza,real
dataset_synthetic\train\burj_khalifa\00040-3281528405.png,burj_khalifa,synthetic
dataset_synthetic\train\pyramids_of_giza\00063-2984508815.png,pyramids_of_giza,synthetic
dataset_synthetic\train\eiffel_tower\00277-162160938.png,eiffel_tower,synthetic
dataset_real\train\burj_khalifa\449f17a1a5.jpg,burj_khalifa,real
dataset_synthetic\train\chichen_itza\00253-1829905838.png,chichen_itza,synthetic
dataset_real\train\chichen_itza\762124a1bc.jpg,chichen_itza,real
dataset_real\train\pyramids_of_giza\a8813ba16f.jpg,pyramids_of_giza,real
dataset_real\train\chichen_itza\46562d1e87.jpg,chichen_itza,real
dataset_real\train\pyramids_of_giza\5209504985.jpg,pyramids_of_giza,real
dataset_real\train\christ_the_reedemer\a9c627686f.jpg,christ_the_reedemer,real
dataset_real\train\eiffel_tower\329a737e80.jpg,eiffel_tower,real
dataset_real\train\great_wall_of_china\044c6b5c92.jpg,great_wall_of_china,real
dataset_synthetic\train\statue_of_liberty\00551-3937903695.png,statue_of_liberty,synthetic
dataset_real\train\roman_colosseum\b70c45dbd3.jpg,roman_colosseum,real
dataset_synthetic\train\eiffel_tower\00096-3388316041.png,eiffel_tower,synthetic
dataset_real\train\eiffel_tower\c242d69058.jpg,eiffel_tower,real
dataset_synthetic\train\great_wall_of_china\00008-1860489308.png,great_wall_of_china,synthetic
dataset_real\train\eiffel_tower\99869360b3.jpg,eiffel_tower,real
dataset_synthetic\train\christ_the_reedemer\00154-423565292.png,christ_the_reedemer,synthetic
dataset_real\train\burj_khalifa\b3137af8fb.jpg,burj_khalifa,real
dataset_real\train\chichen_itza\fe7093eda8.jpg,chichen_itza,real
dataset_real\train\eiffel_tower\23931da021.jpg,eiffel_tower,real
dataset_real\train\chichen_itza\092bf1cec3.jpg,chichen_itza,real
dataset_real\train\pyramids_of_giza\d5d8d00009.jpg,pyramids_of_giza,real
dataset_synthetic\train\roman_colosseum\00181-1974243500.png,roman_colosseum,synthetic
dataset_real\train\burj_khalifa\74b2259b32.jpg,burj_khalifa,real
dataset_real\train\great_wall_of_china\974caa9b5b.jpg,great_wall_of_china,real
dataset_synthetic\train\pyramids_of_giza\00199-4087309978.png,pyramids_of_giza,synthetic
dataset_real\train\chichen_itza\482c7fd7d3.jpg,chichen_itza,real
dataset_synthetic\train\burj_khalifa\00015-2682522068.png,burj_khalifa,synthetic
dataset_real\train\roman_colosseum\a12e46e83a.jpg,roman_colosseum,real
dataset_real\train\roman_colosseum\53993a8a2f.jpg,roman_colosseum,real
dataset_real\train\statue_of_liberty\a8090553d1.jpg,statue_of_liberty,real
dataset_real\train\great_wall_of_china\9cf96cb325.jpg,great_wall_of_china,real
dataset_real\train\pyramids_of_giza\4b2f1a617b.jpg,pyramids_of_giza,real
dataset_real\train\roman_colosseum\f569920863.jpg,roman_colosseum,real
dataset_real\train\christ_the_reedemer\682c298d1c.jpg,christ_the_reedemer,real
dataset_synthetic\train\roman_colosseum\00293-241878748.png,roman_colosseum,synthetic
dataset_synthetic\train\christ_the_reedemer\00316-2284744765.png,christ_the_reedemer,synthetic
dataset_real\train\roman_colosseum\62e5631490.jpg,roman_colosseum,real
dataset_real\train\christ_the_reedemer\bac01cdab7.jpg,christ_the_reedemer,real
dataset_synthetic\train\great_wall_of_china\00109-920026940.png,great_wall_of_china,synthetic
dataset_synthetic\train\eiffel_tower\00040-1984749093.png,eiffel_tower,synthetic
dataset_synthetic\train\pyramids_of_giza\00011-4241466207.png,pyramids_of_giza,synthetic
dataset_synthetic\train\burj_khalifa\00093-4109332461.png,burj_khalifa,synthetic
dataset_real\train\statue_of_liberty\fcfca413f1.jpg,statue_of_liberty,real
dataset_real\train\eiffel_tower\8e6fe7cfef.jpg,eiffel_tower,real
dataset_real\train\chichen_itza\a6f6795202.jpg,chichen_itza,real
dataset_real\train\pyramids_of_giza\c54ada7336.jpg,pyramids_of_giza,real
dataset_real\train\statue_of_liberty\b2aeb547af.jpg,statue_of_liberty,real
dataset_real\train\eiffel_tower\68b544dbfd.jpg,eiffel_tower,real
dataset_real\train\pyramids_of_giza\c694dbd026.jpg,pyramids_of_giza,real
dataset_real\train\great_wall_of_china\420d224418.jpg,great_wall_of_china,real
dataset_real\train\burj_khalifa\5356697831.jpg,burj_khalifa,real
dataset_synthetic\train\statue_of_liberty\00458-818305461.png,statue_of_liberty,synthetic
dataset_real\train\chichen_itza\cdd74da44c.jpg,chichen_itza,real
dataset_real\train\burj_khalifa\dce2599e63.jpg,burj_khalifa,real
dataset_synthetic\train\burj_khalifa\00269-2863073479.png,burj_khalifa,synthetic
dataset_real\train\christ_the_reedemer\f5c091cdaf.jpg,christ_the_reedemer,real
dataset_real\train\roman_colosseum\eba7fca219.jpg,roman_colosseum,real
dataset_real\train\burj_khalifa\30f617e913.jpg,burj_khalifa,real
dataset_real\train\chichen_itza\d6211fe627.jpg,chichen_itza,real
dataset_real\train\great_wall_of_china\1684708419.jpg,great_wall_of_china,real
dataset_real\train\eiffel_tower\e09b84396d.jpg,eiffel_tower,real
dataset_real\train\burj_khalifa\cf668db3ad.jpg,burj_khalifa,real
dataset_synthetic\train\roman_colosseum\00157-1009224255.png,roman_colosseum,synthetic
dataset_real\train\great_wall_of_china\54cc92b39b.jpg,great_wall_of_china,real
dataset_real\train\roman_colosseum\a6ffc8ed54.jpg,roman_colosseum,real
dataset_synthetic\train\great_wall_of_china\00024-1860489324.png,great_wall_of_china,synthetic
dataset_real\train\burj_khalifa\357b6f2ddd.jpg,burj_khalifa,real
dataset_real\train\christ_the_reedemer\79e9755e4d.jpg,christ_the_reedemer,real
dataset_real\train\eiffel_tower\c823845e97.jpg,eiffel_tower,real
dataset_synthetic\train\great_wall_of_china\00248-4085978414.png,great_wall_of_china,synthetic
dataset_real\train\burj_khalifa\237bcae843.jpg,burj_khalifa,real
dataset_real\train\pyramids_of_giza\854422f42d.jpg,pyramids_of_giza,real
dataset_real\train\roman_colosseum\2bf83da218.jpg,roman_colosseum,real
dataset_real\train\roman_colosseum\74b029994e.jpg,roman_colosseum,real
dataset_synthetic\train\great_wall_of_china\00094-920026925.png,great_wall_of_china,synthetic
dataset_synthetic\train\great_wall_of_china\00093-920026924.png,great_wall_of_china,synthetic
dataset_synthetic\train\burj_khalifa\00011-2682522064.png,burj_khalifa,synthetic
dataset_synthetic\train\burj_khalifa\00298-2716773649.png,burj_khalifa,synthetic
dataset_real\train\pyramids_of_giza\c2909b2cd1.jpg,pyramids_of_giza,real
dataset_real\train\roman_colosseum\0d0a715cce.jpg,roman_colosseum,real
dataset_synthetic\train\roman_colosseum\00169-1009224267.png,roman_colosseum,synthetic
dataset_synthetic\train\pyramids_of_giza\00124-962878662.png,pyramids_of_giza,synthetic
dataset_real\train\chichen_itza\8dba332964.jpg,chichen_itza,real
dataset_real\train\chichen_itza\de013f227c.jpg,chichen_itza,real
dataset_real\train\eiffel_tower\9fd72068a7.jpg,eiffel_tower,real
dataset_synthetic\train\eiffel_tower\00129-70550500.png,eiffel_tower,synthetic
dataset_synthetic\train\pyramids_of_giza\00065-2984508817.png,pyramids_of_giza,synthetic
dataset_synthetic\train\burj_khalifa\00063-3346071099.png,burj_khalifa,synthetic
dataset_real\train\eiffel_tower\8c5a028087.jpg,eiffel_tower,real
dataset_synthetic\train\roman_colosseum\00045-2283819994.png,roman_colosseum,synthetic
dataset_real\train\roman_colosseum\f88d168fb8.jpg,roman_colosseum,real
dataset_synthetic\train\pyramids_of_giza\00130-962878668.png,pyramids_of_giza,synthetic
dataset_real\train\pyramids_of_giza\e0e101c27c.jpg,pyramids_of_giza,real
dataset_real\train\christ_the_reedemer\22b69a9145.jpg,christ_the_reedemer,real
dataset_real\train\christ_the_reedemer\eeec425db1.jpg,christ_the_reedemer,real
dataset_real\train\burj_khalifa\ea5a06804c.jpg,burj_khalifa,real
dataset_real\train\roman_colosseum\b4a3d0542d.jpg,roman_colosseum,real
dataset_real\train\statue_of_liberty\53a56a5229.jpg,statue_of_liberty,real
dataset_real\train\eiffel_tower\30e2522357.jpg,eiffel_tower,real
dataset_real\train\great_wall_of_china\1e63549b51.jpg,great_wall_of_china,real
dataset_synthetic\train\statue_of_liberty\00478-3884271002.png,statue_of_liberty,synthetic
dataset_real\train\burj_khalifa\b5b1ab2c08.jpg,burj_khalifa,real
dataset_real\train\chichen_itza\619727a75a.jpg,chichen_itza,real
dataset_real\train\statue_of_liberty\c3628c9ea6.jpg,statue_of_liberty,real
dataset_real\train\christ_the_reedemer\0159a932dc.jpg,christ_the_reedemer,real
dataset_real\train\chichen_itza\06ba691ad9.jpg,chichen_itza,real
dataset_real\train\burj_khalifa\5e8dfdd74c.jpg,burj_khalifa,real
dataset_synthetic\train\great_wall_of_china\00079-2389887075.png,great_wall_of_china,synthetic
dataset_synthetic\train\roman_colosseum\00227-1225658205.png,roman_colosseum,synthetic
dataset_real\train\pyramids_of_giza\e910be3d96.jpg,pyramids_of_giza,real
dataset_real\train\pyramids_of_giza\928a5f4c07.jpg,pyramids_of_giza,real
dataset_real\train\roman_colosseum\738a635131.jpg,roman_colosseum,real
dataset_real\train\pyramids_of_giza\7a1eb070f1.jpg,pyramids_of_giza,real
dataset_real\train\roman_colosseum\6dddbdf127.jpg,roman_colosseum,real
dataset_synthetic\train\statue_of_liberty\00476-818305479.png,statue_of_liberty,synthetic
dataset_real\train\eiffel_tower\c8bed5098d.jpg,eiffel_tower,real
dataset_real\train\roman_colosseum\64f8342430.jpg,roman_colosseum,real
dataset_real\train\great_wall_of_china\ca00f6fe94.jpg,great_wall_of_china,real
dataset_real\train\roman_colosseum\e7c5e0743d.jpg,roman_colosseum,real
dataset_real\train\roman_colosseum\cf63d2ba9a.jpg,roman_colosseum,real
dataset_synthetic\train\statue_of_liberty\00536-1791252978.png,statue_of_liberty,synthetic
dataset_synthetic\train\pyramids_of_giza\00054-2054659957.png,pyramids_of_giza,synthetic
dataset_synthetic\train\eiffel_tower\00298-162160959.png,eiffel_tower,synthetic
dataset_synthetic\train\eiffel_tower\00241-1566552022.png,eiffel_tower,synthetic
dataset_real\train\eiffel_tower\2f01029245.jpg,eiffel_tower,real
dataset_synthetic\train\eiffel_tower\00276-162160937.png,eiffel_tower,synthetic
dataset_synthetic\train\eiffel_tower\00098-3388316043.png,eiffel_tower,synthetic
dataset_real\train\eiffel_tower\fb7209bf8e.jpg,eiffel_tower,real
dataset_synthetic\train\eiffel_tower\00009-3137921694.png,eiffel_tower,synthetic
dataset_real\train\eiffel_tower\404c5c0be6.jpg,eiffel_tower,real
dataset_synthetic\train\christ_the_reedemer\00040-3006335903.png,christ_the_reedemer,synthetic
dataset_real\train\chichen_itza\577f97f437.jpg,chichen_itza,real
dataset_synthetic\train\roman_colosseum\00185-1974243504.png,roman_colosseum,synthetic
dataset_real\train\pyramids_of_giza\88fb868942.jpg,pyramids_of_giza,real
dataset_synthetic\train\burj_khalifa\00074-3346071110.png,burj_khalifa,synthetic
dataset_real\train\christ_the_reedemer\00d2585f75.jpg,christ_the_reedemer,real
dataset_real\train\great_wall_of_china\a2f63cb709.jpg,great_wall_of_china,real
dataset_real\train\pyramids_of_giza\60785d36a2.jpg,pyramids_of_giza,real
dataset_real\train\great_wall_of_china\1fd912db0f.jpg,great_wall_of_china,real
dataset_real\train\statue_of_liberty\a1f6376f28.jpg,statue_of_liberty,real
dataset_synthetic\train\great_wall_of_china\00203-2026541311.png,great_wall_of_china,synthetic
dataset_real\train\eiffel_tower\ca0ecd48c1.jpg,eiffel_tower,real
dataset_real\train\statue_of_liberty\989b361e0f.jpg,statue_of_liberty,real
dataset_real\train\eiffel_tower\61c2e26452.jpg,eiffel_tower,real
dataset_real\train\christ_the_reedemer\0cf7c33e16.jpg,christ_the_reedemer,real
dataset_real\train\christ_the_reedemer\811c13681a.jpg,christ_the_reedemer,real
dataset_synthetic\train\christ_the_reedemer\00022-3006335885.png,christ_the_reedemer,synthetic
dataset_real\train\pyramids_of_giza\55168e89c9.jpg,pyramids_of_giza,real
dataset_synthetic\train\statue_of_liberty\00442-3674376598.png,statue_of_liberty,synthetic
dataset_synthetic\train\burj_khalifa\00052-3281528417.png,burj_khalifa,synthetic
dataset_real\train\christ_the_reedemer\c382751b09.jpg,christ_the_reedemer,real
dataset_real\train\burj_khalifa\65d27a42cb.jpg,burj_khalifa,real
dataset_synthetic\train\burj_khalifa\00153-2778414620.png,burj_khalifa,synthetic
dataset_synthetic\train\chichen_itza\00117-3888410428.png,chichen_itza,synthetic
dataset_synthetic\train\statue_of_liberty\00657-2648309735.png,statue_of_liberty,synthetic
dataset_real\train\eiffel_tower\7a087786ca.jpg,eiffel_tower,real
dataset_real\train\great_wall_of_china\db2d051ad9.jpg,great_wall_of_china,real
dataset_synthetic\train\burj_khalifa\00095-4109332463.png,burj_khalifa,synthetic
dataset_real\train\burj_khalifa\b4b880f524.jpg,burj_khalifa,real
dataset_synthetic\train\statue_of_liberty\00443-3674376599.png,statue_of_liberty,synthetic
dataset_real\train\eiffel_tower\765fc55acc.jpg,eiffel_tower,real
dataset_real\train\pyramids_of_giza\af661ea8f6.jpg,pyramids_of_giza,real
dataset_real\train\pyramids_of_giza\1a5213bc99.jpg,pyramids_of_giza,real
dataset_real\train\pyramids_of_giza\cddacec2de.jpg,pyramids_of_giza,real
dataset_real\train\eiffel_tower\5482926863.jpg,eiffel_tower,real
dataset_synthetic\train\christ_the_reedemer\00177-4094071603.png,christ_the_reedemer,synthetic
dataset_real\train\chichen_itza\133d166bb9.jpg,chichen_itza,real
dataset_real\train\statue_of_liberty\f4501075aa.jpg,statue_of_liberty,real
dataset_real\train\chichen_itza\b44a670c65.jpg,chichen_itza,real
dataset_real\train\great_wall_of_china\9fbbcc3ec6.jpg,great_wall_of_china,real
dataset_real\train\pyramids_of_giza\6c3904cd0c.jpg,pyramids_of_giza,real
dataset_real\train\chichen_itza\c395c5a7d6.jpg,chichen_itza,real
dataset_real\train\statue_of_liberty\44fa9495c0.jpg,statue_of_liberty,real
dataset_real\train\burj_khalifa\5683bf6592.jpg,burj_khalifa,real
dataset_real\train\pyramids_of_giza\951848a995.jpg,pyramids_of_giza,real
dataset_real\train\roman_colosseum\0e1de29a39.jpg,roman_colosseum,real
dataset_real\train\pyramids_of_giza\b75a4d6a72.jpg,pyramids_of_giza,real
dataset_real\train\pyramids_of_giza\160cfc7e9d.jpg,pyramids_of_giza,real
dataset_real\train\pyramids_of_giza\f4ee06b699.jpg,pyramids_of_giza,real
dataset_synthetic\train\chichen_itza\00133-1654904564.png,chichen_itza,synthetic
dataset_real\train\christ_the_reedemer\31115412c0.jpg,christ_the_reedemer,real
dataset_real\train\great_wall_of_china\5149550220.jpg,great_wall_of_china,real
dataset_real\train\eiffel_tower\f7fe42b6ea.jpg,eiffel_tower,real
dataset_synthetic\train\chichen_itza\00056-2669227210.png,chichen_itza,synthetic
dataset_real\train\burj_khalifa\e36f0bd579.jpg,burj_khalifa,real
dataset_real\train\roman_colosseum\71f6b585f9.jpg,roman_colosseum,real
dataset_real\train\christ_the_reedemer\580eebd4fc.jpg,christ_the_reedemer,real
dataset_real\train\roman_colosseum\7bc1735faa.jpg,roman_colosseum,real
dataset_real\train\roman_colosseum\39b68b284f.jpg,roman_colosseum,real
dataset_real\train\great_wall_of_china\ea35e4ccaa.jpg,great_wall_of_china,real
dataset_real\train\christ_the_reedemer\15f7dd0d2a.jpg,christ_the_reedemer,real
dataset_real\train\roman_colosseum\5dfbe1d8ed.jpg,roman_colosseum,real
dataset_real\train\great_wall_of_china\1c3c437354.jpg,great_wall_of_china,real
dataset_real\train\statue_of_liberty\e34e7e2425.jpg,statue_of_liberty,real
dataset_real\train\eiffel_tower\3663188221.jpg,eiffel_tower,real
dataset_synthetic\train\great_wall_of_china\00195-2026541303.png,great_wall_of_china,synthetic
dataset_synthetic\train\roman_colosseum\00070-1525667160.png,roman_colosseum,synthetic
dataset_real\train\roman_colosseum\b3c3407259.jpg,roman_colosseum,real
dataset_real\train\christ_the_reedemer\61f488a52f.jpg,christ_the_reedemer,real
dataset_synthetic\train\eiffel_tower\00138-70550509.png,eiffel_tower,synthetic
dataset_real\train\eiffel_tower\e73d7078cc.jpg,eiffel_tower,real
dataset_real\train\chichen_itza\53e24f7289.jpg,chichen_itza,real
dataset_real\train\chichen_itza\8c7cdd6ed0.jpg,chichen_itza,real
dataset_real\train\great_wall_of_china\f2006e3a63.jpg,great_wall_of_china,real
dataset_real\train\burj_khalifa\2aca1617cc.jpg,burj_khalifa,real
dataset_real\train\roman_colosseum\311a4531de.jpg,roman_colosseum,real
dataset_real\train\burj_khalifa\7af74d71a8.jpg,burj_khalifa,real
dataset_real\train\christ_the_reedemer\774492cfd3.jpg,christ_the_reedemer,real
dataset_synthetic\train\burj_khalifa\00188-2688549096.png,burj_khalifa,synthetic
dataset_real\train\statue_of_liberty\0016510b5c.jpg,statue_of_liberty,real
dataset_real\train\great_wall_of_china\4d3b9fd67d.jpg,great_wall_of_china,real
dataset_real\train\burj_khalifa\d9d143eaaf.jpg,burj_khalifa,real
dataset_real\train\christ_the_reedemer\185baab42c.jpg,christ_the_reedemer,real
dataset_real\train\roman_colosseum\19cc051d00.jpg,roman_colosseum,real
dataset_synthetic\train\statue_of_liberty\00637-2648309715.png,statue_of_liberty,synthetic
dataset_real\train\roman_colosseum\d564a789f4.jpg,roman_colosseum,real
dataset_real\train\roman_colosseum\2c7f82d0b0.jpg,roman_colosseum,real
dataset_real\train\chichen_itza\5abf5d4e63.jpg,chichen_itza,real
dataset_real\train\eiffel_tower\7aa652503b.jpg,eiffel_tower,real
dataset_synthetic\train\burj_khalifa\00079-3346071115.png,burj_khalifa,synthetic
dataset_real\train\roman_colosseum\c00b4a90c5.jpg,roman_colosseum,real
dataset_synthetic\train\pyramids_of_giza\00260-3340261370.png,pyramids_of_giza,synthetic
dataset_real\train\pyramids_of_giza\a3514bb3a6.jpg,pyramids_of_giza,real
dataset_real\train\roman_colosseum\22b89022c5.jpg,roman_colosseum,real
dataset_synthetic\train\great_wall_of_china\00183-2026541291.png,great_wall_of_china,synthetic
dataset_synthetic\train\statue_of_liberty\00501-3884271025.png,statue_of_liberty,synthetic
dataset_synthetic\train\statue_of_liberty\00527-1791252969.png,statue_of_liberty,synthetic
dataset_real\train\roman_colosseum\352d06d285.jpg,roman_colosseum,real
dataset_real\train\chichen_itza\66a64136ff.jpg,chichen_itza,real
dataset_real\train\christ_the_reedemer\9fb4f29072.jpg,christ_the_reedemer,real
dataset_real\train\great_wall_of_china\0ee525e660.jpg,great_wall_of_china,real
dataset_real\train\christ_the_reedemer\98c0b63734.jpg,christ_the_reedemer,real
dataset_real\train\chichen_itza\14c27c681d.jpg,chichen_itza,real
dataset_synthetic\train\christ_the_reedemer\00069-2397697054.png,christ_the_reedemer,synthetic
dataset_real\train\eiffel_tower\d552705561.jpg,eiffel_tower,real
dataset_real\train\chichen_itza\7d7e441656.jpg,chichen_itza,real
dataset_real\train\burj_khalifa\0305f7ae7d.jpg,burj_khalifa,real
dataset_real\train\chichen_itza\b3e967b6ae.jpg,chichen_itza,real
dataset_real\train\roman_colosseum\bbe508029a.jpg,roman_colosseum,real
dataset_real\train\statue_of_liberty\537fcd3350.jpg,statue_of_liberty,real
dataset_synthetic\train\burj_khalifa\00034-3281528399.png,burj_khalifa,synthetic
dataset_real\train\eiffel_tower\73a692b33d.jpg,eiffel_tower,real
dataset_synthetic\train\pyramids_of_giza\00173-2205670349.png,pyramids_of_giza,synthetic
dataset_real\train\roman_colosseum\f7b87ac6d5.jpg,roman_colosseum,real
dataset_real\train\eiffel_tower\5eb6d2075c.jpg,eiffel_tower,real
dataset_real\train\roman_colosseum\6872eefe7b.jpg,roman_colosseum,real
dataset_real\train\christ_the_reedemer\d24aa5897d.jpg,christ_the_reedemer,real
dataset_synthetic\train\eiffel_tower\00155-1848933954.png,eiffel_tower,synthetic
dataset_real\train\burj_khalifa\ac535dbef2.jpg,burj_khalifa,real
dataset_real\train\burj_khalifa\00d4a42317.jpg,burj_khalifa,real
dataset_synthetic\train\pyramids_of_giza\00123-962878661.png,pyramids_of_giza,synthetic
dataset_real\train\roman_colosseum\d66aef35ff.jpg,roman_colosseum,real
dataset_synthetic\train\burj_khalifa\00286-2716773637.png,burj_khalifa,synthetic
dataset_real\train\roman_colosseum\5fef57fcb8.jpg,roman_colosseum,real
dataset_real\train\great_wall_of_china\3d144987c7.jpg,great_wall_of_china,real
dataset_synthetic\train\chichen_itza\00137-1654904568.png,chichen_itza,synthetic
dataset_synthetic\train\great_wall_of_china\00103-920026934.png,great_wall_of_china,synthetic
dataset_synthetic\train\eiffel_tower\00036-1984749089.png,eiffel_tower,synthetic
dataset_real\train\burj_khalifa\8bd6df5e9f.jpg,burj_khalifa,real
dataset_real\train\chichen_itza\eeba4ea988.jpg,chichen_itza,real
dataset_real\train\chichen_itza\f3cb6662e5.jpg,chichen_itza,real
dataset_real\train\eiffel_tower\cb79c1db9e.jpg,eiffel_tower,real
dataset_real\train\christ_the_reedemer\5e8e2fc6f5.jpg,christ_the_reedemer,real
dataset_real\train\statue_of_liberty\aebea88812.jpg,statue_of_liberty,real
dataset_real\train\chichen_itza\21adc62f13.jpg,chichen_itza,real
dataset_synthetic\train\roman_colosseum\00077-1525667167.png,roman_colosseum,synthetic
dataset_real\train\eiffel_tower\3dd70ebde9.jpg,eiffel_tower,real
dataset_real\train\roman_colosseum\f18cec8bd1.jpg,roman_colosseum,real
dataset_real\train\great_wall_of_china\11047390e1.jpg,great_wall_of_china,real
dataset_real\train\pyramids_of_giza\c69d72e2dc.jpg,pyramids_of_giza,real
dataset_real\train\eiffel_tower\8d610302a1.jpg,eiffel_tower,real
dataset_synthetic\train\burj_khalifa\00036-3281528401.png,burj_khalifa,synthetic
dataset_real\train\chichen_itza\074c7f9999.jpg,chichen_itza,real
dataset_real\train\burj_khalifa\fbb37a8046.jpg,burj_khalifa,real
dataset_real\train\pyramids_of_giza\114a211640.jpg,pyramids_of_giza,real
dataset_synthetic\train\statue_of_liberty\00453-818305456.png,statue_of_liberty,synthetic
dataset_real\train\christ_the_reedemer\f6078a3b0c.jpg,christ_the_reedemer,real
dataset_synthetic\train\pyramids_of_giza\00030-2054659933.png,pyramids_of_giza,synthetic
dataset_real\train\pyramids_of_giza\1f3aedf317.jpg,pyramids_of_giza,real
dataset_synthetic\train\eiffel_tower\00233-2386103708.png,eiffel_tower,synthetic
dataset_synthetic\train\roman_colosseum\00032-2283819981.png,roman_colosseum,synthetic
dataset_real\train\pyramids_of_giza\9a0e1710bd.jpg,pyramids_of_giza,real
dataset_real\train\burj_khalifa\b26202a4ec.jpg,burj_khalifa,real
dataset_real\train\pyramids_of_giza\513eeeaf8a.jpg,pyramids_of_giza,real
dataset_real\train\roman_colosseum\0efdd3509b.jpg,roman_colosseum,real
dataset_real\train\great_wall_of_china\231781bde0.jpg,great_wall_of_china,real
dataset_real\train\great_wall_of_china\ca504ba3f6.jpg,great_wall_of_china,real
dataset_synthetic\train\burj_khalifa\00202-2688549110.png,burj_khalifa,synthetic
dataset_synthetic\train\chichen_itza\00035-2669227189.png,chichen_itza,synthetic
dataset_real\train\burj_khalifa\67da8c89bd.jpg,burj_khalifa,real
dataset_real\train\pyramids_of_giza\30396c46c7.jpg,pyramids_of_giza,real
dataset_real\train\chichen_itza\35c66d8faa.jpg,chichen_itza,real
dataset_synthetic\train\burj_khalifa\00178-2778414645.png,burj_khalifa,synthetic
dataset_real\train\statue_of_liberty\5183c0ab2c.jpg,statue_of_liberty,real
dataset_real\train\roman_colosseum\ab1d19b6bf.jpg,roman_colosseum,real
dataset_real\train\great_wall_of_china\686037f4ed.jpg,great_wall_of_china,real
dataset_synthetic\train\pyramids_of_giza\00028-4241466224.png,pyramids_of_giza,synthetic
dataset_real\train\pyramids_of_giza\0c126ad20d.jpg,pyramids_of_giza,real
dataset_real\train\burj_khalifa\c6005f5527.jpg,burj_khalifa,real
dataset_synthetic\train\pyramids_of_giza\00204-4087309983.png,pyramids_of_giza,synthetic
dataset_synthetic\train\burj_khalifa\00228-2852982632.png,burj_khalifa,synthetic
dataset_real\train\burj_khalifa\6787f355b3.jpg,burj_khalifa,real
dataset_synthetic\train\christ_the_reedemer\00237-2017116353.png,christ_the_reedemer,synthetic
dataset_real\train\christ_the_reedemer\22951b7757.jpg,christ_the_reedemer,real
dataset_real\train\burj_khalifa\94070a9c6e.jpg,burj_khalifa,real
dataset_real\train\great_wall_of_china\5f07f845d0.jpg,great_wall_of_china,real
dataset_real\train\burj_khalifa\2b9d184edc.jpg,burj_khalifa,real
dataset_synthetic\train\roman_colosseum\00118-4069228220.png,roman_colosseum,synthetic
dataset_real\train\pyramids_of_giza\59cc22ee49.jpg,pyramids_of_giza,real
dataset_real\train\pyramids_of_giza\ada7622c69.jpg,pyramids_of_giza,real
dataset_synthetic\train\burj_khalifa\00245-2863073455.png,burj_khalifa,synthetic
dataset_synthetic\train\eiffel_tower\00085-2409094519.png,eiffel_tower,synthetic
dataset_real\train\pyramids_of_giza\be48f8a33d.jpg,pyramids_of_giza,real
dataset_real\train\burj_khalifa\f950da0d2f.jpg,burj_khalifa,real
dataset_synthetic\train\christ_the_reedemer\00081-2397697066.png,christ_the_reedemer,synthetic
dataset_real\train\great_wall_of_china\8e541f7340.jpg,great_wall_of_china,real
dataset_real\train\roman_colosseum\14e627a292.jpg,roman_colosseum,real
dataset_real\train\eiffel_tower\01c365e719.jpg,eiffel_tower,real
dataset_real\train\chichen_itza\d5b8168e80.jpg,chichen_itza,real
dataset_real\train\eiffel_tower\11039e9ec9.jpg,eiffel_tower,real
dataset_real\train\burj_khalifa\bdc93badbf.jpg,burj_khalifa,real
dataset_synthetic\train\burj_khalifa\00000-2682522053.png,burj_khalifa,synthetic
dataset_real\train\burj_khalifa\f9fed30cb2.jpg,burj_khalifa,real
dataset_real\train\chichen_itza\bbf8282f26.jpg,chichen_itza,real
dataset_real\train\great_wall_of_china\5aedd4d3f9.jpg,great_wall_of_china,real
dataset_synthetic\train\great_wall_of_china\00174-1607761954.png,great_wall_of_china,synthetic
dataset_synthetic\train\christ_the_reedemer\00314-2284744763.png,christ_the_reedemer,synthetic
dataset_synthetic\train\pyramids_of_giza\00223-3159135362.png,pyramids_of_giza,synthetic
dataset_real\train\chichen_itza\718e8a326e.jpg,chichen_itza,real
dataset_real\train\roman_colosseum\6e8e42f041.jpg,roman_colosseum,real
dataset_real\train\chichen_itza\6fa24f8dc9.jpg,chichen_itza,real
dataset_real\train\christ_the_reedemer\40ade64c1e.jpg,christ_the_reedemer,real
dataset_real\train\burj_khalifa\f273b2e3e0.jpg,burj_khalifa,real
dataset_synthetic\train\chichen_itza\00099-3888410410.png,chichen_itza,synthetic
dataset_real\train\great_wall_of_china\df4884144a.jpg,great_wall_of_china,real
dataset_real\train\chichen_itza\146d3638b7.jpg,chichen_itza,real
dataset_real\train\pyramids_of_giza\cb3a4fa735.jpg,pyramids_of_giza,real
dataset_real\train\roman_colosseum\77724e422a.jpg,roman_colosseum,real
dataset_real\train\eiffel_tower\31a99a3151.jpg,eiffel_tower,real
dataset_real\train\great_wall_of_china\d0277ce3ba.jpg,great_wall_of_china,real
dataset_real\train\chichen_itza\65e134bbe7.jpg,chichen_itza,real
dataset_real\train\chichen_itza\92dd44f031.jpg,chichen_itza,real
dataset_real\train\roman_colosseum\1737a104ae.jpg,roman_colosseum,real
dataset_synthetic\train\pyramids_of_giza\00046-2054659949.png,pyramids_of_giza,synthetic
dataset_real\train\chichen_itza\9921f3cf8b.jpg,chichen_itza,real
dataset_real\train\eiffel_tower\4ae2a66ad6.jpg,eiffel_tower,real
dataset_real\train\chichen_itza\88fbfc1b57.jpg,chichen_itza,real
dataset_real\train\eiffel_tower\ef39d605ed.jpg,eiffel_tower,real
dataset_real\train\burj_khalifa\24dbf74fff.jpg,burj_khalifa,real
dataset_real\train\eiffel_tower\795f26f60c.jpg,eiffel_tower,real
dataset_real\train\roman_colosseum\ef9aab2430.jpg,roman_colosseum,real
dataset_real\train\chichen_itza\c6a1598d04.jpg,chichen_itza,real
dataset_real\train\christ_the_reedemer\1664dfaedc.jpg,christ_the_reedemer,real
dataset_real\train\eiffel_tower\e4e7d71d95.jpg,eiffel_tower,real
dataset_real\train\pyramids_of_giza\39f7795671.jpg,pyramids_of_giza,real
dataset_real\train\pyramids_of_giza\d0ad0aa6a7.jpg,pyramids_of_giza,real
dataset_real\train\chichen_itza\e3d70f7415.jpg,chichen_itza,real
dataset_real\train\eiffel_tower\2f2f4b351e.jpg,eiffel_tower,real
dataset_real\train\chichen_itza\ac85b99e35.jpg,chichen_itza,real
dataset_synthetic\train\christ_the_reedemer\00152-423565290.png,christ_the_reedemer,synthetic
dataset_real\train\pyramids_of_giza\c6afd833e6.jpg,pyramids_of_giza,real
dataset_synthetic\train\statue_of_liberty\00599-4055323036.png,statue_of_liberty,synthetic
dataset_real\train\pyramids_of_giza\eb3afebf04.jpg,pyramids_of_giza,real
dataset_real\train\great_wall_of_china\cd318b2fe9.jpg,great_wall_of_china,real
dataset_real\train\great_wall_of_china\cdf16e2879.jpg,great_wall_of_china,real
dataset_real\train\chichen_itza\6cec6dd5da.jpg,chichen_itza,real
dataset_synthetic\train\chichen_itza\00200-1342241955.png,chichen_itza,synthetic
dataset_synthetic\train\roman_colosseum\00243-1881496538.png,roman_colosseum,synthetic
dataset_real\train\chichen_itza\687ece74c3.jpg,chichen_itza,real
dataset_real\train\eiffel_tower\e01a64748e.jpg,eiffel_tower,real
dataset_synthetic\train\pyramids_of_giza\00009-4241466205.png,pyramids_of_giza,synthetic
dataset_synthetic\train\statue_of_liberty\00610-4055323047.png,statue_of_liberty,synthetic
dataset_synthetic\train\eiffel_tower\00007-3137921692.png,eiffel_tower,synthetic
dataset_real\train\great_wall_of_china\4ef46363c0.jpg,great_wall_of_china,real
dataset_real\train\great_wall_of_china\82a031f8a2.jpg,great_wall_of_china,real
dataset_real\train\great_wall_of_china\1eab8d7c47.jpg,great_wall_of_china,real
dataset_real\train\roman_colosseum\a312d8d67d.jpg,roman_colosseum,real
dataset_synthetic\train\chichen_itza\00174-1856050886.png,chichen_itza,synthetic
dataset_real\train\great_wall_of_china\c7db945b45.jpg,great_wall_of_china,real
dataset_real\train\roman_colosseum\390d9b0dbe.jpg,roman_colosseum,real
dataset_synthetic\train\christ_the_reedemer\00233-2017116349.png,christ_the_reedemer,synthetic
dataset_synthetic\train\great_wall_of_china\00154-1607761934.png,great_wall_of_china,synthetic
dataset_real\train\pyramids_of_giza\44c9cfb94b.jpg,pyramids_of_giza,real
dataset_real\train\pyramids_of_giza\7634944174.jpg,pyramids_of_giza,real
dataset_real\train\burj_khalifa\a5b18dd425.jpg,burj_khalifa,real
dataset_real\train\great_wall_of_china\683f90fba8.jpg,great_wall_of_china,real
dataset_real\train\statue_of_liberty\e8da35c40e.jpg,statue_of_liberty,real
dataset_real\train\roman_colosseum\1c521d546e.jpg,roman_colosseum,real
dataset_real\train\pyramids_of_giza\dfe6213a47.jpg,pyramids_of_giza,real
dataset_real\train\roman_colosseum\174ffa671c.jpg,roman_colosseum,real
dataset_synthetic\train\roman_colosseum\00233-1225658211.png,roman_colosseum,synthetic
dataset_real\train\great_wall_of_china\9258e2ce31.jpg,great_wall_of_china,real
dataset_synthetic\train\eiffel_tower\00070-2409094504.png,eiffel_tower,synthetic
dataset_synthetic\train\statue_of_liberty\00482-3884271006.png,statue_of_liberty,synthetic
dataset_synthetic\train\roman_colosseum\00010-3704602075.png,roman_colosseum,synthetic
dataset_synthetic\train\chichen_itza\00224-4190620861.png,chichen_itza,synthetic
dataset_real\train\chichen_itza\02e66d36ca.jpg,chichen_itza,real
dataset_synthetic\train\chichen_itza\00123-1654904554.png,chichen_itza,synthetic
dataset_synthetic\train\roman_colosseum\00275-241878730.png,roman_colosseum,synthetic
dataset_real\train\pyramids_of_giza\19ac6cfb83.jpg,pyramids_of_giza,real
dataset_real\train\chichen_itza\84e218d6ed.jpg,chichen_itza,real
dataset_real\train\christ_the_reedemer\74fc726154.jpg,christ_the_reedemer,real
dataset_synthetic\train\pyramids_of_giza\00278-39524423.png,pyramids_of_giza,synthetic
dataset_real\train\burj_khalifa\be19149ea6.jpg,burj_khalifa,real
dataset_synthetic\train\pyramids_of_giza\00217-3159135356.png,pyramids_of_giza,synthetic
dataset_real\train\great_wall_of_china\04fc79df99.jpg,great_wall_of_china,real
dataset_real\train\burj_khalifa\69e06c0670.jpg,burj_khalifa,real
dataset_synthetic\train\roman_colosseum\00067-1525667157.png,roman_colosseum,synthetic
dataset_real\train\christ_the_reedemer\da65b7ec6f.jpg,christ_the_reedemer,real
dataset_real\train\christ_the_reedemer\5b0a839a57.jpg,christ_the_reedemer,real
dataset_real\train\great_wall_of_china\89abdcc4e4.jpg,great_wall_of_china,real
dataset_real\train\roman_colosseum\56234f15bc.jpg,roman_colosseum,real
dataset_synthetic\train\christ_the_reedemer\00253-2017116369.png,christ_the_reedemer,synthetic
dataset_synthetic\train\burj_khalifa\00172-2778414639.png,burj_khalifa,synthetic
dataset_real\train\pyramids_of_giza\448d0816a5.jpg,pyramids_of_giza,real
dataset_synthetic\train\eiffel_tower\00081-2409094515.png,eiffel_tower,synthetic
dataset_real\train\chichen_itza\3fd9717053.jpg,chichen_itza,real
dataset_real\train\great_wall_of_china\6d4d2db281.jpg,great_wall_of_china,real
dataset_real\train\pyramids_of_giza\60cd6274d4.jpg,pyramids_of_giza,real
dataset_synthetic\train\great_wall_of_china\00278-1383148730.png,great_wall_of_china,synthetic
dataset_real\train\burj_khalifa\c72f4d7382.jpg,burj_khalifa,real
dataset_real\train\chichen_itza\192afc50d8.jpg,chichen_itza,real
dataset_real\train\statue_of_liberty\15d3871cb0.jpg,statue_of_liberty,real
dataset_real\train\eiffel_tower\3b94b960f5.jpg,eiffel_tower,real
dataset_real\train\statue_of_liberty\792e0b55c3.jpg,statue_of_liberty,real
dataset_synthetic\train\eiffel_tower\00093-3388316038.png,eiffel_tower,synthetic
dataset_synthetic\train\chichen_itza\00229-4190620866.png,chichen_itza,synthetic
dataset_synthetic\train\eiffel_tower\00148-70550519.png,eiffel_tower,synthetic
dataset_real\train\christ_the_reedemer\3bd41606ca.jpg,christ_the_reedemer,real
dataset_real\train\burj_khalifa\f08e31b755.jpg,burj_khalifa,real
dataset_real\train\great_wall_of_china\06ee855d59.jpg,great_wall_of_china,real
dataset_real\train\statue_of_liberty\b1a7ef10df.jpg,statue_of_liberty,real
dataset_real\train\statue_of_liberty\9767c890f5.jpg,statue_of_liberty,real
dataset_real\train\eiffel_tower\053dbbfc98.jpg,eiffel_tower,real
dataset_real\train\christ_the_reedemer\1a9859d5d6.jpg,christ_the_reedemer,real
dataset_real\train\chichen_itza\2530e0fd44.jpg,chichen_itza,real
dataset_synthetic\train\eiffel_tower\00113-3388316058.png,eiffel_tower,synthetic
dataset_real\train\great_wall_of_china\2438ed1698.jpg,great_wall_of_china,real
dataset_real\train\eiffel_tower\7de8ac6578.jpg,eiffel_tower,real
dataset_real\train\great_wall_of_china\aec63bb32d.jpg,great_wall_of_china,real
dataset_real\train\eiffel_tower\5e9c307445.jpg,eiffel_tower,real
dataset_real\train\statue_of_liberty\4044aace03.jpg,statue_of_liberty,real
dataset_real\train\roman_colosseum\f9a6b71d54.jpg,roman_colosseum,real
dataset_real\train\burj_khalifa\b345fdf815.jpg,burj_khalifa,real
dataset_real\train\eiffel_tower\1b9753fb06.jpg,eiffel_tower,real
dataset_real\train\christ_the_reedemer\74641750cf.jpg,christ_the_reedemer,real
dataset_real\train\burj_khalifa\fadd5bf615.jpg,burj_khalifa,real
dataset_real\train\christ_the_reedemer\d0f59a3aaf.jpg,christ_the_reedemer,real
dataset_real\train\eiffel_tower\5481635176.jpg,eiffel_tower,real
dataset_synthetic\train\eiffel_tower\00025-3137921710.png,eiffel_tower,synthetic
dataset_real\train\pyramids_of_giza\72a92043fe.jpg,pyramids_of_giza,real
dataset_real\train\pyramids_of_giza\2bf9b97de6.jpg,pyramids_of_giza,real
dataset_real\train\statue_of_liberty\7b92ae8b7d.jpg,statue_of_liberty,real
dataset_real\train\roman_colosseum\d55e9a7d63.jpg,roman_colosseum,real
dataset_real\train\christ_the_reedemer\03ae4f2fad.jpg,christ_the_reedemer,real
dataset_real\train\chichen_itza\51a0e354d1.jpg,chichen_itza,real
dataset_synthetic\train\roman_colosseum\00076-1525667166.png,roman_colosseum,synthetic
dataset_real\train\pyramids_of_giza\e6cabea0e2.jpg,pyramids_of_giza,real
dataset_synthetic\train\christ_the_reedemer\00170-423565308.png,christ_the_reedemer,synthetic
dataset_synthetic\train\burj_khalifa\00139-1813382827.png,burj_khalifa,synthetic
dataset_real\train\burj_khalifa\aca7b38030.jpg,burj_khalifa,real
dataset_real\train\great_wall_of_china\5e0837b52e.jpg,great_wall_of_china,real
dataset_synthetic\train\chichen_itza\00102-3888410413.png,chichen_itza,synthetic
dataset_synthetic\train\eiffel_tower\00028-3137921713.png,eiffel_tower,synthetic
dataset_real\train\christ_the_reedemer\07c4bd3759.jpg,christ_the_reedemer,real
dataset_real\train\burj_khalifa\3378ec195d.jpg,burj_khalifa,real
dataset_real\train\statue_of_liberty\f646977878.jpg,statue_of_liberty,real
dataset_synthetic\train\pyramids_of_giza\00267-3340261377.png,pyramids_of_giza,synthetic
dataset_synthetic\train\roman_colosseum\00205-1974243524.png,roman_colosseum,synthetic
dataset_synthetic\train\burj_khalifa\00162-2778414629.png,burj_khalifa,synthetic
dataset_real\train\roman_colosseum\7b1a2e646b.jpg,roman_colosseum,real
dataset_real\train\chichen_itza\7523331910.jpg,chichen_itza,real
dataset_real\train\roman_colosseum\a635f10ddb.jpg,roman_colosseum,real
dataset_real\train\pyramids_of_giza\abd35fa197.jpg,pyramids_of_giza,real
dataset_synthetic\train\great_wall_of_china\00124-2449295027.png,great_wall_of_china,synthetic
dataset_real\train\eiffel_tower\304c42f98d.jpg,eiffel_tower,real
dataset_real\train\statue_of_liberty\e273bdbf07.jpg,statue_of_liberty,real
dataset_synthetic\train\christ_the_reedemer\00091-2389616911.png,christ_the_reedemer,synthetic
dataset_synthetic\train\chichen_itza\00074-2079455167.png,chichen_itza,synthetic
dataset_real\train\burj_khalifa\642468ebf6.jpg,burj_khalifa,real
dataset_real\train\christ_the_reedemer\c947b3910a.jpg,christ_the_reedemer,real
dataset_synthetic\train\christ_the_reedemer\00260-2017116376.png,christ_the_reedemer,synthetic
dataset_real\train\roman_colosseum\036d8446a8.jpg,roman_colosseum,real
dataset_real\train\great_wall_of_china\d4e7346d3c.jpg,great_wall_of_china,real
dataset_synthetic\train\great_wall_of_china\00161-1607761941.png,great_wall_of_china,synthetic
dataset_real\train\chichen_itza\698d8002fe.jpg,chichen_itza,real
dataset_real\train\chichen_itza\445124265c.jpg,chichen_itza,real
dataset_real\train\roman_colosseum\e1a054d334.jpg,roman_colosseum,real
dataset_synthetic\train\christ_the_reedemer\00243-2017116359.png,christ_the_reedemer,synthetic
dataset_synthetic\train\christ_the_reedemer\00092-2389616912.png,christ_the_reedemer,synthetic
dataset_real\train\burj_khalifa\c69277f391.jpg,burj_khalifa,real
dataset_real\train\chichen_itza\29ee7deb0c.jpg,chichen_itza,real
dataset_synthetic\train\chichen_itza\00088-2079455181.png,chichen_itza,synthetic
dataset_real\train\chichen_itza\d1a8b033aa.jpg,chichen_itza,real
dataset_real\train\chichen_itza\9cb654a471.jpg,chichen_itza,real
dataset_real\train\pyramids_of_giza\a0d7d1c91f.jpg,pyramids_of_giza,real
dataset_real\train\eiffel_tower\502172ae51.jpg,eiffel_tower,real
dataset_synthetic\train\eiffel_tower\00261-1566552042.png,eiffel_tower,synthetic
dataset_real\train\eiffel_tower\e742658e17.jpg,eiffel_tower,real
dataset_real\train\pyramids_of_giza\7445a6e2d7.jpg,pyramids_of_giza,real
dataset_real\train\pyramids_of_giza\05a0d4adb6.jpg,pyramids_of_giza,real
dataset_real\train\pyramids_of_giza\9d5f794691.jpg,pyramids_of_giza,real
dataset_real\train\great_wall_of_china\c842215fde.jpg,great_wall_of_china,real
dataset_synthetic\train\chichen_itza\00190-1342241945.png,chichen_itza,synthetic
dataset_real\train\burj_khalifa\0584420541.jpg,burj_khalifa,real
dataset_real\train\chichen_itza\297bd10d1e.jpg,chichen_itza,real
dataset_real\train\chichen_itza\2f7ba05373.jpg,chichen_itza,real
dataset_real\train\statue_of_liberty\67f5c87a9d.jpg,statue_of_liberty,real
dataset_synthetic\train\great_wall_of_china\00207-2026541315.png,great_wall_of_china,synthetic
dataset_real\train\statue_of_liberty\833f862deb.jpg,statue_of_liberty,real
dataset_synthetic\train\roman_colosseum\00016-3704602081.png,roman_colosseum,synthetic
dataset_real\train\eiffel_tower\bd4c8437bd.jpg,eiffel_tower,real
dataset_real\train\christ_the_reedemer\33ec5052cf.jpg,christ_the_reedemer,real
dataset_real\train\roman_colosseum\ee83803141.jpg,roman_colosseum,real
dataset_real\train\chichen_itza\c18176b6b4.jpg,chichen_itza,real
dataset_real\train\great_wall_of_china\5bfc5fd2f2.jpg,great_wall_of_china,real
dataset_real\train\roman_colosseum\cc73a9696e.jpg,roman_colosseum,real
dataset_real\train\great_wall_of_china\30cf40da9c.jpg,great_wall_of_china,real
dataset_real\train\eiffel_tower\82e1bc1e0a.jpg,eiffel_tower,real
dataset_real\train\great_wall_of_china\bb6143deb7.jpg,great_wall_of_china,real
dataset_synthetic\train\statue_of_liberty\00366-174988324.png,statue_of_liberty,synthetic
dataset_real\train\burj_khalifa\432adf1b23.jpg,burj_khalifa,real
dataset_real\train\burj_khalifa\a04fc5fdb7.jpg,burj_khalifa,real
dataset_real\train\christ_the_reedemer\7a2444d399.jpg,christ_the_reedemer,real
dataset_real\train\burj_khalifa\33f0dfe5af.jpg,burj_khalifa,real
dataset_real\train\great_wall_of_china\5101807fb7.jpg,great_wall_of_china,real
dataset_real\train\eiffel_tower\cd0d9d3278.jpg,eiffel_tower,real
dataset_synthetic\train\pyramids_of_giza\00004-4241466200.png,pyramids_of_giza,synthetic
dataset_synthetic\train\great_wall_of_china\00047-1177815136.png,great_wall_of_china,synthetic
dataset_real\train\great_wall_of_china\e6ea7e2dbe.jpg,great_wall_of_china,real
dataset_real\train\pyramids_of_giza\96629a12d1.jpg,pyramids_of_giza,real
dataset_synthetic\train\eiffel_tower\00270-162160931.png,eiffel_tower,synthetic
dataset_real\train\chichen_itza\a81a93b4cd.jpg,chichen_itza,real
dataset_real\train\great_wall_of_china\16d77ae652.jpg,great_wall_of_china,real
dataset_real\train\burj_khalifa\b05514e581.jpg,burj_khalifa,real
dataset_real\train\roman_colosseum\1730c92872.jpg,roman_colosseum,real
dataset_real\train\statue_of_liberty\c23add1b1e.jpg,statue_of_liberty,real
dataset_synthetic\train\burj_khalifa\00075-3346071111.png,burj_khalifa,synthetic
dataset_real\train\roman_colosseum\7b406b1d00.jpg,roman_colosseum,real
dataset_real\train\roman_colosseum\57dcb62cd5.jpg,roman_colosseum,real
dataset_synthetic\train\great_wall_of_china\00171-1607761951.png,great_wall_of_china,synthetic
dataset_real\train\eiffel_tower\907dbaa5ac.jpg,eiffel_tower,real
dataset_real\train\eiffel_tower\e4ea62ca0c.jpg,eiffel_tower,real
dataset_real\train\great_wall_of_china\effa400d2a.jpg,great_wall_of_china,real
dataset_real\train\statue_of_liberty\9eb4c48016.jpg,statue_of_liberty,real
dataset_synthetic\train\pyramids_of_giza\00149-962878687.png,pyramids_of_giza,synthetic
dataset_real\train\pyramids_of_giza\89adfc3342.jpg,pyramids_of_giza,real
dataset_real\train\burj_khalifa\b3041d146f.jpg,burj_khalifa,real
dataset_real\train\chichen_itza\d3e56df743.jpg,chichen_itza,real
dataset_synthetic\train\christ_the_reedemer\00072-2397697057.png,christ_the_reedemer,synthetic
dataset_real\train\burj_khalifa\5011d79f48.jpg,burj_khalifa,real
dataset_real\train\roman_colosseum\c5da55eda2.jpg,roman_colosseum,real
dataset_real\train\christ_the_reedemer\515fa4e2ea.jpg,christ_the_reedemer,real
dataset_synthetic\train\christ_the_reedemer\00213-1121221004.png,christ_the_reedemer,synthetic
dataset_synthetic\train\eiffel_tower\00031-1984749084.png,eiffel_tower,synthetic
dataset_real\train\burj_khalifa\301d26d9e9.jpg,burj_khalifa,real
dataset_real\train\pyramids_of_giza\ebaea6c9d8.jpg,pyramids_of_giza,real
dataset_synthetic\train\chichen_itza\00046-2669227200.png,chichen_itza,synthetic
dataset_real\train\chichen_itza\84d6c1a7fd.jpg,chichen_itza,real
dataset_real\train\eiffel_tower\b8634fc89f.jpg,eiffel_tower,real
dataset_real\train\christ_the_reedemer\915307ad0e.jpg,christ_the_reedemer,real
dataset_real\train\christ_the_reedemer\58c6a92b8a.jpg,christ_the_reedemer,real
dataset_real\train\christ_the_reedemer\58a4935e74.jpg,christ_the_reedemer,real
dataset_real\train\statue_of_liberty\31c0874c70.jpg,statue_of_liberty,real
dataset_real\train\chichen_itza\3817037662.jpg,chichen_itza,real
dataset_real\train\roman_colosseum\9d07039bb4.jpg,roman_colosseum,real
dataset_synthetic\train\christ_the_reedemer\00303-2284744752.png,christ_the_reedemer,synthetic
dataset_real\train\roman_colosseum\4bbfd9fe0d.jpg,roman_colosseum,real
dataset_real\train\eiffel_tower\baddc5e71c.jpg,eiffel_tower,real
dataset_synthetic\train\eiffel_tower\00069-2409094503.png,eiffel_tower,synthetic
dataset_real\train\chichen_itza\c56a6ed2f4.jpg,chichen_itza,real
dataset_real\train\great_wall_of_china\8e4f00ffc9.jpg,great_wall_of_china,real
dataset_real\train\eiffel_tower\d95cde2cce.jpg,eiffel_tower,real
dataset_real\train\christ_the_reedemer\b9f1c1bae2.jpg,christ_the_reedemer,real
dataset_real\train\statue_of_liberty\d2d1e89c3c.jpg,statue_of_liberty,real
dataset_real\train\christ_the_reedemer\c188fb4c7f.jpg,christ_the_reedemer,real
dataset_real\train\eiffel_tower\a94881a3c8.jpg,eiffel_tower,real
dataset_real\train\roman_colosseum\4261109a74.jpg,roman_colosseum,real
dataset_real\train\chichen_itza\7fe80f9c1b.jpg,chichen_itza,real
dataset_synthetic\train\roman_colosseum\00159-1009224257.png,roman_colosseum,synthetic
dataset_real\train\great_wall_of_china\4eef28abe6.jpg,great_wall_of_china,real
dataset_real\train\great_wall_of_china\249da8a9e6.jpg,great_wall_of_china,real
dataset_real\train\roman_colosseum\8899514949.jpg,roman_colosseum,real
dataset_real\train\roman_colosseum\93c8a04d22.jpg,roman_colosseum,real
dataset_real\train\burj_khalifa\aab32734e6.jpg,burj_khalifa,real
dataset_real\train\roman_colosseum\3d2ffab16d.jpg,roman_colosseum,real
dataset_synthetic\train\great_wall_of_china\00160-1607761940.png,great_wall_of_china,synthetic
dataset_real\train\burj_khalifa\cb3e7dc36d.jpg,burj_khalifa,real
dataset_real\train\eiffel_tower\601d402775.jpg,eiffel_tower,real
