filepath,class_name,source
dataset_synthetic\train\eiffel_tower\00057-1984749110.png,eiffel_tower,synthetic
dataset_synthetic\train\pyramids_of_giza\00200-4087309979.png,pyramids_of_giza,synthetic
dataset_real\train\roman_colosseum\b83bf20d90.jpg,roman_colosseum,real
dataset_real\train\roman_colosseum\0e1de29a39.jpg,roman_colosseum,real
dataset_synthetic\train\great_wall_of_china\00248-4085978414.png,great_wall_of_china,synthetic
dataset_synthetic\train\great_wall_of_china\00295-1383148747.png,great_wall_of_china,synthetic
dataset_synthetic\train\roman_colosseum\00031-2283819980.png,roman_colosseum,synthetic
dataset_real\train\pyramids_of_giza\e0e101c27c.jpg,pyramids_of_giza,real
dataset_real\train\roman_colosseum\1ada1b75ee.jpg,roman_colosseum,real
dataset_synthetic\train\eiffel_tower\00014-3137921699.png,eiffel_tower,synthetic
dataset_synthetic\train\statue_of_liberty\00382-174988340.png,statue_of_liberty,synthetic
dataset_synthetic\train\pyramids_of_giza\00149-962878687.png,pyramids_of_giza,synthetic
dataset_real\train\chichen_itza\7fe80f9c1b.jpg,chichen_itza,real
dataset_real\train\chichen_itza\a61fcc9809.jpg,chichen_itza,real
dataset_synthetic\train\pyramids_of_giza\00050-2054659953.png,pyramids_of_giza,synthetic
dataset_real\train\pyramids_of_giza\4913389cb8.jpg,pyramids_of_giza,real
dataset_real\train\roman_colosseum\2d9b1c3337.jpg,roman_colosseum,real
dataset_real\train\pyramids_of_giza\db57b46352.jpg,pyramids_of_giza,real
dataset_synthetic\train\chichen_itza\00027-354526614.png,chichen_itza,synthetic
dataset_real\train\roman_colosseum\a312d8d67d.jpg,roman_colosseum,real
dataset_real\train\eiffel_tower\a76f908095.jpg,eiffel_tower,real
dataset_synthetic\train\eiffel_tower\00280-162160941.png,eiffel_tower,synthetic
dataset_real\train\pyramids_of_giza\37c2fe697b.jpg,pyramids_of_giza,real
dataset_real\train\great_wall_of_china\0b7d1f2f82.jpg,great_wall_of_china,real
dataset_real\train\statue_of_liberty\758282cf51.jpg,statue_of_liberty,real
dataset_real\train\burj_khalifa\69397dfb72.jpg,burj_khalifa,real
dataset_synthetic\train\pyramids_of_giza\00248-3340261358.png,pyramids_of_giza,synthetic
dataset_real\train\pyramids_of_giza\9377b53190.jpg,pyramids_of_giza,real
dataset_synthetic\train\great_wall_of_china\00139-2449295042.png,great_wall_of_china,synthetic
dataset_real\train\chichen_itza\c6a1598d04.jpg,chichen_itza,real
dataset_synthetic\train\great_wall_of_china\00228-4011577243.png,great_wall_of_china,synthetic
dataset_synthetic\train\pyramids_of_giza\00113-942607771.png,pyramids_of_giza,synthetic
dataset_synthetic\train\roman_colosseum\00248-1881496543.png,roman_colosseum,synthetic
dataset_real\train\burj_khalifa\be19149ea6.jpg,burj_khalifa,real
dataset_synthetic\train\eiffel_tower\00094-3388316039.png,eiffel_tower,synthetic
dataset_real\train\pyramids_of_giza\928a5f4c07.jpg,pyramids_of_giza,real
dataset_synthetic\train\christ_the_reedemer\00054-2397697039.png,christ_the_reedemer,synthetic
dataset_synthetic\train\burj_khalifa\00238-2852982642.png,burj_khalifa,synthetic
dataset_real\train\pyramids_of_giza\f9df5357ee.jpg,pyramids_of_giza,real
dataset_synthetic\train\great_wall_of_china\00078-2389887074.png,great_wall_of_china,synthetic
dataset_synthetic\train\eiffel_tower\00153-1848933952.png,eiffel_tower,synthetic
dataset_synthetic\train\pyramids_of_giza\00084-2984508836.png,pyramids_of_giza,synthetic
dataset_synthetic\train\great_wall_of_china\00109-920026940.png,great_wall_of_china,synthetic
dataset_real\train\burj_khalifa\8e1ec69e83.jpg,burj_khalifa,real
dataset_real\train\great_wall_of_china\fba17d71cf.jpg,great_wall_of_china,real
dataset_real\train\eiffel_tower\0a762bf841.jpg,eiffel_tower,real
dataset_real\train\burj_khalifa\bdc36c7212.jpg,burj_khalifa,real
dataset_real\train\roman_colosseum\6234acc22a.jpg,roman_colosseum,real
dataset_real\train\burj_khalifa\311bd008f4.jpg,burj_khalifa,real
dataset_synthetic\train\roman_colosseum\00266-1881496561.png,roman_colosseum,synthetic
dataset_real\train\burj_khalifa\d1c2ddf4af.jpg,burj_khalifa,real
dataset_real\train\statue_of_liberty\21a14da907.jpg,statue_of_liberty,real
dataset_synthetic\train\eiffel_tower\00003-3137921688.png,eiffel_tower,synthetic
dataset_real\train\chichen_itza\7f3fa3cc30.jpg,chichen_itza,real
dataset_synthetic\train\christ_the_reedemer\00187-4094071613.png,christ_the_reedemer,synthetic
dataset_synthetic\train\pyramids_of_giza\00082-2984508834.png,pyramids_of_giza,synthetic
dataset_synthetic\train\eiffel_tower\00123-70550494.png,eiffel_tower,synthetic
dataset_synthetic\train\great_wall_of_china\00290-1383148742.png,great_wall_of_china,synthetic
dataset_synthetic\train\pyramids_of_giza\00070-2984508822.png,pyramids_of_giza,synthetic
dataset_synthetic\train\christ_the_reedemer\00206-1121220997.png,christ_the_reedemer,synthetic
dataset_real\train\roman_colosseum\44ca1517f1.jpg,roman_colosseum,real
dataset_real\train\pyramids_of_giza\513eeeaf8a.jpg,pyramids_of_giza,real
dataset_synthetic\train\great_wall_of_china\00094-920026925.png,great_wall_of_china,synthetic
dataset_real\train\statue_of_liberty\5bd3684987.jpg,statue_of_liberty,real
dataset_real\train\pyramids_of_giza\31c91288f5.jpg,pyramids_of_giza,real
dataset_synthetic\train\burj_khalifa\00261-2863073471.png,burj_khalifa,synthetic
dataset_synthetic\train\burj_khalifa\00087-3346071123.png,burj_khalifa,synthetic
dataset_synthetic\train\pyramids_of_giza\00135-962878673.png,pyramids_of_giza,synthetic
dataset_real\train\roman_colosseum\c6f3008fc7.jpg,roman_colosseum,real
dataset_synthetic\train\roman_colosseum\00121-4069228223.png,roman_colosseum,synthetic
dataset_real\train\eiffel_tower\41563e01dc.jpg,eiffel_tower,real
dataset_synthetic\train\eiffel_tower\00275-162160936.png,eiffel_tower,synthetic
dataset_synthetic\train\roman_colosseum\00038-2283819987.png,roman_colosseum,synthetic
dataset_synthetic\train\burj_khalifa\00034-3281528399.png,burj_khalifa,synthetic
dataset_synthetic\train\roman_colosseum\00059-1525667149.png,roman_colosseum,synthetic
dataset_real\train\great_wall_of_china\858e19422f.jpg,great_wall_of_china,real
dataset_real\train\great_wall_of_china\0526000442.jpg,great_wall_of_china,real
dataset_real\train\eiffel_tower\676d66a41b.jpg,eiffel_tower,real
dataset_synthetic\train\christ_the_reedemer\00263-3045517126.png,christ_the_reedemer,synthetic
dataset_synthetic\train\eiffel_tower\00244-1566552025.png,eiffel_tower,synthetic
dataset_real\train\christ_the_reedemer\83467a6646.jpg,christ_the_reedemer,real
dataset_real\train\pyramids_of_giza\4058446364.jpg,pyramids_of_giza,real
dataset_real\train\eiffel_tower\f81ad385d2.jpg,eiffel_tower,real
dataset_real\train\eiffel_tower\7d4bbcc6de.jpg,eiffel_tower,real
dataset_synthetic\train\statue_of_liberty\00414-1169046325.png,statue_of_liberty,synthetic
dataset_synthetic\train\burj_khalifa\00023-2682522076.png,burj_khalifa,synthetic
dataset_synthetic\train\christ_the_reedemer\00295-2284744744.png,christ_the_reedemer,synthetic
dataset_real\train\statue_of_liberty\458b90a76d.jpg,statue_of_liberty,real
dataset_real\train\eiffel_tower\894c615a89.jpg,eiffel_tower,real
dataset_synthetic\train\pyramids_of_giza\00218-3159135357.png,pyramids_of_giza,synthetic
dataset_synthetic\train\burj_khalifa\00066-3346071102.png,burj_khalifa,synthetic
dataset_real\train\great_wall_of_china\aface0f3b2.jpg,great_wall_of_china,real
dataset_synthetic\train\great_wall_of_china\00012-1860489312.png,great_wall_of_china,synthetic
dataset_real\train\eiffel_tower\d45ad221b3.jpg,eiffel_tower,real
dataset_real\train\christ_the_reedemer\d03dfdc85b.jpg,christ_the_reedemer,real
dataset_real\train\christ_the_reedemer\61f488a52f.jpg,christ_the_reedemer,real
dataset_real\train\great_wall_of_china\490cfa8ff9.jpg,great_wall_of_china,real
dataset_synthetic\train\eiffel_tower\00080-2409094514.png,eiffel_tower,synthetic
dataset_real\train\pyramids_of_giza\c6afd833e6.jpg,pyramids_of_giza,real
dataset_real\train\roman_colosseum\9b87f21650.jpg,roman_colosseum,real
dataset_real\train\burj_khalifa\f511119ac2.jpg,burj_khalifa,real
dataset_synthetic\train\eiffel_tower\00128-70550499.png,eiffel_tower,synthetic
dataset_real\train\burj_khalifa\91daf6e14c.jpg,burj_khalifa,real
dataset_real\train\eiffel_tower\eb04847f4f.jpg,eiffel_tower,real
dataset_synthetic\train\christ_the_reedemer\00238-2017116354.png,christ_the_reedemer,synthetic
dataset_real\train\roman_colosseum\092453a52a.jpg,roman_colosseum,real
dataset_real\train\eiffel_tower\613a42aa99.jpg,eiffel_tower,real
dataset_real\train\pyramids_of_giza\d8c4808593.jpg,pyramids_of_giza,real
dataset_real\train\chichen_itza\19d69a598e.jpg,chichen_itza,real
dataset_synthetic\train\roman_colosseum\00251-1881496546.png,roman_colosseum,synthetic
dataset_real\train\roman_colosseum\7b3d52f61d.jpg,roman_colosseum,real
dataset_synthetic\train\roman_colosseum\00181-1974243500.png,roman_colosseum,synthetic
dataset_real\train\great_wall_of_china\c7db945b45.jpg,great_wall_of_china,real
dataset_synthetic\train\chichen_itza\00220-4190620857.png,chichen_itza,synthetic
dataset_synthetic\train\christ_the_reedemer\00117-3552515811.png,christ_the_reedemer,synthetic
dataset_real\train\great_wall_of_china\a62a3926d0.jpg,great_wall_of_china,real
dataset_real\train\chichen_itza\59b69eec94.jpg,chichen_itza,real
dataset_real\train\burj_khalifa\35de78ee3f.jpg,burj_khalifa,real
dataset_synthetic\train\statue_of_liberty\00460-818305463.png,statue_of_liberty,synthetic
dataset_synthetic\train\roman_colosseum\00255-1881496550.png,roman_colosseum,synthetic
dataset_real\train\christ_the_reedemer\eeec425db1.jpg,christ_the_reedemer,real
dataset_synthetic\train\great_wall_of_china\00096-920026927.png,great_wall_of_china,synthetic
dataset_synthetic\train\great_wall_of_china\00117-920026948.png,great_wall_of_china,synthetic
dataset_real\train\chichen_itza\63b812f73c.jpg,chichen_itza,real
dataset_real\train\christ_the_reedemer\2fae8facde.jpg,christ_the_reedemer,real
dataset_real\train\great_wall_of_china\184e5cf9b3.jpg,great_wall_of_china,real
dataset_synthetic\train\pyramids_of_giza\00247-3340261357.png,pyramids_of_giza,synthetic
dataset_synthetic\train\great_wall_of_china\00136-2449295039.png,great_wall_of_china,synthetic
dataset_real\train\chichen_itza\dd30579669.jpg,chichen_itza,real
dataset_synthetic\train\christ_the_reedemer\00303-2284744752.png,christ_the_reedemer,synthetic
dataset_real\train\christ_the_reedemer\ad3b5fb0a3.jpg,christ_the_reedemer,real
dataset_real\train\great_wall_of_china\027bc051a7.jpg,great_wall_of_china,real
dataset_synthetic\train\great_wall_of_china\00206-2026541314.png,great_wall_of_china,synthetic
dataset_synthetic\train\christ_the_reedemer\00173-4094071599.png,christ_the_reedemer,synthetic
dataset_synthetic\train\eiffel_tower\00212-2386103687.png,eiffel_tower,synthetic
dataset_synthetic\train\chichen_itza\00120-1654904551.png,chichen_itza,synthetic
dataset_real\train\statue_of_liberty\9b2fe5499e.jpg,statue_of_liberty,real
dataset_real\train\great_wall_of_china\7275769bd7.jpg,great_wall_of_china,real
dataset_real\train\chichen_itza\f2b821eda9.jpg,chichen_itza,real
dataset_real\train\burj_khalifa\b3041d146f.jpg,burj_khalifa,real
dataset_synthetic\train\burj_khalifa\00283-2716773634.png,burj_khalifa,synthetic
dataset_synthetic\train\burj_khalifa\00136-1813382824.png,burj_khalifa,synthetic
dataset_synthetic\train\burj_khalifa\00206-2688549114.png,burj_khalifa,synthetic
dataset_real\train\statue_of_liberty\be6714db13.jpg,statue_of_liberty,real
dataset_real\train\burj_khalifa\ab0fc9bd4b.jpg,burj_khalifa,real
dataset_synthetic\train\christ_the_reedemer\00069-2397697054.png,christ_the_reedemer,synthetic
dataset_synthetic\train\christ_the_reedemer\00265-3045517128.png,christ_the_reedemer,synthetic
dataset_real\train\chichen_itza\2f7ba05373.jpg,chichen_itza,real
dataset_real\train\great_wall_of_china\18ae9fd69e.jpg,great_wall_of_china,real
dataset_synthetic\train\roman_colosseum\00113-2343411960.png,roman_colosseum,synthetic
dataset_synthetic\train\pyramids_of_giza\00121-962878659.png,pyramids_of_giza,synthetic
dataset_synthetic\train\christ_the_reedemer\00141-3552515835.png,christ_the_reedemer,synthetic
dataset_synthetic\train\roman_colosseum\00215-1225658193.png,roman_colosseum,synthetic
dataset_synthetic\train\chichen_itza\00012-817939087.png,chichen_itza,synthetic
dataset_real\train\statue_of_liberty\31c0874c70.jpg,statue_of_liberty,real
dataset_synthetic\train\chichen_itza\00203-1342241958.png,chichen_itza,synthetic
dataset_synthetic\train\chichen_itza\00128-1654904559.png,chichen_itza,synthetic
dataset_synthetic\train\great_wall_of_china\00123-2449295026.png,great_wall_of_china,synthetic
dataset_real\train\eiffel_tower\720b377570.jpg,eiffel_tower,real
dataset_synthetic\train\eiffel_tower\00131-70550502.png,eiffel_tower,synthetic
dataset_real\train\burj_khalifa\5c134ac7e8.jpg,burj_khalifa,real
dataset_synthetic\train\statue_of_liberty\00516-1791252958.png,statue_of_liberty,synthetic
dataset_synthetic\train\chichen_itza\00066-2079455159.png,chichen_itza,synthetic
dataset_real\train\christ_the_reedemer\7af03f67ef.jpg,christ_the_reedemer,real
dataset_synthetic\train\burj_khalifa\00016-2682522069.png,burj_khalifa,synthetic
dataset_synthetic\train\chichen_itza\00149-1654904580.png,chichen_itza,synthetic
dataset_real\train\burj_khalifa\4760aea9e7.jpg,burj_khalifa,real
dataset_real\train\pyramids_of_giza\9c27d4184a.jpg,pyramids_of_giza,real
dataset_synthetic\train\christ_the_reedemer\00243-2017116359.png,christ_the_reedemer,synthetic
dataset_synthetic\train\great_wall_of_china\00284-1383148736.png,great_wall_of_china,synthetic
dataset_synthetic\train\roman_colosseum\00111-2343411958.png,roman_colosseum,synthetic
dataset_real\train\burj_khalifa\a04fc5fdb7.jpg,burj_khalifa,real
dataset_real\train\burj_khalifa\b26202a4ec.jpg,burj_khalifa,real
dataset_real\train\great_wall_of_china\1076938ea2.jpg,great_wall_of_china,real
dataset_synthetic\train\roman_colosseum\00241-1881496536.png,roman_colosseum,synthetic
dataset_synthetic\train\roman_colosseum\00072-1525667162.png,roman_colosseum,synthetic
dataset_synthetic\train\chichen_itza\00137-1654904568.png,chichen_itza,synthetic
dataset_real\train\burj_khalifa\6b769d6f01.jpg,burj_khalifa,real
dataset_real\train\eiffel_tower\ef39d605ed.jpg,eiffel_tower,real
dataset_real\train\pyramids_of_giza\1bac074893.jpg,pyramids_of_giza,real
dataset_synthetic\train\eiffel_tower\00220-2386103695.png,eiffel_tower,synthetic
dataset_real\train\burj_khalifa\16a5e9b12a.jpg,burj_khalifa,real
dataset_real\train\pyramids_of_giza\87d9308559.jpg,pyramids_of_giza,real
dataset_synthetic\train\roman_colosseum\00087-1525667177.png,roman_colosseum,synthetic
dataset_synthetic\train\great_wall_of_china\00125-2449295028.png,great_wall_of_china,synthetic
dataset_synthetic\train\statue_of_liberty\00644-2648309722.png,statue_of_liberty,synthetic
dataset_real\train\eiffel_tower\3a6f69c123.jpg,eiffel_tower,real
dataset_real\train\eiffel_tower\e742658e17.jpg,eiffel_tower,real
dataset_real\train\roman_colosseum\f569920863.jpg,roman_colosseum,real
dataset_real\train\statue_of_liberty\87d08d3910.jpg,statue_of_liberty,real
dataset_synthetic\train\pyramids_of_giza\00187-4087309966.png,pyramids_of_giza,synthetic
dataset_synthetic\train\great_wall_of_china\00260-4085978426.png,great_wall_of_china,synthetic
dataset_synthetic\train\pyramids_of_giza\00054-2054659957.png,pyramids_of_giza,synthetic
dataset_real\train\eiffel_tower\da260973fc.jpg,eiffel_tower,real
dataset_real\train\burj_khalifa\2b71aa169f.jpg,burj_khalifa,real
dataset_real\train\eiffel_tower\c93ce4b3f3.jpg,eiffel_tower,real
dataset_real\train\roman_colosseum\4ac533865b.jpg,roman_colosseum,real
dataset_synthetic\train\great_wall_of_china\00202-2026541310.png,great_wall_of_china,synthetic
dataset_real\train\great_wall_of_china\8a62b87c5c.jpg,great_wall_of_china,real
dataset_real\train\roman_colosseum\5066840ecc.jpg,roman_colosseum,real
dataset_real\train\christ_the_reedemer\3e144c461b.jpg,christ_the_reedemer,real
dataset_synthetic\train\statue_of_liberty\00459-818305462.png,statue_of_liberty,synthetic
dataset_synthetic\train\chichen_itza\00214-4190620851.png,chichen_itza,synthetic
dataset_synthetic\train\eiffel_tower\00145-70550516.png,eiffel_tower,synthetic
dataset_real\train\great_wall_of_china\82a8b8120d.jpg,great_wall_of_china,real
dataset_real\train\eiffel_tower\5e9c307445.jpg,eiffel_tower,real
dataset_real\train\chichen_itza\b2e11de210.jpg,chichen_itza,real
dataset_real\train\chichen_itza\bc33c08d0f.jpg,chichen_itza,real
dataset_real\train\chichen_itza\2929f91f5e.jpg,chichen_itza,real
dataset_real\train\burj_khalifa\84853b9816.jpg,burj_khalifa,real
dataset_real\train\great_wall_of_china\c052a4883a.jpg,great_wall_of_china,real
dataset_synthetic\train\roman_colosseum\00062-1525667152.png,roman_colosseum,synthetic
dataset_real\train\eiffel_tower\0ebd10d3a4.jpg,eiffel_tower,real
dataset_real\train\great_wall_of_china\81246ed24c.jpg,great_wall_of_china,real
dataset_real\train\burj_khalifa\cf668db3ad.jpg,burj_khalifa,real
dataset_real\train\eiffel_tower\274a4dbf5c.jpg,eiffel_tower,real
dataset_real\train\great_wall_of_china\d42bdbcb78.jpg,great_wall_of_china,real
dataset_synthetic\train\chichen_itza\00061-2079455154.png,chichen_itza,synthetic
dataset_synthetic\train\roman_colosseum\00297-241878752.png,roman_colosseum,synthetic
dataset_synthetic\train\great_wall_of_china\00071-2389887067.png,great_wall_of_china,synthetic
dataset_real\train\burj_khalifa\3636892765.jpg,burj_khalifa,real
dataset_synthetic\train\christ_the_reedemer\00157-423565295.png,christ_the_reedemer,synthetic
dataset_real\train\great_wall_of_china\1fd912db0f.jpg,great_wall_of_china,real
dataset_synthetic\train\christ_the_reedemer\00282-3045517145.png,christ_the_reedemer,synthetic
dataset_synthetic\train\statue_of_liberty\00625-4055323062.png,statue_of_liberty,synthetic
dataset_synthetic\train\great_wall_of_china\00122-2449295025.png,great_wall_of_china,synthetic
dataset_real\train\roman_colosseum\99a2ac13a0.jpg,roman_colosseum,real
dataset_synthetic\train\chichen_itza\00127-1654904558.png,chichen_itza,synthetic
dataset_real\train\roman_colosseum\6dddbdf127.jpg,roman_colosseum,real
dataset_real\train\chichen_itza\092bf1cec3.jpg,chichen_itza,real
dataset_real\train\eiffel_tower\6bfda71059.jpg,eiffel_tower,real
dataset_real\train\statue_of_liberty\484a193a54.jpg,statue_of_liberty,real
dataset_synthetic\train\statue_of_liberty\00585-3964871334.png,statue_of_liberty,synthetic
dataset_synthetic\train\christ_the_reedemer\00080-2397697065.png,christ_the_reedemer,synthetic
dataset_synthetic\train\burj_khalifa\00094-4109332462.png,burj_khalifa,synthetic
dataset_real\train\great_wall_of_china\507b720d09.jpg,great_wall_of_china,real
dataset_real\train\burj_khalifa\5d4ebc6c1f.jpg,burj_khalifa,real
dataset_real\train\roman_colosseum\a095b94ccd.jpg,roman_colosseum,real
dataset_synthetic\train\eiffel_tower\00135-70550506.png,eiffel_tower,synthetic
dataset_real\train\chichen_itza\5e2425e89f.jpg,chichen_itza,real
dataset_real\train\great_wall_of_china\6bb46fa29f.jpg,great_wall_of_china,real
dataset_synthetic\train\christ_the_reedemer\00118-3552515812.png,christ_the_reedemer,synthetic
dataset_synthetic\train\eiffel_tower\00255-1566552036.png,eiffel_tower,synthetic
dataset_real\train\eiffel_tower\7aa652503b.jpg,eiffel_tower,real
dataset_synthetic\train\chichen_itza\00100-3888410411.png,chichen_itza,synthetic
dataset_synthetic\train\eiffel_tower\00074-2409094508.png,eiffel_tower,synthetic
dataset_synthetic\train\eiffel_tower\00087-2409094521.png,eiffel_tower,synthetic
dataset_real\train\roman_colosseum\eda39bd842.jpg,roman_colosseum,real
dataset_real\train\great_wall_of_china\c1122eb84b.jpg,great_wall_of_china,real
dataset_synthetic\train\pyramids_of_giza\00124-962878662.png,pyramids_of_giza,synthetic
dataset_real\train\christ_the_reedemer\a4cc5736ba.jpg,christ_the_reedemer,real
dataset_synthetic\train\christ_the_reedemer\00100-2389616920.png,christ_the_reedemer,synthetic
dataset_synthetic\train\great_wall_of_china\00010-1860489310.png,great_wall_of_china,synthetic
dataset_synthetic\train\eiffel_tower\00000-3630701678.png,eiffel_tower,synthetic
dataset_real\train\great_wall_of_china\4d67fedd35.jpg,great_wall_of_china,real
dataset_real\train\eiffel_tower\afac94d805.jpg,eiffel_tower,real
dataset_synthetic\train\chichen_itza\00262-1829905847.png,chichen_itza,synthetic
dataset_real\train\burj_khalifa\9481e8c7e6.jpg,burj_khalifa,real
dataset_synthetic\train\pyramids_of_giza\00101-942607759.png,pyramids_of_giza,synthetic
dataset_synthetic\train\statue_of_liberty\00411-1169046322.png,statue_of_liberty,synthetic
dataset_real\train\burj_khalifa\5347d837b9.jpg,burj_khalifa,real
dataset_synthetic\train\burj_khalifa\00257-2863073467.png,burj_khalifa,synthetic
dataset_synthetic\train\roman_colosseum\00273-241878728.png,roman_colosseum,synthetic
dataset_synthetic\train\roman_colosseum\00246-1881496541.png,roman_colosseum,synthetic
dataset_real\train\roman_colosseum\4be369d9a7.jpg,roman_colosseum,real
dataset_real\train\roman_colosseum\d101b4e8e1.jpg,roman_colosseum,real
dataset_real\train\eiffel_tower\5886f0fdcf.jpg,eiffel_tower,real
dataset_synthetic\train\eiffel_tower\00234-2386103709.png,eiffel_tower,synthetic
dataset_real\train\great_wall_of_china\2438ed1698.jpg,great_wall_of_china,real
dataset_synthetic\train\great_wall_of_china\00061-2389887057.png,great_wall_of_china,synthetic
dataset_real\train\roman_colosseum\71f6b585f9.jpg,roman_colosseum,real
dataset_real\train\statue_of_liberty\65546d77bc.jpg,statue_of_liberty,real
dataset_real\train\burj_khalifa\124b6d2856.jpg,burj_khalifa,real
dataset_real\train\pyramids_of_giza\70ed658d2b.jpg,pyramids_of_giza,real
dataset_synthetic\train\great_wall_of_china\00221-4011577236.png,great_wall_of_china,synthetic
dataset_real\train\roman_colosseum\3ff53ccfea.jpg,roman_colosseum,real
dataset_synthetic\train\roman_colosseum\00238-1881496533.png,roman_colosseum,synthetic
dataset_synthetic\train\roman_colosseum\00024-3704602089.png,roman_colosseum,synthetic
dataset_synthetic\train\great_wall_of_china\00085-2389887081.png,great_wall_of_china,synthetic
dataset_synthetic\train\roman_colosseum\00227-1225658205.png,roman_colosseum,synthetic
dataset_real\train\roman_colosseum\e7c5e0743d.jpg,roman_colosseum,real
dataset_real\train\burj_khalifa\2aca1617cc.jpg,burj_khalifa,real
dataset_synthetic\train\statue_of_liberty\00650-2648309728.png,statue_of_liberty,synthetic
dataset_real\train\pyramids_of_giza\0dcc8dfa14.jpg,pyramids_of_giza,real
dataset_real\train\burj_khalifa\834b071a2d.jpg,burj_khalifa,real
dataset_synthetic\train\pyramids_of_giza\00142-962878680.png,pyramids_of_giza,synthetic
dataset_real\train\eiffel_tower\23931da021.jpg,eiffel_tower,real
dataset_synthetic\train\christ_the_reedemer\00210-1121221001.png,christ_the_reedemer,synthetic
dataset_synthetic\train\pyramids_of_giza\00052-2054659955.png,pyramids_of_giza,synthetic
dataset_synthetic\train\pyramids_of_giza\00025-4241466221.png,pyramids_of_giza,synthetic
dataset_synthetic\train\burj_khalifa\00141-1813382829.png,burj_khalifa,synthetic
dataset_real\train\eiffel_tower\97a1dda21e.jpg,eiffel_tower,real
dataset_synthetic\train\chichen_itza\00084-2079455177.png,chichen_itza,synthetic
dataset_synthetic\train\statue_of_liberty\00493-3884271017.png,statue_of_liberty,synthetic
dataset_synthetic\train\chichen_itza\00264-1829905849.png,chichen_itza,synthetic
dataset_real\train\roman_colosseum\203ca53b6d.jpg,roman_colosseum,real
dataset_real\train\pyramids_of_giza\ada7622c69.jpg,pyramids_of_giza,real
dataset_synthetic\train\great_wall_of_china\00042-1177815131.png,great_wall_of_china,synthetic
dataset_synthetic\train\roman_colosseum\00022-3704602087.png,roman_colosseum,synthetic
dataset_real\train\christ_the_reedemer\457c97a726.jpg,christ_the_reedemer,real
dataset_synthetic\train\chichen_itza\00189-1342241944.png,chichen_itza,synthetic
dataset_real\train\pyramids_of_giza\c9bcf8f142.jpg,pyramids_of_giza,real
dataset_synthetic\train\statue_of_liberty\00604-4055323041.png,statue_of_liberty,synthetic
dataset_synthetic\train\roman_colosseum\00282-241878737.png,roman_colosseum,synthetic
dataset_real\train\christ_the_reedemer\daa7d1baae.jpg,christ_the_reedemer,real
dataset_real\train\christ_the_reedemer\bc72c24a4e.jpg,christ_the_reedemer,real
dataset_real\train\chichen_itza\fa2f1b5339.jpg,chichen_itza,real
dataset_real\train\great_wall_of_china\1eab8d7c47.jpg,great_wall_of_china,real
dataset_real\train\roman_colosseum\293b851c52.jpg,roman_colosseum,real
dataset_synthetic\train\roman_colosseum\00275-241878730.png,roman_colosseum,synthetic
dataset_real\train\christ_the_reedemer\15f7dd0d2a.jpg,christ_the_reedemer,real
dataset_synthetic\train\statue_of_liberty\00482-3884271006.png,statue_of_liberty,synthetic
dataset_synthetic\train\pyramids_of_giza\00221-3159135360.png,pyramids_of_giza,synthetic
dataset_synthetic\train\pyramids_of_giza\00236-3159135375.png,pyramids_of_giza,synthetic
dataset_synthetic\train\burj_khalifa\00138-1813382826.png,burj_khalifa,synthetic
dataset_real\train\great_wall_of_china\044c6b5c92.jpg,great_wall_of_china,real
dataset_real\train\pyramids_of_giza\c54ada7336.jpg,pyramids_of_giza,real
dataset_real\train\roman_colosseum\390d9b0dbe.jpg,roman_colosseum,real
dataset_real\train\great_wall_of_china\a37e27cce9.jpg,great_wall_of_china,real
dataset_synthetic\train\chichen_itza\00231-4190620868.png,chichen_itza,synthetic
dataset_real\train\roman_colosseum\f9a6b71d54.jpg,roman_colosseum,real
dataset_synthetic\train\chichen_itza\00199-1342241954.png,chichen_itza,synthetic
dataset_synthetic\train\great_wall_of_china\00132-2449295035.png,great_wall_of_china,synthetic
dataset_real\train\great_wall_of_china\11047390e1.jpg,great_wall_of_china,real
dataset_synthetic\train\burj_khalifa\00179-2778414646.png,burj_khalifa,synthetic
dataset_real\train\christ_the_reedemer\db6afdb118.jpg,christ_the_reedemer,real
dataset_real\train\chichen_itza\c5d22f6d7c.jpg,chichen_itza,real
dataset_synthetic\train\christ_the_reedemer\00026-3006335889.png,christ_the_reedemer,synthetic
dataset_real\train\pyramids_of_giza\ed638b3da7.jpg,pyramids_of_giza,real
dataset_synthetic\train\burj_khalifa\00088-3346071124.png,burj_khalifa,synthetic
dataset_synthetic\train\chichen_itza\00165-1856050877.png,chichen_itza,synthetic
dataset_real\train\great_wall_of_china\d4e7346d3c.jpg,great_wall_of_china,real
dataset_synthetic\train\statue_of_liberty\00397-1169046308.png,statue_of_liberty,synthetic
dataset_real\train\eiffel_tower\9434fc769a.jpg,eiffel_tower,real
dataset_synthetic\train\roman_colosseum\00230-1225658208.png,roman_colosseum,synthetic
dataset_synthetic\train\roman_colosseum\00104-2343411951.png,roman_colosseum,synthetic
dataset_real\train\christ_the_reedemer\21b9937532.jpg,christ_the_reedemer,real
dataset_real\train\burj_khalifa\9fcf9ae2c3.jpg,burj_khalifa,real
dataset_real\train\pyramids_of_giza\81c1b24973.jpg,pyramids_of_giza,real
dataset_real\train\great_wall_of_china\20b27edc62.jpg,great_wall_of_china,real
dataset_real\train\christ_the_reedemer\df0cf59154.jpg,christ_the_reedemer,real
dataset_real\train\eiffel_tower\8e6fe7cfef.jpg,eiffel_tower,real
dataset_real\train\great_wall_of_china\2e76626e1b.jpg,great_wall_of_china,real
dataset_real\train\burj_khalifa\d9fabcc483.jpg,burj_khalifa,real
dataset_synthetic\train\statue_of_liberty\00606-4055323043.png,statue_of_liberty,synthetic
dataset_real\train\great_wall_of_china\c37f1d775a.jpg,great_wall_of_china,real
dataset_real\train\chichen_itza\d6f451b0c6.jpg,chichen_itza,real
dataset_real\train\roman_colosseum\9338f7b5fb.jpg,roman_colosseum,real
dataset_real\train\roman_colosseum\cba284caab.jpg,roman_colosseum,real
dataset_real\train\christ_the_reedemer\80c46f30a7.jpg,christ_the_reedemer,real
dataset_synthetic\train\christ_the_reedemer\00287-3045517150.png,christ_the_reedemer,synthetic
dataset_real\train\christ_the_reedemer\b9fb367877.jpg,christ_the_reedemer,real
dataset_real\train\chichen_itza\fe3c406fe9.jpg,chichen_itza,real
dataset_synthetic\train\christ_the_reedemer\00087-2389616907.png,christ_the_reedemer,synthetic
dataset_synthetic\train\chichen_itza\00167-1856050879.png,chichen_itza,synthetic
dataset_synthetic\train\great_wall_of_china\00171-1607761951.png,great_wall_of_china,synthetic
dataset_synthetic\train\burj_khalifa\00112-4109332480.png,burj_khalifa,synthetic
dataset_synthetic\train\christ_the_reedemer\00035-3006335898.png,christ_the_reedemer,synthetic
dataset_synthetic\train\pyramids_of_giza\00007-4241466203.png,pyramids_of_giza,synthetic
dataset_synthetic\train\pyramids_of_giza\00023-4241466219.png,pyramids_of_giza,synthetic
dataset_real\train\pyramids_of_giza\2acbe12fd8.jpg,pyramids_of_giza,real
dataset_real\train\burj_khalifa\65d27a42cb.jpg,burj_khalifa,real
dataset_real\train\eiffel_tower\7040304c45.jpg,eiffel_tower,real
dataset_real\train\great_wall_of_china\b09f73025e.jpg,great_wall_of_china,real
dataset_synthetic\train\eiffel_tower\00251-1566552032.png,eiffel_tower,synthetic
dataset_real\train\roman_colosseum\765699c79a.jpg,roman_colosseum,real
dataset_synthetic\train\burj_khalifa\00192-2688549100.png,burj_khalifa,synthetic
dataset_real\train\burj_khalifa\f32fbeb896.jpg,burj_khalifa,real
dataset_synthetic\train\pyramids_of_giza\00011-4241466207.png,pyramids_of_giza,synthetic
dataset_synthetic\train\great_wall_of_china\00184-2026541292.png,great_wall_of_china,synthetic
dataset_synthetic\train\roman_colosseum\00286-241878741.png,roman_colosseum,synthetic
dataset_synthetic\train\pyramids_of_giza\00241-3340261351.png,pyramids_of_giza,synthetic
dataset_real\train\statue_of_liberty\8e1de201e6.jpg,statue_of_liberty,real
dataset_synthetic\train\pyramids_of_giza\00165-2205670341.png,pyramids_of_giza,synthetic
dataset_synthetic\train\roman_colosseum\00281-241878736.png,roman_colosseum,synthetic
dataset_synthetic\train\statue_of_liberty\00524-1791252966.png,statue_of_liberty,synthetic
dataset_real\train\eiffel_tower\c83f47ce86.jpg,eiffel_tower,real
dataset_synthetic\train\burj_khalifa\00287-2716773638.png,burj_khalifa,synthetic
dataset_synthetic\train\burj_khalifa\00246-2863073456.png,burj_khalifa,synthetic
dataset_synthetic\train\christ_the_reedemer\00051-3006335914.png,christ_the_reedemer,synthetic
dataset_synthetic\train\great_wall_of_china\00167-1607761947.png,great_wall_of_china,synthetic
dataset_synthetic\train\burj_khalifa\00208-2688549116.png,burj_khalifa,synthetic
dataset_real\train\eiffel_tower\304c42f98d.jpg,eiffel_tower,real
dataset_synthetic\train\roman_colosseum\00122-4069228224.png,roman_colosseum,synthetic
dataset_real\train\christ_the_reedemer\ee0ed0f698.jpg,christ_the_reedemer,real
dataset_real\train\christ_the_reedemer\b2b6be0971.jpg,christ_the_reedemer,real
dataset_synthetic\train\pyramids_of_giza\00057-2054659960.png,pyramids_of_giza,synthetic
dataset_real\train\pyramids_of_giza\39aa781beb.jpg,pyramids_of_giza,real
dataset_synthetic\train\eiffel_tower\00208-45903254.png,eiffel_tower,synthetic
dataset_synthetic\train\roman_colosseum\00096-2343411943.png,roman_colosseum,synthetic
dataset_real\train\burj_khalifa\aef3b58a74.jpg,burj_khalifa,real
dataset_real\train\statue_of_liberty\fcfca413f1.jpg,statue_of_liberty,real
dataset_synthetic\train\burj_khalifa\00117-4109332485.png,burj_khalifa,synthetic
dataset_real\train\eiffel_tower\e49df1fc55.jpg,eiffel_tower,real
dataset_real\train\eiffel_tower\5482926863.jpg,eiffel_tower,real
dataset_real\train\chichen_itza\7869e81f7c.jpg,chichen_itza,real
dataset_synthetic\train\chichen_itza\00224-4190620861.png,chichen_itza,synthetic
dataset_synthetic\train\eiffel_tower\00077-2409094511.png,eiffel_tower,synthetic
dataset_synthetic\train\chichen_itza\00018-354526605.png,chichen_itza,synthetic
dataset_real\train\chichen_itza\24c3388b1d.jpg,chichen_itza,real
dataset_synthetic\train\christ_the_reedemer\00250-2017116366.png,christ_the_reedemer,synthetic
dataset_real\train\roman_colosseum\3cd396c585.jpg,roman_colosseum,real
dataset_synthetic\train\chichen_itza\00252-1829905837.png,chichen_itza,synthetic
dataset_real\train\pyramids_of_giza\bb3db0ad09.jpg,pyramids_of_giza,real
dataset_synthetic\train\pyramids_of_giza\00065-2984508817.png,pyramids_of_giza,synthetic
dataset_synthetic\train\chichen_itza\00002-354526589.png,chichen_itza,synthetic
dataset_synthetic\train\roman_colosseum\00132-4069228234.png,roman_colosseum,synthetic
dataset_real\train\great_wall_of_china\49000469bf.jpg,great_wall_of_china,real
dataset_real\train\burj_khalifa\f80723e2ad.jpg,burj_khalifa,real
dataset_real\train\pyramids_of_giza\d78358fe7d.jpg,pyramids_of_giza,real
dataset_real\train\burj_khalifa\2bf04632bc.jpg,burj_khalifa,real
dataset_real\train\pyramids_of_giza\929f3cc3ed.jpg,pyramids_of_giza,real
dataset_synthetic\train\great_wall_of_china\00021-1860489321.png,great_wall_of_china,synthetic
dataset_real\train\christ_the_reedemer\851a254199.jpg,christ_the_reedemer,real
dataset_real\train\eiffel_tower\7ed19565a7.jpg,eiffel_tower,real
dataset_real\train\burj_khalifa\b67773fb09.jpg,burj_khalifa,real
dataset_synthetic\train\chichen_itza\00000-817939075.png,chichen_itza,synthetic
dataset_real\train\chichen_itza\c56a6ed2f4.jpg,chichen_itza,real
dataset_real\train\roman_colosseum\90bc0fbadb.jpg,roman_colosseum,real
dataset_real\train\christ_the_reedemer\799c0d200b.jpg,christ_the_reedemer,real
dataset_real\train\eiffel_tower\0e70c2acf7.jpg,eiffel_tower,real
dataset_synthetic\train\eiffel_tower\00180-45903226.png,eiffel_tower,synthetic
dataset_synthetic\train\eiffel_tower\00277-162160938.png,eiffel_tower,synthetic
dataset_real\train\christ_the_reedemer\407d73bdec.jpg,christ_the_reedemer,real
dataset_real\train\eiffel_tower\8351606a65.jpg,eiffel_tower,real
dataset_synthetic\train\pyramids_of_giza\00089-2984508841.png,pyramids_of_giza,synthetic
dataset_real\train\great_wall_of_china\3d09f12361.jpg,great_wall_of_china,real
dataset_real\train\statue_of_liberty\318762fd2e.jpg,statue_of_liberty,real
dataset_real\train\great_wall_of_china\c297c38a75.jpg,great_wall_of_china,real
dataset_synthetic\train\chichen_itza\00029-354526616.png,chichen_itza,synthetic
dataset_synthetic\train\chichen_itza\00092-3888410403.png,chichen_itza,synthetic
dataset_real\train\great_wall_of_china\5d1f55b7d8.jpg,great_wall_of_china,real
dataset_synthetic\train\burj_khalifa\00095-4109332463.png,burj_khalifa,synthetic
dataset_real\train\great_wall_of_china\5bcc69d401.jpg,great_wall_of_china,real
dataset_synthetic\train\christ_the_reedemer\00091-2389616911.png,christ_the_reedemer,synthetic
dataset_real\train\christ_the_reedemer\f5c091cdaf.jpg,christ_the_reedemer,real
dataset_real\train\roman_colosseum\4d9ea3e5a1.jpg,roman_colosseum,real
dataset_real\train\pyramids_of_giza\6c3904cd0c.jpg,pyramids_of_giza,real
dataset_real\train\eiffel_tower\85b94fd46f.jpg,eiffel_tower,real
dataset_real\train\christ_the_reedemer\597d5960f9.jpg,christ_the_reedemer,real
dataset_synthetic\train\pyramids_of_giza\00157-2205670333.png,pyramids_of_giza,synthetic
dataset_synthetic\train\pyramids_of_giza\00128-962878666.png,pyramids_of_giza,synthetic
dataset_real\train\roman_colosseum\b53248e6e3.jpg,roman_colosseum,real
dataset_real\train\chichen_itza\e67c966027.jpg,chichen_itza,real
dataset_real\train\chichen_itza\a0b4222819.jpg,chichen_itza,real
dataset_synthetic\train\pyramids_of_giza\00098-942607756.png,pyramids_of_giza,synthetic
dataset_real\train\eiffel_tower\cd0d9d3278.jpg,eiffel_tower,real
dataset_real\train\burj_khalifa\cbc500b52e.jpg,burj_khalifa,real
dataset_synthetic\train\eiffel_tower\00112-3388316057.png,eiffel_tower,synthetic
dataset_real\train\eiffel_tower\6bfa9a264b.jpg,eiffel_tower,real
dataset_synthetic\train\burj_khalifa\00102-4109332470.png,burj_khalifa,synthetic
dataset_synthetic\train\burj_khalifa\00012-2682522065.png,burj_khalifa,synthetic
dataset_real\train\great_wall_of_china\90ef37ceff.jpg,great_wall_of_china,real
dataset_synthetic\train\chichen_itza\00124-1654904555.png,chichen_itza,synthetic
dataset_real\train\great_wall_of_china\77f8019298.jpg,great_wall_of_china,real
dataset_synthetic\train\great_wall_of_china\00154-1607761934.png,great_wall_of_china,synthetic
dataset_synthetic\train\roman_colosseum\00107-2343411954.png,roman_colosseum,synthetic
dataset_real\train\pyramids_of_giza\5bc57c0182.jpg,pyramids_of_giza,real
dataset_real\train\chichen_itza\1989793613.jpg,chichen_itza,real
dataset_synthetic\train\roman_colosseum\00002-3704602067.png,roman_colosseum,synthetic
dataset_real\train\burj_khalifa\1a8bec2b8d.jpg,burj_khalifa,real
dataset_real\train\pyramids_of_giza\d641703d91.jpg,pyramids_of_giza,real
dataset_synthetic\train\christ_the_reedemer\00230-1121221021.png,christ_the_reedemer,synthetic
dataset_real\train\statue_of_liberty\614adfe1d9.jpg,statue_of_liberty,real
dataset_synthetic\train\statue_of_liberty\00621-4055323058.png,statue_of_liberty,synthetic
dataset_synthetic\train\eiffel_tower\00126-70550497.png,eiffel_tower,synthetic
dataset_synthetic\train\burj_khalifa\00001-2682522054.png,burj_khalifa,synthetic
dataset_real\train\christ_the_reedemer\aaef52ded5.jpg,christ_the_reedemer,real
dataset_real\train\burj_khalifa\3736b34793.jpg,burj_khalifa,real
dataset_real\train\christ_the_reedemer\5339bc9c82.jpg,christ_the_reedemer,real
dataset_synthetic\train\eiffel_tower\00263-1566552044.png,eiffel_tower,synthetic
dataset_real\train\roman_colosseum\38628d863e.jpg,roman_colosseum,real
dataset_synthetic\train\eiffel_tower\00215-2386103690.png,eiffel_tower,synthetic
dataset_synthetic\train\statue_of_liberty\00455-818305458.png,statue_of_liberty,synthetic
dataset_real\train\roman_colosseum\0d0a715cce.jpg,roman_colosseum,real
dataset_real\train\pyramids_of_giza\093af282b3.jpg,pyramids_of_giza,real
dataset_synthetic\train\great_wall_of_china\00037-1177815126.png,great_wall_of_china,synthetic
dataset_real\train\eiffel_tower\639d371d54.jpg,eiffel_tower,real
dataset_real\train\statue_of_liberty\29482f262d.jpg,statue_of_liberty,real
dataset_synthetic\train\burj_khalifa\00271-2716773622.png,burj_khalifa,synthetic
dataset_real\train\eiffel_tower\2f2f4b351e.jpg,eiffel_tower,real
dataset_synthetic\train\pyramids_of_giza\00263-3340261373.png,pyramids_of_giza,synthetic
dataset_real\train\eiffel_tower\9326871ae7.jpg,eiffel_tower,real
dataset_real\train\chichen_itza\10381cc757.jpg,chichen_itza,real
dataset_real\train\chichen_itza\cef5c7d05b.jpg,chichen_itza,real
dataset_synthetic\train\burj_khalifa\00052-3281528417.png,burj_khalifa,synthetic
dataset_real\train\pyramids_of_giza\eec64ce630.jpg,pyramids_of_giza,real
dataset_real\train\eiffel_tower\d60c486c0c.jpg,eiffel_tower,real
dataset_real\train\pyramids_of_giza\6f16ee2ad2.jpg,pyramids_of_giza,real
dataset_real\train\pyramids_of_giza\9447c79bd7.jpg,pyramids_of_giza,real
dataset_real\train\chichen_itza\97767e703b.jpg,chichen_itza,real
dataset_synthetic\train\burj_khalifa\00248-2863073458.png,burj_khalifa,synthetic
dataset_real\train\burj_khalifa\29e446f509.jpg,burj_khalifa,real
dataset_real\train\pyramids_of_giza\5906f3dbb9.jpg,pyramids_of_giza,real
dataset_synthetic\train\chichen_itza\00232-4190620869.png,chichen_itza,synthetic
dataset_real\train\burj_khalifa\e13127220c.jpg,burj_khalifa,real
dataset_synthetic\train\burj_khalifa\00148-1813382836.png,burj_khalifa,synthetic
dataset_real\train\chichen_itza\89670c9767.jpg,chichen_itza,real
dataset_real\train\chichen_itza\4e194bbe49.jpg,chichen_itza,real
dataset_synthetic\train\great_wall_of_china\00044-1177815133.png,great_wall_of_china,synthetic
dataset_real\train\eiffel_tower\9e7a10af0f.jpg,eiffel_tower,real
dataset_synthetic\train\chichen_itza\00079-2079455172.png,chichen_itza,synthetic
dataset_real\train\great_wall_of_china\92dfbce88d.jpg,great_wall_of_china,real
dataset_synthetic\train\eiffel_tower\00294-162160955.png,eiffel_tower,synthetic
dataset_synthetic\train\great_wall_of_china\00233-4011577248.png,great_wall_of_china,synthetic
dataset_synthetic\train\roman_colosseum\00204-1974243523.png,roman_colosseum,synthetic
dataset_synthetic\train\pyramids_of_giza\00237-3159135376.png,pyramids_of_giza,synthetic
dataset_real\train\christ_the_reedemer\f6954ee29a.jpg,christ_the_reedemer,real
dataset_real\train\roman_colosseum\5d86acbcac.jpg,roman_colosseum,real
dataset_real\train\chichen_itza\0bcee0d77f.jpg,chichen_itza,real
dataset_synthetic\train\pyramids_of_giza\00118-942607776.png,pyramids_of_giza,synthetic
dataset_real\train\great_wall_of_china\315db234b0.jpg,great_wall_of_china,real
dataset_synthetic\train\burj_khalifa\00269-2863073479.png,burj_khalifa,synthetic
dataset_synthetic\train\burj_khalifa\00239-2852982643.png,burj_khalifa,synthetic
dataset_real\train\great_wall_of_china\6348d4b74f.jpg,great_wall_of_china,real
dataset_synthetic\train\chichen_itza\00097-3888410408.png,chichen_itza,synthetic
dataset_real\train\chichen_itza\5abf5d4e63.jpg,chichen_itza,real
dataset_real\train\statue_of_liberty\c6d001ef36.jpg,statue_of_liberty,real
dataset_synthetic\train\great_wall_of_china\00083-2389887079.png,great_wall_of_china,synthetic
dataset_synthetic\train\eiffel_tower\00151-1848933950.png,eiffel_tower,synthetic
dataset_real\train\burj_khalifa\6532e3111e.jpg,burj_khalifa,real
dataset_real\train\burj_khalifa\a3662fa504.jpg,burj_khalifa,real
dataset_real\train\chichen_itza\d5b8168e80.jpg,chichen_itza,real
dataset_synthetic\train\eiffel_tower\00055-1984749108.png,eiffel_tower,synthetic
dataset_real\train\burj_khalifa\5011d79f48.jpg,burj_khalifa,real
dataset_synthetic\train\christ_the_reedemer\00098-2389616918.png,christ_the_reedemer,synthetic
dataset_synthetic\train\pyramids_of_giza\00138-962878676.png,pyramids_of_giza,synthetic
dataset_real\train\christ_the_reedemer\4357930c7a.jpg,christ_the_reedemer,real
dataset_real\train\pyramids_of_giza\adc9952f56.jpg,pyramids_of_giza,real
dataset_real\train\great_wall_of_china\207018cddb.jpg,great_wall_of_china,real
dataset_synthetic\train\great_wall_of_china\00074-2389887070.png,great_wall_of_china,synthetic
dataset_synthetic\train\christ_the_reedemer\00092-2389616912.png,christ_the_reedemer,synthetic
dataset_real\train\christ_the_reedemer\233d10e52d.jpg,christ_the_reedemer,real
dataset_real\train\great_wall_of_china\e8a727d55e.jpg,great_wall_of_china,real
dataset_synthetic\train\roman_colosseum\00148-1009224246.png,roman_colosseum,synthetic
dataset_synthetic\train\roman_colosseum\00000-3704602065.png,roman_colosseum,synthetic
dataset_synthetic\train\statue_of_liberty\00550-3937903694.png,statue_of_liberty,synthetic
dataset_synthetic\train\statue_of_liberty\00434-3674376590.png,statue_of_liberty,synthetic
dataset_synthetic\train\great_wall_of_china\00168-1607761948.png,great_wall_of_china,synthetic
dataset_synthetic\train\christ_the_reedemer\00223-1121221014.png,christ_the_reedemer,synthetic
dataset_synthetic\train\christ_the_reedemer\00119-3552515813.png,christ_the_reedemer,synthetic
dataset_real\train\eiffel_tower\83edf16aa6.jpg,eiffel_tower,real
dataset_real\train\christ_the_reedemer\dad36f7aeb.jpg,christ_the_reedemer,real
dataset_real\train\roman_colosseum\bf82ae41e1.jpg,roman_colosseum,real
dataset_synthetic\train\roman_colosseum\00060-1525667150.png,roman_colosseum,synthetic
dataset_real\train\great_wall_of_china\28bcb6b53a.jpg,great_wall_of_china,real
dataset_synthetic\train\statue_of_liberty\00552-3937903696.png,statue_of_liberty,synthetic
dataset_real\train\pyramids_of_giza\160cfc7e9d.jpg,pyramids_of_giza,real
dataset_real\train\great_wall_of_china\819754dbd5.jpg,great_wall_of_china,real
dataset_synthetic\train\chichen_itza\00219-4190620856.png,chichen_itza,synthetic
dataset_synthetic\train\great_wall_of_china\00208-2026541316.png,great_wall_of_china,synthetic
dataset_real\train\great_wall_of_china\82a031f8a2.jpg,great_wall_of_china,real
dataset_synthetic\train\great_wall_of_china\00242-4085978408.png,great_wall_of_china,synthetic
dataset_synthetic\train\roman_colosseum\00105-2343411952.png,roman_colosseum,synthetic
dataset_synthetic\train\roman_colosseum\00149-1009224247.png,roman_colosseum,synthetic
dataset_real\train\burj_khalifa\89cd50f28a.jpg,burj_khalifa,real
dataset_synthetic\train\chichen_itza\00013-817939088.png,chichen_itza,synthetic
dataset_real\train\eiffel_tower\7504a57fc4.jpg,eiffel_tower,real
dataset_synthetic\train\chichen_itza\00193-1342241948.png,chichen_itza,synthetic
dataset_real\train\burj_khalifa\cfbbc602db.jpg,burj_khalifa,real
dataset_real\train\burj_khalifa\1152feeac0.jpg,burj_khalifa,real
dataset_real\train\pyramids_of_giza\121df715e0.jpg,pyramids_of_giza,real
dataset_synthetic\train\statue_of_liberty\00439-3674376595.png,statue_of_liberty,synthetic
dataset_synthetic\train\burj_khalifa\00294-2716773645.png,burj_khalifa,synthetic
dataset_real\train\pyramids_of_giza\f91e363ae9.jpg,pyramids_of_giza,real
dataset_real\train\christ_the_reedemer\425ae18366.jpg,christ_the_reedemer,real
dataset_real\train\roman_colosseum\3d2ffab16d.jpg,roman_colosseum,real
dataset_synthetic\train\burj_khalifa\00122-1813382810.png,burj_khalifa,synthetic
dataset_real\train\statue_of_liberty\c4f98b9d22.jpg,statue_of_liberty,real
dataset_real\train\christ_the_reedemer\58a4935e74.jpg,christ_the_reedemer,real
dataset_real\train\christ_the_reedemer\630de83ac4.jpg,christ_the_reedemer,real
dataset_synthetic\train\statue_of_liberty\00470-818305473.png,statue_of_liberty,synthetic
dataset_synthetic\train\burj_khalifa\00182-2688549090.png,burj_khalifa,synthetic
dataset_real\train\eiffel_tower\1a4c052723.jpg,eiffel_tower,real
dataset_synthetic\train\burj_khalifa\00279-2716773630.png,burj_khalifa,synthetic
dataset_real\train\eiffel_tower\907dbaa5ac.jpg,eiffel_tower,real
dataset_synthetic\train\christ_the_reedemer\00060-2397697045.png,christ_the_reedemer,synthetic
dataset_synthetic\train\christ_the_reedemer\00285-3045517148.png,christ_the_reedemer,synthetic
dataset_real\train\burj_khalifa\208f7bd86a.jpg,burj_khalifa,real
dataset_synthetic\train\statue_of_liberty\00446-3674376602.png,statue_of_liberty,synthetic
dataset_real\train\burj_khalifa\f08e31b755.jpg,burj_khalifa,real
dataset_real\train\roman_colosseum\217adec6f3.jpg,roman_colosseum,real
dataset_synthetic\train\roman_colosseum\00199-1974243518.png,roman_colosseum,synthetic
dataset_synthetic\train\roman_colosseum\00252-1881496547.png,roman_colosseum,synthetic
dataset_synthetic\train\christ_the_reedemer\00094-2389616914.png,christ_the_reedemer,synthetic
dataset_synthetic\train\christ_the_reedemer\00058-2397697043.png,christ_the_reedemer,synthetic
dataset_synthetic\train\chichen_itza\00108-3888410419.png,chichen_itza,synthetic
dataset_synthetic\train\roman_colosseum\00289-241878744.png,roman_colosseum,synthetic
dataset_synthetic\train\great_wall_of_china\00239-4011577254.png,great_wall_of_china,synthetic
dataset_real\train\eiffel_tower\747740da05.jpg,eiffel_tower,real
dataset_real\train\christ_the_reedemer\1fecb00390.jpg,christ_the_reedemer,real
dataset_real\train\great_wall_of_china\683f90fba8.jpg,great_wall_of_china,real
dataset_synthetic\train\eiffel_tower\00250-1566552031.png,eiffel_tower,synthetic
dataset_synthetic\train\pyramids_of_giza\00144-962878682.png,pyramids_of_giza,synthetic
dataset_real\train\statue_of_liberty\36dc4dda9b.jpg,statue_of_liberty,real
dataset_synthetic\train\pyramids_of_giza\00116-942607774.png,pyramids_of_giza,synthetic
dataset_real\train\great_wall_of_china\dc2e77c812.jpg,great_wall_of_china,real
dataset_synthetic\train\great_wall_of_china\00258-4085978424.png,great_wall_of_china,synthetic
dataset_real\train\pyramids_of_giza\87085ad6b2.jpg,pyramids_of_giza,real
dataset_synthetic\train\burj_khalifa\00155-2778414622.png,burj_khalifa,synthetic
dataset_real\train\chichen_itza\1ecfd82522.jpg,chichen_itza,real
dataset_real\train\roman_colosseum\3d25f5a0fb.jpg,roman_colosseum,real
dataset_synthetic\train\statue_of_liberty\00584-3964871333.png,statue_of_liberty,synthetic
dataset_real\train\eiffel_tower\4498a19509.jpg,eiffel_tower,real
dataset_synthetic\train\pyramids_of_giza\00000-4241466196.png,pyramids_of_giza,synthetic
dataset_synthetic\train\eiffel_tower\00146-70550517.png,eiffel_tower,synthetic
dataset_real\train\great_wall_of_china\a0da6c005b.jpg,great_wall_of_china,real
dataset_real\train\statue_of_liberty\7689584538.jpg,statue_of_liberty,real
dataset_synthetic\train\great_wall_of_china\00183-2026541291.png,great_wall_of_china,synthetic
dataset_real\train\eiffel_tower\de12f40f4f.jpg,eiffel_tower,real
dataset_real\train\roman_colosseum\111e7b61b7.jpg,roman_colosseum,real
dataset_synthetic\train\statue_of_liberty\00509-1791252951.png,statue_of_liberty,synthetic
dataset_real\train\pyramids_of_giza\ea9b5f579b.jpg,pyramids_of_giza,real
dataset_synthetic\train\roman_colosseum\00152-1009224250.png,roman_colosseum,synthetic
dataset_synthetic\train\eiffel_tower\00098-3388316043.png,eiffel_tower,synthetic
dataset_synthetic\train\christ_the_reedemer\00276-3045517139.png,christ_the_reedemer,synthetic
dataset_synthetic\train\burj_khalifa\00240-2863073450.png,burj_khalifa,synthetic
dataset_synthetic\train\roman_colosseum\00012-3704602077.png,roman_colosseum,synthetic
dataset_real\train\christ_the_reedemer\03ae4f2fad.jpg,christ_the_reedemer,real
dataset_synthetic\train\eiffel_tower\00068-2409094502.png,eiffel_tower,synthetic
dataset_real\train\christ_the_reedemer\774632e09f.jpg,christ_the_reedemer,real
dataset_real\train\great_wall_of_china\0c257b5375.jpg,great_wall_of_china,real
dataset_real\train\chichen_itza\1b678785ad.jpg,chichen_itza,real
dataset_synthetic\train\pyramids_of_giza\00012-4241466208.png,pyramids_of_giza,synthetic
dataset_real\train\roman_colosseum\6872eefe7b.jpg,roman_colosseum,real
dataset_synthetic\train\eiffel_tower\00272-162160933.png,eiffel_tower,synthetic
dataset_synthetic\train\burj_khalifa\00043-3281528408.png,burj_khalifa,synthetic
dataset_synthetic\train\pyramids_of_giza\00230-3159135369.png,pyramids_of_giza,synthetic
dataset_real\train\pyramids_of_giza\21ff3d9116.jpg,pyramids_of_giza,real
dataset_synthetic\train\roman_colosseum\00284-241878739.png,roman_colosseum,synthetic
dataset_synthetic\train\chichen_itza\00145-1654904576.png,chichen_itza,synthetic
dataset_real\train\christ_the_reedemer\f981f5ce8e.jpg,christ_the_reedemer,real
dataset_synthetic\train\pyramids_of_giza\00295-39524440.png,pyramids_of_giza,synthetic
dataset_real\train\great_wall_of_china\66d86b95e9.jpg,great_wall_of_china,real
dataset_real\train\roman_colosseum\0e00dfa7c9.jpg,roman_colosseum,real
dataset_synthetic\train\statue_of_liberty\00486-3884271010.png,statue_of_liberty,synthetic
dataset_real\train\statue_of_liberty\48900357db.jpg,statue_of_liberty,real
dataset_real\train\great_wall_of_china\730b1ffc1e.jpg,great_wall_of_china,real
dataset_synthetic\train\roman_colosseum\00045-2283819994.png,roman_colosseum,synthetic
dataset_real\train\great_wall_of_china\e5cb5f1d31.jpg,great_wall_of_china,real
dataset_synthetic\train\roman_colosseum\00101-2343411948.png,roman_colosseum,synthetic
dataset_real\train\statue_of_liberty\f646977878.jpg,statue_of_liberty,real
dataset_synthetic\train\roman_colosseum\00051-2283820000.png,roman_colosseum,synthetic
dataset_synthetic\train\christ_the_reedemer\00205-1121220996.png,christ_the_reedemer,synthetic
dataset_real\train\roman_colosseum\4a2705935c.jpg,roman_colosseum,real
dataset_real\train\pyramids_of_giza\6b98d9b744.jpg,pyramids_of_giza,real
dataset_synthetic\train\christ_the_reedemer\00025-3006335888.png,christ_the_reedemer,synthetic
dataset_real\train\burj_khalifa\ea5a06804c.jpg,burj_khalifa,real
dataset_real\train\statue_of_liberty\e170a77760.jpg,statue_of_liberty,real
dataset_synthetic\train\burj_khalifa\00259-2863073469.png,burj_khalifa,synthetic
dataset_real\train\pyramids_of_giza\c4562492d4.jpg,pyramids_of_giza,real
dataset_real\train\christ_the_reedemer\ce7f867b41.jpg,christ_the_reedemer,real
dataset_real\train\chichen_itza\28006c09b3.jpg,chichen_itza,real
dataset_synthetic\train\pyramids_of_giza\00245-3340261355.png,pyramids_of_giza,synthetic
dataset_synthetic\train\statue_of_liberty\00587-3964871336.png,statue_of_liberty,synthetic
dataset_synthetic\train\burj_khalifa\00065-3346071101.png,burj_khalifa,synthetic
dataset_real\train\eiffel_tower\ee8bf58e3e.jpg,eiffel_tower,real
dataset_synthetic\train\eiffel_tower\00149-70550520.png,eiffel_tower,synthetic
dataset_synthetic\train\christ_the_reedemer\00153-423565291.png,christ_the_reedemer,synthetic
dataset_synthetic\train\burj_khalifa\00005-2682522058.png,burj_khalifa,synthetic
dataset_real\train\great_wall_of_china\1393233ecd.jpg,great_wall_of_china,real
dataset_synthetic\train\roman_colosseum\00054-2283820003.png,roman_colosseum,synthetic
dataset_real\train\statue_of_liberty\2dbbcdd0ee.jpg,statue_of_liberty,real
dataset_synthetic\train\statue_of_liberty\00364-174988322.png,statue_of_liberty,synthetic
dataset_synthetic\train\great_wall_of_china\00209-2026541317.png,great_wall_of_china,synthetic
dataset_synthetic\train\burj_khalifa\00051-3281528416.png,burj_khalifa,synthetic
dataset_synthetic\train\eiffel_tower\00113-3388316058.png,eiffel_tower,synthetic
dataset_synthetic\train\statue_of_liberty\00417-1169046328.png,statue_of_liberty,synthetic
dataset_synthetic\train\roman_colosseum\00235-1225658213.png,roman_colosseum,synthetic
dataset_synthetic\train\pyramids_of_giza\00109-942607767.png,pyramids_of_giza,synthetic
dataset_synthetic\train\pyramids_of_giza\00105-942607763.png,pyramids_of_giza,synthetic
dataset_real\train\burj_khalifa\883f2843d5.jpg,burj_khalifa,real
dataset_synthetic\train\statue_of_liberty\00626-4055323063.png,statue_of_liberty,synthetic
dataset_synthetic\train\pyramids_of_giza\00111-942607769.png,pyramids_of_giza,synthetic
dataset_synthetic\train\eiffel_tower\00042-1984749095.png,eiffel_tower,synthetic
dataset_real\train\eiffel_tower\3a578dae57.jpg,eiffel_tower,real
dataset_real\train\burj_khalifa\248edd395c.jpg,burj_khalifa,real
dataset_synthetic\train\statue_of_liberty\00497-3884271021.png,statue_of_liberty,synthetic
dataset_synthetic\train\pyramids_of_giza\00092-942607750.png,pyramids_of_giza,synthetic
dataset_synthetic\train\great_wall_of_china\00247-4085978413.png,great_wall_of_china,synthetic
dataset_synthetic\train\eiffel_tower\00246-1566552027.png,eiffel_tower,synthetic
dataset_real\train\roman_colosseum\364e7089bb.jpg,roman_colosseum,real
dataset_synthetic\train\chichen_itza\00169-1856050881.png,chichen_itza,synthetic
dataset_synthetic\train\christ_the_reedemer\00138-3552515832.png,christ_the_reedemer,synthetic
dataset_synthetic\train\eiffel_tower\00211-2386103686.png,eiffel_tower,synthetic
dataset_real\train\roman_colosseum\14e627a292.jpg,roman_colosseum,real
dataset_real\train\statue_of_liberty\3d797d9604.jpg,statue_of_liberty,real
dataset_real\train\christ_the_reedemer\3b7428ec69.jpg,christ_the_reedemer,real
dataset_real\train\eiffel_tower\d13b95f24a.jpg,eiffel_tower,real
dataset_real\train\roman_colosseum\85a47d9b2d.jpg,roman_colosseum,real
dataset_real\train\christ_the_reedemer\33ec5052cf.jpg,christ_the_reedemer,real
dataset_real\train\christ_the_reedemer\3d6470e199.jpg,christ_the_reedemer,real
dataset_real\train\chichen_itza\cbf09b934c.jpg,chichen_itza,real
dataset_synthetic\train\eiffel_tower\00018-3137921703.png,eiffel_tower,synthetic
dataset_synthetic\train\roman_colosseum\00064-1525667154.png,roman_colosseum,synthetic
dataset_real\train\chichen_itza\a7057010a6.jpg,chichen_itza,real
dataset_real\train\eiffel_tower\968ee9b6b3.jpg,eiffel_tower,real
dataset_synthetic\train\pyramids_of_giza\00215-3159135354.png,pyramids_of_giza,synthetic
dataset_real\train\christ_the_reedemer\bac01cdab7.jpg,christ_the_reedemer,real
dataset_synthetic\train\eiffel_tower\00110-3388316055.png,eiffel_tower,synthetic
dataset_real\train\pyramids_of_giza\c83cfa2ed4.jpg,pyramids_of_giza,real
dataset_synthetic\train\pyramids_of_giza\00197-4087309976.png,pyramids_of_giza,synthetic
dataset_synthetic\train\pyramids_of_giza\00207-4087309986.png,pyramids_of_giza,synthetic
dataset_real\train\roman_colosseum\8558572053.jpg,roman_colosseum,real
dataset_synthetic\train\great_wall_of_china\00210-4011577225.png,great_wall_of_china,synthetic
dataset_real\train\roman_colosseum\b7e52dd1c6.jpg,roman_colosseum,real
dataset_synthetic\train\eiffel_tower\00073-2409094507.png,eiffel_tower,synthetic
dataset_synthetic\train\christ_the_reedemer\00099-2389616919.png,christ_the_reedemer,synthetic
dataset_synthetic\train\christ_the_reedemer\00171-423565309.png,christ_the_reedemer,synthetic
dataset_synthetic\train\roman_colosseum\00134-4069228236.png,roman_colosseum,synthetic
dataset_synthetic\train\christ_the_reedemer\00122-3552515816.png,christ_the_reedemer,synthetic
dataset_synthetic\train\roman_colosseum\00163-1009224261.png,roman_colosseum,synthetic
dataset_synthetic\train\chichen_itza\00239-4190620876.png,chichen_itza,synthetic
dataset_synthetic\train\statue_of_liberty\00646-2648309724.png,statue_of_liberty,synthetic
dataset_synthetic\train\great_wall_of_china\00199-2026541307.png,great_wall_of_china,synthetic
dataset_synthetic\train\great_wall_of_china\00092-920026923.png,great_wall_of_china,synthetic
dataset_real\train\roman_colosseum\6c6dc19be1.jpg,roman_colosseum,real
dataset_synthetic\train\roman_colosseum\00265-1881496560.png,roman_colosseum,synthetic
dataset_synthetic\train\chichen_itza\00263-1829905848.png,chichen_itza,synthetic
dataset_real\train\great_wall_of_china\3d468e977e.jpg,great_wall_of_china,real
dataset_synthetic\train\pyramids_of_giza\00107-942607765.png,pyramids_of_giza,synthetic
dataset_real\train\great_wall_of_china\16d77ae652.jpg,great_wall_of_china,real
dataset_synthetic\train\pyramids_of_giza\00026-4241466222.png,pyramids_of_giza,synthetic
dataset_real\train\great_wall_of_china\66eb0f0562.jpg,great_wall_of_china,real
dataset_synthetic\train\great_wall_of_china\00185-2026541293.png,great_wall_of_china,synthetic
dataset_real\train\chichen_itza\14a2811999.jpg,chichen_itza,real
dataset_real\train\roman_colosseum\a12e46e83a.jpg,roman_colosseum,real
dataset_real\train\chichen_itza\4f4dcddb67.jpg,chichen_itza,real
dataset_real\train\great_wall_of_china\ad76445bb4.jpg,great_wall_of_china,real
dataset_real\train\chichen_itza\40a42cba6a.jpg,chichen_itza,real
dataset_real\train\chichen_itza\44cb625a72.jpg,chichen_itza,real
dataset_synthetic\train\pyramids_of_giza\00175-2205670351.png,pyramids_of_giza,synthetic
dataset_synthetic\train\statue_of_liberty\00580-3964871329.png,statue_of_liberty,synthetic
dataset_synthetic\train\great_wall_of_china\00004-1860489304.png,great_wall_of_china,synthetic
dataset_real\train\pyramids_of_giza\79fa5b5212.jpg,pyramids_of_giza,real
dataset_synthetic\train\roman_colosseum\00085-1525667175.png,roman_colosseum,synthetic
dataset_real\train\christ_the_reedemer\ac3f9ab4fb.jpg,christ_the_reedemer,real
dataset_synthetic\train\pyramids_of_giza\00220-3159135359.png,pyramids_of_giza,synthetic
dataset_synthetic\train\great_wall_of_china\00151-1607761931.png,great_wall_of_china,synthetic
dataset_synthetic\train\chichen_itza\00047-2669227201.png,chichen_itza,synthetic
dataset_synthetic\train\statue_of_liberty\00619-4055323056.png,statue_of_liberty,synthetic
dataset_synthetic\train\chichen_itza\00104-3888410415.png,chichen_itza,synthetic
dataset_synthetic\train\eiffel_tower\00085-2409094519.png,eiffel_tower,synthetic
dataset_synthetic\train\great_wall_of_china\00076-2389887072.png,great_wall_of_china,synthetic
dataset_synthetic\train\christ_the_reedemer\00165-423565303.png,christ_the_reedemer,synthetic
dataset_real\train\chichen_itza\a6f6795202.jpg,chichen_itza,real
dataset_real\train\burj_khalifa\d9d143eaaf.jpg,burj_khalifa,real
dataset_real\train\christ_the_reedemer\185baab42c.jpg,christ_the_reedemer,real
dataset_real\train\statue_of_liberty\d0caf19496.jpg,statue_of_liberty,real
dataset_real\train\great_wall_of_china\feefda42b1.jpg,great_wall_of_china,real
dataset_real\train\pyramids_of_giza\bacd3a6213.jpg,pyramids_of_giza,real
dataset_synthetic\train\burj_khalifa\00251-2863073461.png,burj_khalifa,synthetic
dataset_synthetic\train\pyramids_of_giza\00040-2054659943.png,pyramids_of_giza,synthetic
dataset_real\train\statue_of_liberty\5f866d136e.jpg,statue_of_liberty,real
dataset_synthetic\train\eiffel_tower\00286-162160947.png,eiffel_tower,synthetic
dataset_synthetic\train\roman_colosseum\00017-3704602082.png,roman_colosseum,synthetic
dataset_real\train\pyramids_of_giza\a0d7d1c91f.jpg,pyramids_of_giza,real
dataset_real\train\statue_of_liberty\f5bca46408.jpg,statue_of_liberty,real
dataset_real\train\christ_the_reedemer\812df26853.jpg,christ_the_reedemer,real
dataset_real\train\great_wall_of_china\4ef46363c0.jpg,great_wall_of_china,real
dataset_synthetic\train\great_wall_of_china\00148-2449295051.png,great_wall_of_china,synthetic
dataset_synthetic\train\christ_the_reedemer\00112-3552515806.png,christ_the_reedemer,synthetic
dataset_synthetic\train\chichen_itza\00163-1856050875.png,chichen_itza,synthetic
dataset_real\train\roman_colosseum\16e025538f.jpg,roman_colosseum,real
dataset_synthetic\train\great_wall_of_china\00265-4085978431.png,great_wall_of_china,synthetic
dataset_synthetic\train\eiffel_tower\00086-2409094520.png,eiffel_tower,synthetic
dataset_synthetic\train\burj_khalifa\00177-2778414644.png,burj_khalifa,synthetic
dataset_synthetic\train\great_wall_of_china\00124-2449295027.png,great_wall_of_china,synthetic
dataset_real\train\christ_the_reedemer\0ec562b1ba.jpg,christ_the_reedemer,real
dataset_synthetic\train\roman_colosseum\00084-1525667174.png,roman_colosseum,synthetic
dataset_real\train\burj_khalifa\710733a6d7.jpg,burj_khalifa,real
dataset_synthetic\train\statue_of_liberty\00610-4055323047.png,statue_of_liberty,synthetic
dataset_real\train\chichen_itza\8dba332964.jpg,chichen_itza,real
dataset_synthetic\train\pyramids_of_giza\00129-962878667.png,pyramids_of_giza,synthetic
dataset_synthetic\train\great_wall_of_china\00176-1607761956.png,great_wall_of_china,synthetic
dataset_synthetic\train\statue_of_liberty\00383-174988341.png,statue_of_liberty,synthetic
dataset_synthetic\train\christ_the_reedemer\00086-2389616906.png,christ_the_reedemer,synthetic
dataset_real\train\burj_khalifa\a5b18dd425.jpg,burj_khalifa,real
dataset_synthetic\train\pyramids_of_giza\00001-4241466197.png,pyramids_of_giza,synthetic
dataset_synthetic\train\christ_the_reedemer\00268-3045517131.png,christ_the_reedemer,synthetic
dataset_synthetic\train\great_wall_of_china\00111-920026942.png,great_wall_of_china,synthetic
dataset_real\train\burj_khalifa\6d47f76fdc.jpg,burj_khalifa,real
dataset_real\train\chichen_itza\577f97f437.jpg,chichen_itza,real
dataset_real\train\statue_of_liberty\8dbeb0721a.jpg,statue_of_liberty,real
dataset_real\train\eiffel_tower\30e2522357.jpg,eiffel_tower,real
dataset_synthetic\train\chichen_itza\00064-2079455157.png,chichen_itza,synthetic
dataset_synthetic\train\great_wall_of_china\00217-4011577232.png,great_wall_of_china,synthetic
dataset_synthetic\train\roman_colosseum\00264-1881496559.png,roman_colosseum,synthetic
dataset_real\train\roman_colosseum\832a566d8d.jpg,roman_colosseum,real
dataset_real\train\eiffel_tower\27de29068c.jpg,eiffel_tower,real
dataset_synthetic\train\statue_of_liberty\00449-818305452.png,statue_of_liberty,synthetic
dataset_real\train\great_wall_of_china\0859cceb85.jpg,great_wall_of_china,real
dataset_real\train\eiffel_tower\f45f26e48f.jpg,eiffel_tower,real
dataset_real\train\christ_the_reedemer\c85a4b2299.jpg,christ_the_reedemer,real
dataset_synthetic\train\roman_colosseum\00106-2343411953.png,roman_colosseum,synthetic
dataset_real\train\great_wall_of_china\3d144987c7.jpg,great_wall_of_china,real
dataset_synthetic\train\pyramids_of_giza\00222-3159135361.png,pyramids_of_giza,synthetic
dataset_real\train\chichen_itza\dcac16ed4c.jpg,chichen_itza,real
dataset_real\train\eiffel_tower\95e4cd720c.jpg,eiffel_tower,real
dataset_real\train\burj_khalifa\bc28c40828.jpg,burj_khalifa,real
dataset_real\train\pyramids_of_giza\6f0c28269c.jpg,pyramids_of_giza,real
dataset_synthetic\train\roman_colosseum\00076-1525667166.png,roman_colosseum,synthetic
dataset_real\train\christ_the_reedemer\1664dfaedc.jpg,christ_the_reedemer,real
dataset_real\train\pyramids_of_giza\f5dca1ffb6.jpg,pyramids_of_giza,real
dataset_synthetic\train\great_wall_of_china\00070-2389887066.png,great_wall_of_china,synthetic
dataset_synthetic\train\eiffel_tower\00019-3137921704.png,eiffel_tower,synthetic
dataset_synthetic\train\christ_the_reedemer\00061-2397697046.png,christ_the_reedemer,synthetic
dataset_real\train\burj_khalifa\01f75e9545.jpg,burj_khalifa,real
dataset_synthetic\train\christ_the_reedemer\00114-3552515808.png,christ_the_reedemer,synthetic
dataset_synthetic\train\statue_of_liberty\00527-1791252969.png,statue_of_liberty,synthetic
dataset_real\train\burj_khalifa\3afd543286.jpg,burj_khalifa,real
dataset_real\train\chichen_itza\84d6c1a7fd.jpg,chichen_itza,real
dataset_synthetic\train\burj_khalifa\00007-2682522060.png,burj_khalifa,synthetic
dataset_synthetic\train\eiffel_tower\00253-1566552034.png,eiffel_tower,synthetic
dataset_synthetic\train\great_wall_of_china\00106-920026937.png,great_wall_of_china,synthetic
dataset_real\train\eiffel_tower\ec75764eb4.jpg,eiffel_tower,real
dataset_real\train\chichen_itza\8e198f0118.jpg,chichen_itza,real
dataset_synthetic\train\eiffel_tower\00114-3388316059.png,eiffel_tower,synthetic
dataset_real\train\eiffel_tower\b70ded6f6b.jpg,eiffel_tower,real
dataset_real\train\great_wall_of_china\2d8af13afa.jpg,great_wall_of_china,real
dataset_real\train\great_wall_of_china\5149550220.jpg,great_wall_of_china,real
dataset_synthetic\train\great_wall_of_china\00040-1177815129.png,great_wall_of_china,synthetic
dataset_synthetic\train\roman_colosseum\00027-3704602092.png,roman_colosseum,synthetic
dataset_real\train\roman_colosseum\f75399e25d.jpg,roman_colosseum,real
dataset_real\train\burj_khalifa\3d5b6ebd84.jpg,burj_khalifa,real
dataset_synthetic\train\eiffel_tower\00176-1848933975.png,eiffel_tower,synthetic
dataset_synthetic\train\great_wall_of_china\00107-920026938.png,great_wall_of_china,synthetic
dataset_synthetic\train\burj_khalifa\00181-2688549089.png,burj_khalifa,synthetic
dataset_real\train\eiffel_tower\82e1bc1e0a.jpg,eiffel_tower,real
dataset_real\train\pyramids_of_giza\5c5ababc66.jpg,pyramids_of_giza,real
dataset_synthetic\train\great_wall_of_china\00128-2449295031.png,great_wall_of_china,synthetic
dataset_synthetic\train\christ_the_reedemer\00225-1121221016.png,christ_the_reedemer,synthetic
dataset_synthetic\train\burj_khalifa\00173-2778414640.png,burj_khalifa,synthetic
dataset_real\train\roman_colosseum\48a21f1a59.jpg,roman_colosseum,real
dataset_synthetic\train\christ_the_reedemer\00291-3045517154.png,christ_the_reedemer,synthetic
dataset_real\train\burj_khalifa\2fa5e9103f.jpg,burj_khalifa,real
dataset_synthetic\train\roman_colosseum\00161-1009224259.png,roman_colosseum,synthetic
dataset_real\train\pyramids_of_giza\2d432bb685.jpg,pyramids_of_giza,real
dataset_real\train\roman_colosseum\618abcdf0d.jpg,roman_colosseum,real
dataset_real\train\roman_colosseum\f7b87ac6d5.jpg,roman_colosseum,real
dataset_synthetic\train\burj_khalifa\00217-2852982621.png,burj_khalifa,synthetic
dataset_real\train\burj_khalifa\2ffc67ce94.jpg,burj_khalifa,real
dataset_synthetic\train\chichen_itza\00129-1654904560.png,chichen_itza,synthetic
dataset_real\train\chichen_itza\ea759401b4.jpg,chichen_itza,real
dataset_synthetic\train\burj_khalifa\00103-4109332471.png,burj_khalifa,synthetic
dataset_real\train\pyramids_of_giza\0fdf496d65.jpg,pyramids_of_giza,real
dataset_synthetic\train\roman_colosseum\00189-1974243508.png,roman_colosseum,synthetic
dataset_synthetic\train\chichen_itza\00241-1829905826.png,chichen_itza,synthetic
dataset_synthetic\train\chichen_itza\00028-354526615.png,chichen_itza,synthetic
dataset_real\train\chichen_itza\8cfd6cdc14.jpg,chichen_itza,real
dataset_synthetic\train\great_wall_of_china\00190-2026541298.png,great_wall_of_china,synthetic
dataset_synthetic\train\chichen_itza\00160-1856050872.png,chichen_itza,synthetic
dataset_real\train\roman_colosseum\62e5631490.jpg,roman_colosseum,real
dataset_synthetic\train\burj_khalifa\00130-1813382818.png,burj_khalifa,synthetic
dataset_synthetic\train\pyramids_of_giza\00167-2205670343.png,pyramids_of_giza,synthetic
dataset_synthetic\train\eiffel_tower\00269-1566552050.png,eiffel_tower,synthetic
dataset_real\train\christ_the_reedemer\705bd1666d.jpg,christ_the_reedemer,real
dataset_real\train\statue_of_liberty\f4501075aa.jpg,statue_of_liberty,real
dataset_real\train\burj_khalifa\4e848e4819.jpg,burj_khalifa,real
dataset_synthetic\train\great_wall_of_china\00226-4011577241.png,great_wall_of_china,synthetic
dataset_synthetic\train\eiffel_tower\00257-1566552038.png,eiffel_tower,synthetic
dataset_real\train\roman_colosseum\284542183d.jpg,roman_colosseum,real
dataset_synthetic\train\roman_colosseum\00239-1881496534.png,roman_colosseum,synthetic
dataset_real\train\pyramids_of_giza\bc27e1f60f.jpg,pyramids_of_giza,real
dataset_synthetic\train\burj_khalifa\00004-2682522057.png,burj_khalifa,synthetic
dataset_synthetic\train\chichen_itza\00142-1654904573.png,chichen_itza,synthetic
dataset_real\train\burj_khalifa\79ae8da86c.jpg,burj_khalifa,real
dataset_synthetic\train\roman_colosseum\00268-241878723.png,roman_colosseum,synthetic
dataset_synthetic\train\christ_the_reedemer\00172-4094071598.png,christ_the_reedemer,synthetic
dataset_synthetic\train\pyramids_of_giza\00091-942607749.png,pyramids_of_giza,synthetic
dataset_real\train\statue_of_liberty\352e7e9b65.jpg,statue_of_liberty,real
dataset_real\train\pyramids_of_giza\2c585af73a.jpg,pyramids_of_giza,real
dataset_synthetic\train\eiffel_tower\00238-2386103713.png,eiffel_tower,synthetic
dataset_real\train\chichen_itza\bbf8282f26.jpg,chichen_itza,real
dataset_real\train\statue_of_liberty\26cc9d6ec7.jpg,statue_of_liberty,real
dataset_synthetic\train\chichen_itza\00102-3888410413.png,chichen_itza,synthetic
dataset_real\train\burj_khalifa\462accb957.jpg,burj_khalifa,real
dataset_synthetic\train\chichen_itza\00233-4190620870.png,chichen_itza,synthetic
dataset_real\train\statue_of_liberty\157a7600c8.jpg,statue_of_liberty,real
dataset_synthetic\train\christ_the_reedemer\00072-2397697057.png,christ_the_reedemer,synthetic
dataset_synthetic\train\burj_khalifa\00268-2863073478.png,burj_khalifa,synthetic
dataset_real\train\burj_khalifa\f42fe52e26.jpg,burj_khalifa,real
dataset_synthetic\train\great_wall_of_china\00192-2026541300.png,great_wall_of_china,synthetic
dataset_real\train\christ_the_reedemer\d20d898886.jpg,christ_the_reedemer,real
dataset_synthetic\train\christ_the_reedemer\00246-2017116362.png,christ_the_reedemer,synthetic
dataset_real\train\burj_khalifa\4dca5e7716.jpg,burj_khalifa,real
dataset_real\train\christ_the_reedemer\36f397c38d.jpg,christ_the_reedemer,real
dataset_synthetic\train\roman_colosseum\00098-2343411945.png,roman_colosseum,synthetic
dataset_synthetic\train\chichen_itza\00090-3888410401.png,chichen_itza,synthetic
dataset_synthetic\train\roman_colosseum\00201-1974243520.png,roman_colosseum,synthetic
dataset_synthetic\train\christ_the_reedemer\00109-2389616929.png,christ_the_reedemer,synthetic
dataset_real\train\great_wall_of_china\8e541f7340.jpg,great_wall_of_china,real
dataset_real\train\pyramids_of_giza\8edf1a5bc6.jpg,pyramids_of_giza,real
dataset_synthetic\train\statue_of_liberty\00530-1791252972.png,statue_of_liberty,synthetic
dataset_synthetic\train\eiffel_tower\00226-2386103701.png,eiffel_tower,synthetic
dataset_real\train\burj_khalifa\8243a32f7e.jpg,burj_khalifa,real
dataset_synthetic\train\pyramids_of_giza\00017-4241466213.png,pyramids_of_giza,synthetic
dataset_synthetic\train\christ_the_reedemer\00041-3006335904.png,christ_the_reedemer,synthetic
dataset_synthetic\train\christ_the_reedemer\00143-423565281.png,christ_the_reedemer,synthetic
dataset_real\train\roman_colosseum\a6ffc8ed54.jpg,roman_colosseum,real
dataset_synthetic\train\eiffel_tower\00012-3137921697.png,eiffel_tower,synthetic
dataset_synthetic\train\roman_colosseum\00157-1009224255.png,roman_colosseum,synthetic
dataset_synthetic\train\burj_khalifa\00152-2778414619.png,burj_khalifa,synthetic
dataset_real\train\chichen_itza\cbbd9a4e70.jpg,chichen_itza,real
dataset_synthetic\train\burj_khalifa\00210-2852982614.png,burj_khalifa,synthetic
dataset_synthetic\train\chichen_itza\00186-1342241941.png,chichen_itza,synthetic
dataset_real\train\pyramids_of_giza\f029021ce7.jpg,pyramids_of_giza,real
dataset_synthetic\train\pyramids_of_giza\00183-4087309962.png,pyramids_of_giza,synthetic
dataset_synthetic\train\statue_of_liberty\00399-1169046310.png,statue_of_liberty,synthetic
dataset_real\train\great_wall_of_china\c3bdedb22a.jpg,great_wall_of_china,real
dataset_real\train\chichen_itza\e5fd400898.jpg,chichen_itza,real
dataset_synthetic\train\eiffel_tower\00299-162160960.png,eiffel_tower,synthetic
dataset_synthetic\train\pyramids_of_giza\00258-3340261368.png,pyramids_of_giza,synthetic
dataset_real\train\great_wall_of_china\8a42bf036f.jpg,great_wall_of_china,real
dataset_synthetic\train\roman_colosseum\00116-2343411963.png,roman_colosseum,synthetic
dataset_real\train\eiffel_tower\4c726172a2.jpg,eiffel_tower,real
dataset_synthetic\train\great_wall_of_china\00093-920026924.png,great_wall_of_china,synthetic
dataset_real\train\roman_colosseum\1730c92872.jpg,roman_colosseum,real
dataset_synthetic\train\pyramids_of_giza\00214-3159135353.png,pyramids_of_giza,synthetic
dataset_synthetic\train\eiffel_tower\00197-45903243.png,eiffel_tower,synthetic
dataset_real\train\eiffel_tower\8ee8182bb3.jpg,eiffel_tower,real
dataset_real\train\roman_colosseum\f856f39931.jpg,roman_colosseum,real
dataset_real\train\great_wall_of_china\d0db2f30e5.jpg,great_wall_of_china,real
dataset_synthetic\train\great_wall_of_china\00170-1607761950.png,great_wall_of_china,synthetic
dataset_real\train\christ_the_reedemer\22951b7757.jpg,christ_the_reedemer,real
dataset_real\train\eiffel_tower\832dd88e03.jpg,eiffel_tower,real
dataset_real\train\statue_of_liberty\ce18f27ced.jpg,statue_of_liberty,real
dataset_synthetic\train\great_wall_of_china\00257-4085978423.png,great_wall_of_china,synthetic
dataset_real\train\eiffel_tower\6ff4a47762.jpg,eiffel_tower,real
dataset_synthetic\train\eiffel_tower\00196-45903242.png,eiffel_tower,synthetic
dataset_real\train\eiffel_tower\d542f029d2.jpg,eiffel_tower,real
dataset_synthetic\train\pyramids_of_giza\00059-2054659962.png,pyramids_of_giza,synthetic
dataset_synthetic\train\eiffel_tower\00223-2386103698.png,eiffel_tower,synthetic
dataset_real\train\great_wall_of_china\ca504ba3f6.jpg,great_wall_of_china,real
dataset_synthetic\train\great_wall_of_china\00159-1607761939.png,great_wall_of_china,synthetic
dataset_synthetic\train\christ_the_reedemer\00208-1121220999.png,christ_the_reedemer,synthetic
dataset_synthetic\train\christ_the_reedemer\00056-2397697041.png,christ_the_reedemer,synthetic
dataset_real\train\statue_of_liberty\989b361e0f.jpg,statue_of_liberty,real
dataset_synthetic\train\chichen_itza\00116-3888410427.png,chichen_itza,synthetic
dataset_real\train\eiffel_tower\502172ae51.jpg,eiffel_tower,real
dataset_real\train\chichen_itza\2b6df3e70c.jpg,chichen_itza,real
dataset_synthetic\train\great_wall_of_china\00230-4011577245.png,great_wall_of_china,synthetic
dataset_synthetic\train\pyramids_of_giza\00211-3159135350.png,pyramids_of_giza,synthetic
dataset_synthetic\train\burj_khalifa\00290-2716773641.png,burj_khalifa,synthetic
dataset_synthetic\train\statue_of_liberty\00592-3964871341.png,statue_of_liberty,synthetic
dataset_synthetic\train\christ_the_reedemer\00049-3006335912.png,christ_the_reedemer,synthetic
dataset_synthetic\train\roman_colosseum\00021-3704602086.png,roman_colosseum,synthetic
dataset_real\train\burj_khalifa\3b5a0083df.jpg,burj_khalifa,real
dataset_real\train\great_wall_of_china\2954245fa5.jpg,great_wall_of_china,real
dataset_real\train\eiffel_tower\07e2fb6c6c.jpg,eiffel_tower,real
dataset_real\train\eiffel_tower\93df9dd7c7.jpg,eiffel_tower,real
dataset_synthetic\train\great_wall_of_china\00038-1177815127.png,great_wall_of_china,synthetic
dataset_real\train\roman_colosseum\ade777a92e.jpg,roman_colosseum,real
dataset_synthetic\train\chichen_itza\00086-2079455179.png,chichen_itza,synthetic
dataset_synthetic\train\pyramids_of_giza\00136-962878674.png,pyramids_of_giza,synthetic
dataset_real\train\pyramids_of_giza\195b37380a.jpg,pyramids_of_giza,real
dataset_synthetic\train\burj_khalifa\00175-2778414642.png,burj_khalifa,synthetic
dataset_synthetic\train\great_wall_of_china\00231-4011577246.png,great_wall_of_china,synthetic
dataset_synthetic\train\great_wall_of_china\00263-4085978429.png,great_wall_of_china,synthetic
dataset_synthetic\train\chichen_itza\00077-2079455170.png,chichen_itza,synthetic
dataset_synthetic\train\pyramids_of_giza\00132-962878670.png,pyramids_of_giza,synthetic
dataset_real\train\eiffel_tower\5c2b4bb39a.jpg,eiffel_tower,real
dataset_real\train\pyramids_of_giza\831bdf3771.jpg,pyramids_of_giza,real
dataset_synthetic\train\pyramids_of_giza\00250-3340261360.png,pyramids_of_giza,synthetic
dataset_real\train\christ_the_reedemer\10d04f4650.jpg,christ_the_reedemer,real
dataset_synthetic\train\burj_khalifa\00194-2688549102.png,burj_khalifa,synthetic
dataset_synthetic\train\chichen_itza\00009-354526596.png,chichen_itza,synthetic
dataset_synthetic\train\statue_of_liberty\00361-174988319.png,statue_of_liberty,synthetic
dataset_real\train\pyramids_of_giza\b5cc64d870.jpg,pyramids_of_giza,real
dataset_real\train\chichen_itza\451b2de9a8.jpg,chichen_itza,real
dataset_synthetic\train\christ_the_reedemer\00321-2284744770.png,christ_the_reedemer,synthetic
dataset_real\train\eiffel_tower\3f62e1ab1a.jpg,eiffel_tower,real
dataset_synthetic\train\christ_the_reedemer\00179-4094071605.png,christ_the_reedemer,synthetic
dataset_real\train\roman_colosseum\e04046546d.jpg,roman_colosseum,real
dataset_real\train\chichen_itza\e0150dde0f.jpg,chichen_itza,real
dataset_synthetic\train\burj_khalifa\00115-4109332483.png,burj_khalifa,synthetic
dataset_synthetic\train\christ_the_reedemer\00239-2017116355.png,christ_the_reedemer,synthetic
dataset_real\train\pyramids_of_giza\38de249d6c.jpg,pyramids_of_giza,real
dataset_real\train\roman_colosseum\a4eb24186e.jpg,roman_colosseum,real
dataset_synthetic\train\pyramids_of_giza\00286-39524431.png,pyramids_of_giza,synthetic
dataset_real\train\burj_khalifa\92904d8d31.jpg,burj_khalifa,real
dataset_synthetic\train\great_wall_of_china\00255-4085978421.png,great_wall_of_china,synthetic
dataset_real\train\pyramids_of_giza\f537f2e2f7.jpg,pyramids_of_giza,real
dataset_synthetic\train\burj_khalifa\00236-2852982640.png,burj_khalifa,synthetic
dataset_synthetic\train\chichen_itza\00012-354526599.png,chichen_itza,synthetic
dataset_real\train\pyramids_of_giza\7615be434a.jpg,pyramids_of_giza,real
dataset_real\train\roman_colosseum\041dac2329.jpg,roman_colosseum,real
dataset_synthetic\train\chichen_itza\00191-1342241946.png,chichen_itza,synthetic
dataset_real\train\statue_of_liberty\b80d71067e.jpg,statue_of_liberty,real
dataset_synthetic\train\pyramids_of_giza\00145-962878683.png,pyramids_of_giza,synthetic
dataset_synthetic\train\great_wall_of_china\00152-1607761932.png,great_wall_of_china,synthetic
dataset_synthetic\train\pyramids_of_giza\00190-4087309969.png,pyramids_of_giza,synthetic
dataset_real\train\statue_of_liberty\e8da35c40e.jpg,statue_of_liberty,real
dataset_synthetic\train\burj_khalifa\00293-2716773644.png,burj_khalifa,synthetic
dataset_synthetic\train\burj_khalifa\00233-2852982637.png,burj_khalifa,synthetic
dataset_synthetic\train\christ_the_reedemer\00036-3006335899.png,christ_the_reedemer,synthetic
dataset_synthetic\train\roman_colosseum\00032-2283819981.png,roman_colosseum,synthetic
dataset_real\train\great_wall_of_china\d51517b70d.jpg,great_wall_of_china,real
dataset_synthetic\train\burj_khalifa\00077-3346071113.png,burj_khalifa,synthetic
dataset_synthetic\train\burj_khalifa\00164-2778414631.png,burj_khalifa,synthetic
dataset_real\train\great_wall_of_china\af51e8d08c.jpg,great_wall_of_china,real
dataset_synthetic\train\great_wall_of_china\00143-2449295046.png,great_wall_of_china,synthetic
dataset_synthetic\train\burj_khalifa\00241-2863073451.png,burj_khalifa,synthetic
dataset_synthetic\train\great_wall_of_china\00009-1860489309.png,great_wall_of_china,synthetic
dataset_synthetic\train\great_wall_of_china\00273-1383148725.png,great_wall_of_china,synthetic
dataset_real\train\burj_khalifa\f56d29bf4c.jpg,burj_khalifa,real
dataset_real\train\christ_the_reedemer\7390405e66.jpg,christ_the_reedemer,real
dataset_real\train\roman_colosseum\1737a104ae.jpg,roman_colosseum,real
dataset_real\train\roman_colosseum\1c521d546e.jpg,roman_colosseum,real
dataset_real\train\burj_khalifa\38af4aa48c.jpg,burj_khalifa,real
dataset_synthetic\train\christ_the_reedemer\00314-2284744763.png,christ_the_reedemer,synthetic
dataset_real\train\burj_khalifa\a6006baa22.jpg,burj_khalifa,real
dataset_real\train\roman_colosseum\710006884d.jpg,roman_colosseum,real
dataset_real\train\great_wall_of_china\17628dd30d.jpg,great_wall_of_china,real
dataset_synthetic\train\great_wall_of_china\00144-2449295047.png,great_wall_of_china,synthetic
dataset_real\train\roman_colosseum\ff3754c9ad.jpg,roman_colosseum,real
dataset_real\train\roman_colosseum\edd040515b.jpg,roman_colosseum,real
dataset_real\train\chichen_itza\c5983a99b9.jpg,chichen_itza,real
dataset_real\train\eiffel_tower\7a087786ca.jpg,eiffel_tower,real
dataset_real\train\chichen_itza\6532050dd3.jpg,chichen_itza,real
dataset_synthetic\train\christ_the_reedemer\00162-423565300.png,christ_the_reedemer,synthetic
dataset_real\train\pyramids_of_giza\957a696429.jpg,pyramids_of_giza,real
dataset_real\train\roman_colosseum\73f1789883.jpg,roman_colosseum,real
dataset_synthetic\train\chichen_itza\00052-2669227206.png,chichen_itza,synthetic
dataset_real\train\pyramids_of_giza\46a5aacedc.jpg,pyramids_of_giza,real
dataset_synthetic\train\burj_khalifa\00168-2778414635.png,burj_khalifa,synthetic
dataset_real\train\roman_colosseum\01528698bf.jpg,roman_colosseum,real
dataset_synthetic\train\roman_colosseum\00167-1009224265.png,roman_colosseum,synthetic
dataset_synthetic\train\great_wall_of_china\00052-1177815141.png,great_wall_of_china,synthetic
dataset_synthetic\train\chichen_itza\00013-354526600.png,chichen_itza,synthetic
dataset_synthetic\train\eiffel_tower\00247-1566552028.png,eiffel_tower,synthetic
dataset_real\train\burj_khalifa\237bcae843.jpg,burj_khalifa,real
dataset_real\train\chichen_itza\b3e967b6ae.jpg,chichen_itza,real
dataset_synthetic\train\chichen_itza\00171-1856050883.png,chichen_itza,synthetic
dataset_real\train\eiffel_tower\78d02205ab.jpg,eiffel_tower,real
dataset_synthetic\train\statue_of_liberty\00380-174988338.png,statue_of_liberty,synthetic
dataset_synthetic\train\eiffel_tower\00133-70550504.png,eiffel_tower,synthetic
dataset_real\train\roman_colosseum\92fcb7e85f.jpg,roman_colosseum,real
dataset_synthetic\train\pyramids_of_giza\00257-3340261367.png,pyramids_of_giza,synthetic
dataset_synthetic\train\burj_khalifa\00078-3346071114.png,burj_khalifa,synthetic
dataset_synthetic\train\chichen_itza\00208-1342241963.png,chichen_itza,synthetic
dataset_real\train\pyramids_of_giza\55168e89c9.jpg,pyramids_of_giza,real
dataset_synthetic\train\burj_khalifa\00184-2688549092.png,burj_khalifa,synthetic
dataset_real\train\chichen_itza\70665b1f65.jpg,chichen_itza,real
dataset_real\train\eiffel_tower\d0bba9b575.jpg,eiffel_tower,real
dataset_synthetic\train\great_wall_of_china\00056-1177815145.png,great_wall_of_china,synthetic
dataset_synthetic\train\burj_khalifa\00026-2682522079.png,burj_khalifa,synthetic
dataset_synthetic\train\christ_the_reedemer\00195-4094071621.png,christ_the_reedemer,synthetic
dataset_real\train\burj_khalifa\4ba4acc518.jpg,burj_khalifa,real
dataset_synthetic\train\chichen_itza\00046-2669227200.png,chichen_itza,synthetic
dataset_synthetic\train\great_wall_of_china\00008-1860489308.png,great_wall_of_china,synthetic
dataset_synthetic\train\statue_of_liberty\00366-174988324.png,statue_of_liberty,synthetic
dataset_real\train\great_wall_of_china\20066e8954.jpg,great_wall_of_china,real
dataset_real\train\great_wall_of_china\603b1fe496.jpg,great_wall_of_china,real
dataset_real\train\chichen_itza\8ba971db31.jpg,chichen_itza,real
dataset_synthetic\train\chichen_itza\00206-1342241961.png,chichen_itza,synthetic
dataset_synthetic\train\burj_khalifa\00270-2716773621.png,burj_khalifa,synthetic
dataset_real\train\eiffel_tower\17323c1092.jpg,eiffel_tower,real
dataset_real\train\statue_of_liberty\aebea88812.jpg,statue_of_liberty,real
dataset_synthetic\train\statue_of_liberty\00487-3884271011.png,statue_of_liberty,synthetic
dataset_real\train\eiffel_tower\1df2a601be.jpg,eiffel_tower,real
dataset_real\train\eiffel_tower\70534a1d53.jpg,eiffel_tower,real
dataset_real\train\chichen_itza\ca5d7b3fad.jpg,chichen_itza,real
dataset_synthetic\train\statue_of_liberty\00478-3884271002.png,statue_of_liberty,synthetic
dataset_real\train\great_wall_of_china\d0277ce3ba.jpg,great_wall_of_china,real
dataset_real\train\statue_of_liberty\a7c279482b.jpg,statue_of_liberty,real
dataset_real\train\great_wall_of_china\ca00f6fe94.jpg,great_wall_of_china,real
dataset_synthetic\train\burj_khalifa\00242-2863073452.png,burj_khalifa,synthetic
dataset_real\train\pyramids_of_giza\c69d72e2dc.jpg,pyramids_of_giza,real
dataset_real\train\pyramids_of_giza\58341d2d7e.jpg,pyramids_of_giza,real
dataset_real\train\statue_of_liberty\6c30e10a67.jpg,statue_of_liberty,real
dataset_synthetic\train\chichen_itza\00071-2079455164.png,chichen_itza,synthetic
dataset_synthetic\train\eiffel_tower\00248-1566552029.png,eiffel_tower,synthetic
dataset_real\train\great_wall_of_china\2b7de47436.jpg,great_wall_of_china,real
dataset_synthetic\train\chichen_itza\00177-1856050889.png,chichen_itza,synthetic
dataset_real\train\roman_colosseum\22b89022c5.jpg,roman_colosseum,real
dataset_synthetic\train\statue_of_liberty\00596-3964871345.png,statue_of_liberty,synthetic
dataset_real\train\roman_colosseum\dc6fcf88d5.jpg,roman_colosseum,real
dataset_real\train\burj_khalifa\00d4a42317.jpg,burj_khalifa,real
dataset_synthetic\train\roman_colosseum\00131-4069228233.png,roman_colosseum,synthetic
dataset_synthetic\train\chichen_itza\00053-2669227207.png,chichen_itza,synthetic
dataset_real\train\chichen_itza\9ae954c240.jpg,chichen_itza,real
dataset_real\train\eiffel_tower\ff2cb84a91.jpg,eiffel_tower,real
dataset_synthetic\train\christ_the_reedemer\00148-423565286.png,christ_the_reedemer,synthetic
dataset_synthetic\train\great_wall_of_china\00211-4011577226.png,great_wall_of_china,synthetic
dataset_synthetic\train\christ_the_reedemer\00292-2284744741.png,christ_the_reedemer,synthetic
dataset_synthetic\train\christ_the_reedemer\00278-3045517141.png,christ_the_reedemer,synthetic
dataset_real\train\chichen_itza\2f8fb9139e.jpg,chichen_itza,real
dataset_synthetic\train\eiffel_tower\00069-2409094503.png,eiffel_tower,synthetic
dataset_synthetic\train\chichen_itza\00017-354526604.png,chichen_itza,synthetic
dataset_real\train\eiffel_tower\936c74b6b3.jpg,eiffel_tower,real
dataset_real\train\pyramids_of_giza\14cbf9828e.jpg,pyramids_of_giza,real
dataset_synthetic\train\burj_khalifa\00154-2778414621.png,burj_khalifa,synthetic
dataset_real\train\chichen_itza\3326ece81d.jpg,chichen_itza,real
dataset_synthetic\train\roman_colosseum\00285-241878740.png,roman_colosseum,synthetic
dataset_synthetic\train\pyramids_of_giza\00112-942607770.png,pyramids_of_giza,synthetic
dataset_real\train\great_wall_of_china\54770ca268.jpg,great_wall_of_china,real
dataset_real\train\christ_the_reedemer\bfe3eacc80.jpg,christ_the_reedemer,real
dataset_real\train\eiffel_tower\2f01029245.jpg,eiffel_tower,real
dataset_real\train\christ_the_reedemer\9ffbf21353.jpg,christ_the_reedemer,real
dataset_real\train\burj_khalifa\0005487c0b.jpg,burj_khalifa,real
dataset_synthetic\train\statue_of_liberty\00593-3964871342.png,statue_of_liberty,synthetic
dataset_real\train\great_wall_of_china\7faff79242.jpg,great_wall_of_china,real
dataset_real\train\pyramids_of_giza\c33c22e593.jpg,pyramids_of_giza,real
dataset_real\train\statue_of_liberty\848d66d5ad.jpg,statue_of_liberty,real
dataset_real\train\roman_colosseum\d01992be1b.jpg,roman_colosseum,real
dataset_synthetic\train\eiffel_tower\00168-1848933967.png,eiffel_tower,synthetic
dataset_synthetic\train\chichen_itza\00153-1856050865.png,chichen_itza,synthetic
dataset_real\train\great_wall_of_china\7e25160f82.jpg,great_wall_of_china,real
dataset_synthetic\train\chichen_itza\00139-1654904570.png,chichen_itza,synthetic
dataset_synthetic\train\chichen_itza\00096-3888410407.png,chichen_itza,synthetic
dataset_real\train\great_wall_of_china\3a5db412fb.jpg,great_wall_of_china,real
dataset_real\train\pyramids_of_giza\89c5cdbd0d.jpg,pyramids_of_giza,real
dataset_real\train\burj_khalifa\4d2c89de07.jpg,burj_khalifa,real
dataset_synthetic\train\roman_colosseum\00129-4069228231.png,roman_colosseum,synthetic
dataset_synthetic\train\roman_colosseum\00292-241878747.png,roman_colosseum,synthetic
dataset_synthetic\train\eiffel_tower\00050-1984749103.png,eiffel_tower,synthetic
dataset_real\train\statue_of_liberty\e273bdbf07.jpg,statue_of_liberty,real
dataset_synthetic\train\burj_khalifa\00166-2778414633.png,burj_khalifa,synthetic
dataset_synthetic\train\chichen_itza\00019-354526606.png,chichen_itza,synthetic
dataset_synthetic\train\great_wall_of_china\00227-4011577242.png,great_wall_of_china,synthetic
dataset_synthetic\train\christ_the_reedemer\00235-2017116351.png,christ_the_reedemer,synthetic
dataset_synthetic\train\chichen_itza\00122-1654904553.png,chichen_itza,synthetic
dataset_synthetic\train\burj_khalifa\00223-2852982627.png,burj_khalifa,synthetic
dataset_synthetic\train\burj_khalifa\00063-3346071099.png,burj_khalifa,synthetic
dataset_real\train\pyramids_of_giza\99e5e6cb69.jpg,pyramids_of_giza,real
dataset_real\train\roman_colosseum\225fcd4e5a.jpg,roman_colosseum,real
dataset_synthetic\train\christ_the_reedemer\00317-2284744766.png,christ_the_reedemer,synthetic
dataset_synthetic\train\eiffel_tower\00198-45903244.png,eiffel_tower,synthetic
dataset_real\train\statue_of_liberty\c1897d27a3.jpg,statue_of_liberty,real
dataset_synthetic\train\great_wall_of_china\00062-2389887058.png,great_wall_of_china,synthetic
dataset_real\train\roman_colosseum\ac95ae38b3.jpg,roman_colosseum,real
dataset_synthetic\train\roman_colosseum\00011-3704602076.png,roman_colosseum,synthetic
dataset_synthetic\train\roman_colosseum\00262-1881496557.png,roman_colosseum,synthetic
dataset_real\train\eiffel_tower\0bc691cbcc.jpg,eiffel_tower,real
dataset_synthetic\train\great_wall_of_china\00113-920026944.png,great_wall_of_china,synthetic
dataset_synthetic\train\roman_colosseum\00040-2283819989.png,roman_colosseum,synthetic
dataset_synthetic\train\christ_the_reedemer\00298-2284744747.png,christ_the_reedemer,synthetic
dataset_real\train\great_wall_of_china\ed89b21af8.jpg,great_wall_of_china,real
dataset_synthetic\train\roman_colosseum\00209-1225658187.png,roman_colosseum,synthetic
dataset_real\train\chichen_itza\909e4747d3.jpg,chichen_itza,real
dataset_synthetic\train\roman_colosseum\00089-2343411936.png,roman_colosseum,synthetic
dataset_synthetic\train\chichen_itza\00245-1829905830.png,chichen_itza,synthetic
dataset_synthetic\train\roman_colosseum\00242-1881496537.png,roman_colosseum,synthetic
dataset_synthetic\train\christ_the_reedemer\00188-4094071614.png,christ_the_reedemer,synthetic
dataset_real\train\statue_of_liberty\88e92b850c.jpg,statue_of_liberty,real
dataset_synthetic\train\pyramids_of_giza\00139-962878677.png,pyramids_of_giza,synthetic
dataset_synthetic\train\eiffel_tower\00141-70550512.png,eiffel_tower,synthetic
dataset_synthetic\train\great_wall_of_china\00069-2389887065.png,great_wall_of_china,synthetic
dataset_real\train\great_wall_of_china\b1ab14dd7a.jpg,great_wall_of_china,real
dataset_real\train\eiffel_tower\c6b32e0835.jpg,eiffel_tower,real
dataset_synthetic\train\roman_colosseum\00088-2343411935.png,roman_colosseum,synthetic
dataset_real\train\statue_of_liberty\5183c0ab2c.jpg,statue_of_liberty,real
dataset_synthetic\train\statue_of_liberty\00415-1169046326.png,statue_of_liberty,synthetic
dataset_synthetic\train\burj_khalifa\00101-4109332469.png,burj_khalifa,synthetic
dataset_real\train\pyramids_of_giza\951848a995.jpg,pyramids_of_giza,real
dataset_real\train\great_wall_of_china\0c2ea8d7a2.jpg,great_wall_of_china,real
dataset_real\train\great_wall_of_china\c76b1aa396.jpg,great_wall_of_china,real
dataset_real\train\pyramids_of_giza\878e1bb6c7.jpg,pyramids_of_giza,real
dataset_real\train\christ_the_reedemer\d8616f6e1e.jpg,christ_the_reedemer,real
dataset_synthetic\train\eiffel_tower\00140-70550511.png,eiffel_tower,synthetic
dataset_real\train\eiffel_tower\b847ee74b0.jpg,eiffel_tower,real
dataset_synthetic\train\roman_colosseum\00008-3704602073.png,roman_colosseum,synthetic
dataset_real\train\burj_khalifa\b05514e581.jpg,burj_khalifa,real
dataset_synthetic\train\statue_of_liberty\00477-818305480.png,statue_of_liberty,synthetic
dataset_synthetic\train\great_wall_of_china\00108-920026939.png,great_wall_of_china,synthetic
dataset_synthetic\train\roman_colosseum\00030-2283819979.png,roman_colosseum,synthetic
dataset_real\train\pyramids_of_giza\1a5213bc99.jpg,pyramids_of_giza,real
dataset_synthetic\train\pyramids_of_giza\00254-3340261364.png,pyramids_of_giza,synthetic
dataset_synthetic\train\great_wall_of_china\00261-4085978427.png,great_wall_of_china,synthetic
dataset_real\train\eiffel_tower\a94881a3c8.jpg,eiffel_tower,real
dataset_real\train\pyramids_of_giza\7f1f29ff35.jpg,pyramids_of_giza,real
dataset_real\train\statue_of_liberty\87876e5977.jpg,statue_of_liberty,real
dataset_synthetic\train\eiffel_tower\00033-1984749086.png,eiffel_tower,synthetic
dataset_synthetic\train\chichen_itza\00032-2669227186.png,chichen_itza,synthetic
dataset_synthetic\train\great_wall_of_china\00031-1177815120.png,great_wall_of_china,synthetic
dataset_synthetic\train\pyramids_of_giza\00161-2205670337.png,pyramids_of_giza,synthetic
dataset_synthetic\train\great_wall_of_china\00133-2449295036.png,great_wall_of_china,synthetic
dataset_real\train\chichen_itza\482c7fd7d3.jpg,chichen_itza,real
dataset_synthetic\train\great_wall_of_china\00131-2449295034.png,great_wall_of_china,synthetic
dataset_real\train\chichen_itza\35c66d8faa.jpg,chichen_itza,real
dataset_real\train\eiffel_tower\3dd70ebde9.jpg,eiffel_tower,real
dataset_synthetic\train\chichen_itza\00222-4190620859.png,chichen_itza,synthetic
dataset_synthetic\train\eiffel_tower\00230-2386103705.png,eiffel_tower,synthetic
dataset_synthetic\train\christ_the_reedemer\00147-423565285.png,christ_the_reedemer,synthetic
dataset_synthetic\train\christ_the_reedemer\00108-2389616928.png,christ_the_reedemer,synthetic
dataset_real\train\christ_the_reedemer\c2b3cdeb0d.jpg,christ_the_reedemer,real
dataset_synthetic\train\great_wall_of_china\00256-4085978422.png,great_wall_of_china,synthetic
dataset_synthetic\train\roman_colosseum\00216-1225658194.png,roman_colosseum,synthetic
dataset_real\train\chichen_itza\ce161ed02d.jpg,chichen_itza,real
dataset_synthetic\train\burj_khalifa\00108-4109332476.png,burj_khalifa,synthetic
dataset_real\train\eiffel_tower\5eb6d2075c.jpg,eiffel_tower,real
dataset_real\train\chichen_itza\6cec6dd5da.jpg,chichen_itza,real
dataset_real\train\christ_the_reedemer\eefd9badab.jpg,christ_the_reedemer,real
dataset_synthetic\train\burj_khalifa\00037-3281528402.png,burj_khalifa,synthetic
dataset_real\train\eiffel_tower\6dc6d42663.jpg,eiffel_tower,real
dataset_real\train\burj_khalifa\432adf1b23.jpg,burj_khalifa,real
dataset_synthetic\train\burj_khalifa\00165-2778414632.png,burj_khalifa,synthetic
dataset_real\train\chichen_itza\9ad8b33170.jpg,chichen_itza,real
dataset_real\train\pyramids_of_giza\55b7bd24bf.jpg,pyramids_of_giza,real
dataset_real\train\statue_of_liberty\e5c6d87fe1.jpg,statue_of_liberty,real
dataset_synthetic\train\burj_khalifa\00008-2682522061.png,burj_khalifa,synthetic
dataset_synthetic\train\great_wall_of_china\00279-1383148731.png,great_wall_of_china,synthetic
dataset_synthetic\train\chichen_itza\00044-2669227198.png,chichen_itza,synthetic
dataset_synthetic\train\pyramids_of_giza\00224-3159135363.png,pyramids_of_giza,synthetic
dataset_real\train\pyramids_of_giza\cc31eebde1.jpg,pyramids_of_giza,real
dataset_real\train\burj_khalifa\301d26d9e9.jpg,burj_khalifa,real
dataset_real\train\burj_khalifa\1461ce3074.jpg,burj_khalifa,real
dataset_synthetic\train\chichen_itza\00001-817939076.png,chichen_itza,synthetic
dataset_real\train\pyramids_of_giza\7445a6e2d7.jpg,pyramids_of_giza,real
dataset_real\train\roman_colosseum\28da08379b.jpg,roman_colosseum,real
dataset_synthetic\train\burj_khalifa\00280-2716773631.png,burj_khalifa,synthetic
dataset_real\train\roman_colosseum\1fa54467f7.jpg,roman_colosseum,real
dataset_real\train\roman_colosseum\67b35379d2.jpg,roman_colosseum,real
dataset_real\train\statue_of_liberty\84a7b9fff8.jpg,statue_of_liberty,real
dataset_synthetic\train\statue_of_liberty\00441-3674376597.png,statue_of_liberty,synthetic
dataset_synthetic\train\great_wall_of_china\00253-4085978419.png,great_wall_of_china,synthetic
dataset_synthetic\train\burj_khalifa\00006-2682522059.png,burj_khalifa,synthetic
dataset_synthetic\train\chichen_itza\00034-2669227188.png,chichen_itza,synthetic
dataset_real\train\chichen_itza\192afc50d8.jpg,chichen_itza,real
dataset_real\train\great_wall_of_china\f3fbfa90fc.jpg,great_wall_of_china,real
dataset_real\train\roman_colosseum\cb3140b91b.jpg,roman_colosseum,real
dataset_synthetic\train\burj_khalifa\00011-2682522064.png,burj_khalifa,synthetic
dataset_real\train\statue_of_liberty\18ce5f7a50.jpg,statue_of_liberty,real
dataset_synthetic\train\pyramids_of_giza\00285-39524430.png,pyramids_of_giza,synthetic
dataset_synthetic\train\roman_colosseum\00180-1974243499.png,roman_colosseum,synthetic
dataset_real\train\statue_of_liberty\0016510b5c.jpg,statue_of_liberty,real
dataset_synthetic\train\burj_khalifa\00195-2688549103.png,burj_khalifa,synthetic
dataset_synthetic\train\chichen_itza\00073-2079455166.png,chichen_itza,synthetic
dataset_real\train\great_wall_of_china\231781bde0.jpg,great_wall_of_china,real
dataset_real\train\christ_the_reedemer\05fc038979.jpg,christ_the_reedemer,real
dataset_real\train\great_wall_of_china\45584d4fa5.jpg,great_wall_of_china,real
dataset_synthetic\train\christ_the_reedemer\00251-2017116367.png,christ_the_reedemer,synthetic
dataset_real\train\pyramids_of_giza\e78b586b05.jpg,pyramids_of_giza,real
dataset_synthetic\train\roman_colosseum\00173-1009224271.png,roman_colosseum,synthetic
dataset_synthetic\train\great_wall_of_china\00050-1177815139.png,great_wall_of_china,synthetic
dataset_real\train\christ_the_reedemer\f6078a3b0c.jpg,christ_the_reedemer,real
dataset_real\train\christ_the_reedemer\45fcb7ef2d.jpg,christ_the_reedemer,real
dataset_synthetic\train\eiffel_tower\00059-2409094493.png,eiffel_tower,synthetic
dataset_real\train\chichen_itza\698d8002fe.jpg,chichen_itza,real
dataset_synthetic\train\christ_the_reedemer\00294-2284744743.png,christ_the_reedemer,synthetic
dataset_real\train\pyramids_of_giza\ef84875f12.jpg,pyramids_of_giza,real
dataset_real\train\roman_colosseum\2fb9f1b462.jpg,roman_colosseum,real
dataset_real\train\burj_khalifa\5e8dfdd74c.jpg,burj_khalifa,real
dataset_synthetic\train\chichen_itza\00162-1856050874.png,chichen_itza,synthetic
dataset_synthetic\train\eiffel_tower\00235-2386103710.png,eiffel_tower,synthetic
dataset_synthetic\train\statue_of_liberty\00544-3937903688.png,statue_of_liberty,synthetic
dataset_real\train\chichen_itza\65e134bbe7.jpg,chichen_itza,real
dataset_synthetic\train\roman_colosseum\00115-2343411962.png,roman_colosseum,synthetic
dataset_synthetic\train\chichen_itza\00131-1654904562.png,chichen_itza,synthetic
dataset_synthetic\train\eiffel_tower\00054-1984749107.png,eiffel_tower,synthetic
dataset_real\train\burj_khalifa\c2e4e0c60f.jpg,burj_khalifa,real
dataset_synthetic\train\christ_the_reedemer\00309-2284744758.png,christ_the_reedemer,synthetic
dataset_synthetic\train\chichen_itza\00196-1342241951.png,chichen_itza,synthetic
dataset_synthetic\train\roman_colosseum\00296-241878751.png,roman_colosseum,synthetic
dataset_synthetic\train\pyramids_of_giza\00186-4087309965.png,pyramids_of_giza,synthetic
dataset_synthetic\train\burj_khalifa\00093-4109332461.png,burj_khalifa,synthetic
dataset_synthetic\train\roman_colosseum\00278-241878733.png,roman_colosseum,synthetic
dataset_real\train\eiffel_tower\4459a7f143.jpg,eiffel_tower,real
dataset_real\train\burj_khalifa\f5f0ca6dcc.jpg,burj_khalifa,real
dataset_synthetic\train\pyramids_of_giza\00030-2054659933.png,pyramids_of_giza,synthetic
dataset_synthetic\train\roman_colosseum\00203-1974243522.png,roman_colosseum,synthetic
dataset_real\train\chichen_itza\4e33f0793d.jpg,chichen_itza,real
dataset_real\train\chichen_itza\3b2fe00c56.jpg,chichen_itza,real
dataset_synthetic\train\roman_colosseum\00234-1225658212.png,roman_colosseum,synthetic
dataset_synthetic\train\burj_khalifa\00284-2716773635.png,burj_khalifa,synthetic
dataset_synthetic\train\chichen_itza\00175-1856050887.png,chichen_itza,synthetic
dataset_synthetic\train\great_wall_of_china\00073-2389887069.png,great_wall_of_china,synthetic
dataset_real\train\pyramids_of_giza\b74cb82729.jpg,pyramids_of_giza,real
dataset_real\train\chichen_itza\534775f0d0.jpg,chichen_itza,real
dataset_synthetic\train\great_wall_of_china\00215-4011577230.png,great_wall_of_china,synthetic
dataset_real\train\great_wall_of_china\c05cd4b68a.jpg,great_wall_of_china,real
dataset_synthetic\train\eiffel_tower\00199-45903245.png,eiffel_tower,synthetic
dataset_real\train\roman_colosseum\349d63526e.jpg,roman_colosseum,real
dataset_synthetic\train\christ_the_reedemer\00090-2389616910.png,christ_the_reedemer,synthetic
dataset_synthetic\train\statue_of_liberty\00538-3937903682.png,statue_of_liberty,synthetic
dataset_real\train\burj_khalifa\cb8280356b.jpg,burj_khalifa,real
dataset_real\train\eiffel_tower\43cf0ca34e.jpg,eiffel_tower,real
dataset_real\train\pyramids_of_giza\1b3229ba68.jpg,pyramids_of_giza,real
dataset_real\train\pyramids_of_giza\fc2e8ba676.jpg,pyramids_of_giza,real
dataset_real\train\statue_of_liberty\e87e1e7b58.jpg,statue_of_liberty,real
dataset_synthetic\train\burj_khalifa\00015-2682522068.png,burj_khalifa,synthetic
dataset_real\train\pyramids_of_giza\3b5ff3f28d.jpg,pyramids_of_giza,real
dataset_synthetic\train\roman_colosseum\00074-1525667164.png,roman_colosseum,synthetic
dataset_real\train\burj_khalifa\ffabff3b21.jpg,burj_khalifa,real
dataset_synthetic\train\chichen_itza\00030-2669227184.png,chichen_itza,synthetic
dataset_synthetic\train\statue_of_liberty\00640-2648309718.png,statue_of_liberty,synthetic
dataset_synthetic\train\great_wall_of_china\00277-1383148729.png,great_wall_of_china,synthetic
dataset_real\train\eiffel_tower\f96c7b2c95.jpg,eiffel_tower,real
dataset_real\train\statue_of_liberty\53a56a5229.jpg,statue_of_liberty,real
dataset_synthetic\train\pyramids_of_giza\00232-3159135371.png,pyramids_of_giza,synthetic
dataset_synthetic\train\roman_colosseum\00015-3704602080.png,roman_colosseum,synthetic
dataset_synthetic\train\great_wall_of_china\00161-1607761941.png,great_wall_of_china,synthetic
dataset_real\train\christ_the_reedemer\5e8e2fc6f5.jpg,christ_the_reedemer,real
dataset_synthetic\train\statue_of_liberty\00576-3964871325.png,statue_of_liberty,synthetic
dataset_real\train\christ_the_reedemer\3b9974faa3.jpg,christ_the_reedemer,real
dataset_synthetic\train\eiffel_tower\00296-162160957.png,eiffel_tower,synthetic
dataset_real\train\great_wall_of_china\c939bcb0ed.jpg,great_wall_of_china,real
dataset_synthetic\train\eiffel_tower\00221-2386103696.png,eiffel_tower,synthetic
dataset_real\train\pyramids_of_giza\36037dfbdf.jpg,pyramids_of_giza,real
dataset_synthetic\train\eiffel_tower\00163-1848933962.png,eiffel_tower,synthetic
dataset_synthetic\train\eiffel_tower\00034-1984749087.png,eiffel_tower,synthetic
dataset_real\train\christ_the_reedemer\f83a4dad42.jpg,christ_the_reedemer,real
dataset_synthetic\train\chichen_itza\00042-2669227196.png,chichen_itza,synthetic
dataset_synthetic\train\pyramids_of_giza\00134-962878672.png,pyramids_of_giza,synthetic
dataset_synthetic\train\chichen_itza\00179-1856050891.png,chichen_itza,synthetic
dataset_synthetic\train\burj_khalifa\00159-2778414626.png,burj_khalifa,synthetic
dataset_real\train\great_wall_of_china\31abb6f27e.jpg,great_wall_of_china,real
dataset_synthetic\train\great_wall_of_china\00191-2026541299.png,great_wall_of_china,synthetic
dataset_synthetic\train\statue_of_liberty\00537-1791252979.png,statue_of_liberty,synthetic
dataset_real\train\chichen_itza\009d3edc08.jpg,chichen_itza,real
dataset_synthetic\train\burj_khalifa\00039-3281528404.png,burj_khalifa,synthetic
dataset_real\train\christ_the_reedemer\3d78346aa8.jpg,christ_the_reedemer,real
dataset_real\train\roman_colosseum\6bf9a0ceb3.jpg,roman_colosseum,real
dataset_real\train\statue_of_liberty\0655b9736b.jpg,statue_of_liberty,real
dataset_synthetic\train\burj_khalifa\00200-2688549108.png,burj_khalifa,synthetic
dataset_real\train\statue_of_liberty\8157fee041.jpg,statue_of_liberty,real
dataset_synthetic\train\christ_the_reedemer\00300-2284744749.png,christ_the_reedemer,synthetic
dataset_synthetic\train\statue_of_liberty\00471-818305474.png,statue_of_liberty,synthetic
dataset_real\train\great_wall_of_china\245e70df4a.jpg,great_wall_of_china,real
dataset_real\train\great_wall_of_china\5bfc5fd2f2.jpg,great_wall_of_china,real
dataset_synthetic\train\eiffel_tower\00148-70550519.png,eiffel_tower,synthetic
dataset_synthetic\train\burj_khalifa\00191-2688549099.png,burj_khalifa,synthetic
dataset_synthetic\train\pyramids_of_giza\00283-39524428.png,pyramids_of_giza,synthetic
dataset_synthetic\train\statue_of_liberty\00424-3674376580.png,statue_of_liberty,synthetic
dataset_real\train\christ_the_reedemer\da65b7ec6f.jpg,christ_the_reedemer,real
dataset_synthetic\train\roman_colosseum\00133-4069228235.png,roman_colosseum,synthetic
dataset_real\train\burj_khalifa\e36f0bd579.jpg,burj_khalifa,real
dataset_real\train\burj_khalifa\24dbf74fff.jpg,burj_khalifa,real
dataset_synthetic\train\christ_the_reedemer\00232-2017116348.png,christ_the_reedemer,synthetic
dataset_synthetic\train\great_wall_of_china\00006-1860489306.png,great_wall_of_china,synthetic
dataset_real\train\christ_the_reedemer\2bb1d0a8e4.jpg,christ_the_reedemer,real
dataset_synthetic\train\eiffel_tower\00064-2409094498.png,eiffel_tower,synthetic
dataset_synthetic\train\burj_khalifa\00265-2863073475.png,burj_khalifa,synthetic
dataset_synthetic\train\pyramids_of_giza\00180-4087309959.png,pyramids_of_giza,synthetic
dataset_real\train\pyramids_of_giza\b5c735cae1.jpg,pyramids_of_giza,real
dataset_synthetic\train\burj_khalifa\00207-2688549115.png,burj_khalifa,synthetic
dataset_real\train\eiffel_tower\a535791529.jpg,eiffel_tower,real
dataset_synthetic\train\pyramids_of_giza\00063-2984508815.png,pyramids_of_giza,synthetic
dataset_synthetic\train\chichen_itza\00217-4190620854.png,chichen_itza,synthetic
dataset_real\train\roman_colosseum\dd9536dab9.jpg,roman_colosseum,real
dataset_synthetic\train\christ_the_reedemer\00252-2017116368.png,christ_the_reedemer,synthetic
dataset_real\train\pyramids_of_giza\09b385af40.jpg,pyramids_of_giza,real
dataset_synthetic\train\burj_khalifa\00068-3346071104.png,burj_khalifa,synthetic
dataset_real\train\pyramids_of_giza\b7fbebc4b7.jpg,pyramids_of_giza,real
dataset_real\train\burj_khalifa\0b43bb429b.jpg,burj_khalifa,real
dataset_real\train\roman_colosseum\f88d168fb8.jpg,roman_colosseum,real
dataset_real\train\pyramids_of_giza\5a760ca7f2.jpg,pyramids_of_giza,real
dataset_real\train\christ_the_reedemer\0f6487db5b.jpg,christ_the_reedemer,real
dataset_real\train\eiffel_tower\17f0d90d62.jpg,eiffel_tower,real
dataset_synthetic\train\eiffel_tower\00203-45903249.png,eiffel_tower,synthetic
dataset_real\train\christ_the_reedemer\98c0b63734.jpg,christ_the_reedemer,real
dataset_synthetic\train\chichen_itza\00080-2079455173.png,chichen_itza,synthetic
dataset_real\train\christ_the_reedemer\4e7b01671e.jpg,christ_the_reedemer,real
dataset_synthetic\train\great_wall_of_china\00082-2389887078.png,great_wall_of_china,synthetic
dataset_real\train\roman_colosseum\6035e8e683.jpg,roman_colosseum,real
dataset_real\train\great_wall_of_china\06302f21b8.jpg,great_wall_of_china,real
dataset_synthetic\train\burj_khalifa\00226-2852982630.png,burj_khalifa,synthetic
dataset_real\train\christ_the_reedemer\f186ada32f.jpg,christ_the_reedemer,real
dataset_synthetic\train\eiffel_tower\00118-3388316063.png,eiffel_tower,synthetic
dataset_synthetic\train\eiffel_tower\00213-2386103688.png,eiffel_tower,synthetic
dataset_synthetic\train\great_wall_of_china\00207-2026541315.png,great_wall_of_china,synthetic
dataset_synthetic\train\pyramids_of_giza\00239-3159135378.png,pyramids_of_giza,synthetic
dataset_synthetic\train\burj_khalifa\00055-3281528420.png,burj_khalifa,synthetic
dataset_real\train\great_wall_of_china\77e0b647dc.jpg,great_wall_of_china,real
dataset_synthetic\train\burj_khalifa\00069-3346071105.png,burj_khalifa,synthetic
dataset_real\train\great_wall_of_china\c25edc9f18.jpg,great_wall_of_china,real
dataset_synthetic\train\eiffel_tower\00049-1984749102.png,eiffel_tower,synthetic
dataset_real\train\great_wall_of_china\e225c36217.jpg,great_wall_of_china,real
dataset_synthetic\train\pyramids_of_giza\00193-4087309972.png,pyramids_of_giza,synthetic
dataset_synthetic\train\statue_of_liberty\00518-1791252960.png,statue_of_liberty,synthetic
dataset_synthetic\train\burj_khalifa\00235-2852982639.png,burj_khalifa,synthetic
dataset_real\train\pyramids_of_giza\f59c392c70.jpg,pyramids_of_giza,real
dataset_real\train\pyramids_of_giza\2efc85ccae.jpg,pyramids_of_giza,real
dataset_synthetic\train\pyramids_of_giza\00203-4087309982.png,pyramids_of_giza,synthetic
dataset_real\train\statue_of_liberty\b1a7ef10df.jpg,statue_of_liberty,real
dataset_synthetic\train\pyramids_of_giza\00156-2205670332.png,pyramids_of_giza,synthetic
dataset_synthetic\train\great_wall_of_china\00250-4085978416.png,great_wall_of_china,synthetic
dataset_synthetic\train\roman_colosseum\00208-1225658186.png,roman_colosseum,synthetic
dataset_synthetic\train\pyramids_of_giza\00031-2054659934.png,pyramids_of_giza,synthetic
dataset_synthetic\train\statue_of_liberty\00602-4055323039.png,statue_of_liberty,synthetic
dataset_synthetic\train\christ_the_reedemer\00024-3006335887.png,christ_the_reedemer,synthetic
dataset_real\train\great_wall_of_china\7bb3741400.jpg,great_wall_of_china,real
dataset_real\train\burj_khalifa\096c418030.jpg,burj_khalifa,real
dataset_real\train\chichen_itza\619727a75a.jpg,chichen_itza,real
dataset_real\train\eiffel_tower\68b544dbfd.jpg,eiffel_tower,real
dataset_synthetic\train\roman_colosseum\00019-3704602084.png,roman_colosseum,synthetic
dataset_synthetic\train\roman_colosseum\00257-1881496552.png,roman_colosseum,synthetic
dataset_real\train\chichen_itza\7fe03ffb4d.jpg,chichen_itza,real
dataset_synthetic\train\christ_the_reedemer\00194-4094071620.png,christ_the_reedemer,synthetic
dataset_synthetic\train\great_wall_of_china\00289-1383148741.png,great_wall_of_china,synthetic
dataset_real\train\christ_the_reedemer\49427a3725.jpg,christ_the_reedemer,real
dataset_synthetic\train\christ_the_reedemer\00082-2389616902.png,christ_the_reedemer,synthetic
dataset_real\train\eiffel_tower\c0b3592514.jpg,eiffel_tower,real
dataset_synthetic\train\eiffel_tower\00134-70550505.png,eiffel_tower,synthetic
dataset_synthetic\train\eiffel_tower\00142-70550513.png,eiffel_tower,synthetic
dataset_synthetic\train\great_wall_of_china\00054-1177815143.png,great_wall_of_china,synthetic
dataset_synthetic\train\chichen_itza\00204-1342241959.png,chichen_itza,synthetic
dataset_synthetic\train\roman_colosseum\00279-241878734.png,roman_colosseum,synthetic
dataset_synthetic\train\statue_of_liberty\00367-174988325.png,statue_of_liberty,synthetic
dataset_real\train\statue_of_liberty\33207fe0cf.jpg,statue_of_liberty,real
dataset_synthetic\train\great_wall_of_china\00081-2389887077.png,great_wall_of_china,synthetic
dataset_real\train\great_wall_of_china\58107ee307.jpg,great_wall_of_china,real
dataset_real\train\chichen_itza\498414d443.jpg,chichen_itza,real
dataset_real\train\chichen_itza\5c1723040a.jpg,chichen_itza,real
dataset_real\train\chichen_itza\33adf19554.jpg,chichen_itza,real
dataset_synthetic\train\christ_the_reedemer\00174-4094071600.png,christ_the_reedemer,synthetic
dataset_synthetic\train\eiffel_tower\00100-3388316045.png,eiffel_tower,synthetic
dataset_synthetic\train\burj_khalifa\00220-2852982624.png,burj_khalifa,synthetic
dataset_real\train\roman_colosseum\83072fb856.jpg,roman_colosseum,real
dataset_real\train\roman_colosseum\986f6062d0.jpg,roman_colosseum,real
dataset_real\train\christ_the_reedemer\d0d8f236eb.jpg,christ_the_reedemer,real
dataset_real\train\burj_khalifa\a59d2dea08.jpg,burj_khalifa,real
dataset_synthetic\train\christ_the_reedemer\00081-2397697066.png,christ_the_reedemer,synthetic
dataset_synthetic\train\pyramids_of_giza\00184-4087309963.png,pyramids_of_giza,synthetic
dataset_real\train\eiffel_tower\c4b10f15f8.jpg,eiffel_tower,real
dataset_real\train\chichen_itza\9fce9093e5.jpg,chichen_itza,real
dataset_synthetic\train\eiffel_tower\00010-3137921695.png,eiffel_tower,synthetic
dataset_synthetic\train\great_wall_of_china\00225-4011577240.png,great_wall_of_china,synthetic
dataset_synthetic\train\eiffel_tower\00260-1566552041.png,eiffel_tower,synthetic
dataset_real\train\chichen_itza\40cac344b6.jpg,chichen_itza,real
dataset_real\train\christ_the_reedemer\83922f1936.jpg,christ_the_reedemer,real
dataset_synthetic\train\roman_colosseum\00083-1525667173.png,roman_colosseum,synthetic
dataset_real\train\roman_colosseum\bf1a86d503.jpg,roman_colosseum,real
dataset_real\train\burj_khalifa\f1b270fd6b.jpg,burj_khalifa,real
dataset_synthetic\train\burj_khalifa\00036-3281528401.png,burj_khalifa,synthetic
dataset_real\train\great_wall_of_china\0afc6f3371.jpg,great_wall_of_china,real
dataset_real\train\burj_khalifa\f9fed30cb2.jpg,burj_khalifa,real
dataset_synthetic\train\chichen_itza\00078-2079455171.png,chichen_itza,synthetic
dataset_real\train\pyramids_of_giza\9b0dfb3f88.jpg,pyramids_of_giza,real
dataset_real\train\chichen_itza\137c81c2e0.jpg,chichen_itza,real
dataset_synthetic\train\christ_the_reedemer\00151-423565289.png,christ_the_reedemer,synthetic
dataset_real\train\chichen_itza\d17ddfd954.jpg,chichen_itza,real
dataset_synthetic\train\christ_the_reedemer\00146-423565284.png,christ_the_reedemer,synthetic
dataset_synthetic\train\burj_khalifa\00222-2852982626.png,burj_khalifa,synthetic
dataset_synthetic\train\christ_the_reedemer\00093-2389616913.png,christ_the_reedemer,synthetic
dataset_synthetic\train\burj_khalifa\00128-1813382816.png,burj_khalifa,synthetic
dataset_synthetic\train\roman_colosseum\00206-1974243525.png,roman_colosseum,synthetic
dataset_real\train\roman_colosseum\38761ec41b.jpg,roman_colosseum,real
dataset_real\train\pyramids_of_giza\3715e538d8.jpg,pyramids_of_giza,real
dataset_real\train\roman_colosseum\ab4cd82684.jpg,roman_colosseum,real
dataset_synthetic\train\burj_khalifa\00299-2716773650.png,burj_khalifa,synthetic
dataset_synthetic\train\eiffel_tower\00284-162160945.png,eiffel_tower,synthetic
dataset_real\train\eiffel_tower\c8bed5098d.jpg,eiffel_tower,real
dataset_synthetic\train\eiffel_tower\00115-3388316060.png,eiffel_tower,synthetic
dataset_synthetic\train\eiffel_tower\00037-1984749090.png,eiffel_tower,synthetic
dataset_real\train\pyramids_of_giza\e130e33f7a.jpg,pyramids_of_giza,real
dataset_real\train\christ_the_reedemer\8e049808ff.jpg,christ_the_reedemer,real
dataset_real\train\eiffel_tower\e9629093c1.jpg,eiffel_tower,real
dataset_synthetic\train\statue_of_liberty\00578-3964871327.png,statue_of_liberty,synthetic
dataset_synthetic\train\statue_of_liberty\00632-2648309710.png,statue_of_liberty,synthetic
dataset_synthetic\train\chichen_itza\00216-4190620853.png,chichen_itza,synthetic
dataset_synthetic\train\pyramids_of_giza\00038-2054659941.png,pyramids_of_giza,synthetic
dataset_synthetic\train\chichen_itza\00005-354526592.png,chichen_itza,synthetic
dataset_real\train\burj_khalifa\bf2b351508.jpg,burj_khalifa,real
dataset_synthetic\train\burj_khalifa\00021-2682522074.png,burj_khalifa,synthetic
dataset_synthetic\train\roman_colosseum\00190-1974243509.png,roman_colosseum,synthetic
dataset_synthetic\train\burj_khalifa\00092-4109332460.png,burj_khalifa,synthetic
dataset_real\train\burj_khalifa\dab5bf98d7.jpg,burj_khalifa,real
dataset_synthetic\train\great_wall_of_china\00264-4085978430.png,great_wall_of_china,synthetic
dataset_synthetic\train\eiffel_tower\00137-70550508.png,eiffel_tower,synthetic
dataset_synthetic\train\great_wall_of_china\00119-920026950.png,great_wall_of_china,synthetic
dataset_real\train\roman_colosseum\e48c1e99ba.jpg,roman_colosseum,real
dataset_synthetic\train\pyramids_of_giza\00024-4241466220.png,pyramids_of_giza,synthetic
dataset_real\train\christ_the_reedemer\6781bc5dd1.jpg,christ_the_reedemer,real
dataset_synthetic\train\burj_khalifa\00010-2682522063.png,burj_khalifa,synthetic
dataset_synthetic\train\christ_the_reedemer\00221-1121221012.png,christ_the_reedemer,synthetic
dataset_real\train\chichen_itza\80bb7f3934.jpg,chichen_itza,real
dataset_real\train\chichen_itza\786e72091b.jpg,chichen_itza,real
dataset_real\train\eiffel_tower\0c157ad222.jpg,eiffel_tower,real
dataset_real\train\chichen_itza\c58d298534.jpg,chichen_itza,real
dataset_real\train\roman_colosseum\2b69d6e95d.jpg,roman_colosseum,real
dataset_synthetic\train\chichen_itza\00259-1829905844.png,chichen_itza,synthetic
dataset_synthetic\train\pyramids_of_giza\00233-3159135372.png,pyramids_of_giza,synthetic
dataset_real\train\christ_the_reedemer\4a017e8111.jpg,christ_the_reedemer,real
dataset_synthetic\train\great_wall_of_china\00149-2449295052.png,great_wall_of_china,synthetic
dataset_real\train\chichen_itza\cc89ae6754.jpg,chichen_itza,real
dataset_real\train\statue_of_liberty\4fa5fda450.jpg,statue_of_liberty,real
dataset_synthetic\train\burj_khalifa\00196-2688549104.png,burj_khalifa,synthetic
dataset_synthetic\train\burj_khalifa\00264-2863073474.png,burj_khalifa,synthetic
dataset_real\train\burj_khalifa\db0f0e8be5.jpg,burj_khalifa,real
dataset_real\train\eiffel_tower\188c8949c6.jpg,eiffel_tower,real
dataset_real\train\roman_colosseum\b440431a1e.jpg,roman_colosseum,real
dataset_synthetic\train\great_wall_of_china\00280-1383148732.png,great_wall_of_china,synthetic
dataset_real\train\christ_the_reedemer\92d2d32daf.jpg,christ_the_reedemer,real
dataset_synthetic\train\roman_colosseum\00078-1525667168.png,roman_colosseum,synthetic
dataset_real\train\eiffel_tower\096ca11d0f.jpg,eiffel_tower,real
dataset_synthetic\train\great_wall_of_china\00173-1607761953.png,great_wall_of_china,synthetic
dataset_real\train\burj_khalifa\1d33e68a48.jpg,burj_khalifa,real
dataset_real\train\chichen_itza\5e1d59d983.jpg,chichen_itza,real
dataset_synthetic\train\pyramids_of_giza\00150-2205670326.png,pyramids_of_giza,synthetic
dataset_synthetic\train\eiffel_tower\00173-1848933972.png,eiffel_tower,synthetic
dataset_real\train\chichen_itza\aaf568acf9.jpg,chichen_itza,real
dataset_real\train\roman_colosseum\cde779b4b8.jpg,roman_colosseum,real
dataset_real\train\pyramids_of_giza\52f551ccf4.jpg,pyramids_of_giza,real
dataset_real\train\great_wall_of_china\61154098a1.jpg,great_wall_of_china,real
dataset_synthetic\train\christ_the_reedemer\00220-1121221011.png,christ_the_reedemer,synthetic
dataset_synthetic\train\chichen_itza\00201-1342241956.png,chichen_itza,synthetic
dataset_synthetic\train\burj_khalifa\00209-2688549117.png,burj_khalifa,synthetic
dataset_real\train\christ_the_reedemer\27761eb329.jpg,christ_the_reedemer,real
dataset_synthetic\train\eiffel_tower\00174-1848933973.png,eiffel_tower,synthetic
dataset_synthetic\train\great_wall_of_china\00060-2389887056.png,great_wall_of_china,synthetic
dataset_synthetic\train\eiffel_tower\00136-70550507.png,eiffel_tower,synthetic
dataset_real\train\chichen_itza\d08aeef861.jpg,chichen_itza,real
dataset_real\train\great_wall_of_china\c8f45205f4.jpg,great_wall_of_china,real
dataset_synthetic\train\eiffel_tower\00147-70550518.png,eiffel_tower,synthetic
dataset_real\train\statue_of_liberty\6d393bb21c.jpg,statue_of_liberty,real
dataset_synthetic\train\great_wall_of_china\00216-4011577231.png,great_wall_of_china,synthetic
dataset_real\train\great_wall_of_china\758bb61af1.jpg,great_wall_of_china,real
dataset_synthetic\train\pyramids_of_giza\00122-962878660.png,pyramids_of_giza,synthetic
dataset_synthetic\train\great_wall_of_china\00026-1860489326.png,great_wall_of_china,synthetic
dataset_real\train\pyramids_of_giza\b3b6bfbda6.jpg,pyramids_of_giza,real
dataset_synthetic\train\eiffel_tower\00210-2386103685.png,eiffel_tower,synthetic
dataset_real\train\burj_khalifa\ac535dbef2.jpg,burj_khalifa,real
dataset_real\train\eiffel_tower\cc5e09d698.jpg,eiffel_tower,real
dataset_synthetic\train\eiffel_tower\00170-1848933969.png,eiffel_tower,synthetic
dataset_synthetic\train\eiffel_tower\00249-1566552030.png,eiffel_tower,synthetic
dataset_real\train\pyramids_of_giza\8c348cc0b6.jpg,pyramids_of_giza,real
dataset_synthetic\train\burj_khalifa\00298-2716773649.png,burj_khalifa,synthetic
dataset_real\train\statue_of_liberty\833f862deb.jpg,statue_of_liberty,real
dataset_real\train\roman_colosseum\cc495a3ebe.jpg,roman_colosseum,real
dataset_real\train\roman_colosseum\1423c270d0.jpg,roman_colosseum,real
dataset_real\train\statue_of_liberty\c3628c9ea6.jpg,statue_of_liberty,real
dataset_synthetic\train\pyramids_of_giza\00155-2205670331.png,pyramids_of_giza,synthetic
dataset_real\train\pyramids_of_giza\2704ff6ec2.jpg,pyramids_of_giza,real
dataset_synthetic\train\chichen_itza\00062-2079455155.png,chichen_itza,synthetic
dataset_synthetic\train\statue_of_liberty\00369-174988327.png,statue_of_liberty,synthetic
dataset_real\train\pyramids_of_giza\be67361827.jpg,pyramids_of_giza,real
dataset_synthetic\train\eiffel_tower\00187-45903233.png,eiffel_tower,synthetic
dataset_real\train\burj_khalifa\ba1f994d0c.jpg,burj_khalifa,real
dataset_synthetic\train\roman_colosseum\00077-1525667167.png,roman_colosseum,synthetic
dataset_synthetic\train\christ_the_reedemer\00249-2017116365.png,christ_the_reedemer,synthetic
dataset_synthetic\train\chichen_itza\00172-1856050884.png,chichen_itza,synthetic
dataset_real\train\roman_colosseum\036d8446a8.jpg,roman_colosseum,real
dataset_synthetic\train\pyramids_of_giza\00079-2984508831.png,pyramids_of_giza,synthetic
dataset_synthetic\train\chichen_itza\00020-354526607.png,chichen_itza,synthetic
dataset_real\train\roman_colosseum\0fb90df2aa.jpg,roman_colosseum,real
dataset_synthetic\train\great_wall_of_china\00200-2026541308.png,great_wall_of_china,synthetic
dataset_real\train\christ_the_reedemer\359fef2bc9.jpg,christ_the_reedemer,real
dataset_synthetic\train\chichen_itza\00029-817939104.png,chichen_itza,synthetic
dataset_synthetic\train\pyramids_of_giza\00094-942607752.png,pyramids_of_giza,synthetic
dataset_synthetic\train\chichen_itza\00194-1342241949.png,chichen_itza,synthetic
dataset_synthetic\train\roman_colosseum\00068-1525667158.png,roman_colosseum,synthetic
dataset_real\train\christ_the_reedemer\87449ceee5.jpg,christ_the_reedemer,real
dataset_synthetic\train\chichen_itza\00135-1654904566.png,chichen_itza,synthetic
dataset_real\train\roman_colosseum\365fa20052.jpg,roman_colosseum,real
dataset_real\train\great_wall_of_china\0ac0152353.jpg,great_wall_of_china,real
dataset_synthetic\train\pyramids_of_giza\00028-4241466224.png,pyramids_of_giza,synthetic
dataset_real\train\eiffel_tower\795f26f60c.jpg,eiffel_tower,real
dataset_real\train\eiffel_tower\79a789a49c.jpg,eiffel_tower,real
dataset_real\train\burj_khalifa\5b5ec7e9c7.jpg,burj_khalifa,real
dataset_real\train\great_wall_of_china\8137ce4ade.jpg,great_wall_of_china,real
dataset_real\train\great_wall_of_china\4ad509749b.jpg,great_wall_of_china,real
dataset_synthetic\train\christ_the_reedemer\00034-3006335897.png,christ_the_reedemer,synthetic
dataset_real\train\burj_khalifa\6642cd4968.jpg,burj_khalifa,real
dataset_synthetic\train\pyramids_of_giza\00044-2054659947.png,pyramids_of_giza,synthetic
dataset_synthetic\train\statue_of_liberty\00409-1169046320.png,statue_of_liberty,synthetic
dataset_real\train\burj_khalifa\99d153a3f6.jpg,burj_khalifa,real
dataset_real\train\eiffel_tower\18640ca306.jpg,eiffel_tower,real
dataset_real\train\pyramids_of_giza\ffc0b04961.jpg,pyramids_of_giza,real
dataset_synthetic\train\eiffel_tower\00139-70550510.png,eiffel_tower,synthetic
dataset_real\train\christ_the_reedemer\f362c1df68.jpg,christ_the_reedemer,real
dataset_synthetic\train\roman_colosseum\00192-1974243511.png,roman_colosseum,synthetic
dataset_real\train\statue_of_liberty\5b33d3be25.jpg,statue_of_liberty,real
dataset_synthetic\train\statue_of_liberty\00452-818305455.png,statue_of_liberty,synthetic
dataset_real\train\eiffel_tower\1b9753fb06.jpg,eiffel_tower,real
dataset_real\train\roman_colosseum\e1dc8e5d52.jpg,roman_colosseum,real
dataset_real\train\pyramids_of_giza\de2b28f4c0.jpg,pyramids_of_giza,real
dataset_real\train\eiffel_tower\ce07cbee0c.jpg,eiffel_tower,real
dataset_synthetic\train\roman_colosseum\00154-1009224252.png,roman_colosseum,synthetic
dataset_real\train\great_wall_of_china\ec3ba4a31a.jpg,great_wall_of_china,real
dataset_synthetic\train\pyramids_of_giza\00210-3159135349.png,pyramids_of_giza,synthetic
dataset_real\train\great_wall_of_china\2726da7f5e.jpg,great_wall_of_china,real
dataset_synthetic\train\eiffel_tower\00175-1848933974.png,eiffel_tower,synthetic
dataset_synthetic\train\pyramids_of_giza\00160-2205670336.png,pyramids_of_giza,synthetic
dataset_synthetic\train\eiffel_tower\00031-1984749084.png,eiffel_tower,synthetic
dataset_synthetic\train\chichen_itza\00020-817939095.png,chichen_itza,synthetic
dataset_synthetic\train\eiffel_tower\00222-2386103697.png,eiffel_tower,synthetic
dataset_real\train\pyramids_of_giza\390774c301.jpg,pyramids_of_giza,real
dataset_real\train\pyramids_of_giza\3b3c04439d.jpg,pyramids_of_giza,real
dataset_synthetic\train\pyramids_of_giza\00073-2984508825.png,pyramids_of_giza,synthetic
dataset_synthetic\train\great_wall_of_china\00197-2026541305.png,great_wall_of_china,synthetic
dataset_real\train\christ_the_reedemer\b45376dc33.jpg,christ_the_reedemer,real
dataset_synthetic\train\pyramids_of_giza\00037-2054659940.png,pyramids_of_giza,synthetic
dataset_real\train\chichen_itza\6fa24f8dc9.jpg,chichen_itza,real
dataset_real\train\chichen_itza\a03575ebe2.jpg,chichen_itza,real
dataset_synthetic\train\eiffel_tower\00072-2409094506.png,eiffel_tower,synthetic
dataset_real\train\pyramids_of_giza\dc718a4bb6.jpg,pyramids_of_giza,real
dataset_synthetic\train\roman_colosseum\00063-1525667153.png,roman_colosseum,synthetic
dataset_synthetic\train\burj_khalifa\00027-2682522080.png,burj_khalifa,synthetic
dataset_real\train\burj_khalifa\957522dd9e.jpg,burj_khalifa,real
dataset_synthetic\train\statue_of_liberty\00508-1791252950.png,statue_of_liberty,synthetic
dataset_synthetic\train\christ_the_reedemer\00293-2284744742.png,christ_the_reedemer,synthetic
dataset_real\train\great_wall_of_china\5b9b29a127.jpg,great_wall_of_china,real
dataset_real\train\christ_the_reedemer\771171dcba.jpg,christ_the_reedemer,real
dataset_synthetic\train\roman_colosseum\00147-4069228249.png,roman_colosseum,synthetic
dataset_synthetic\train\christ_the_reedemer\00075-2397697060.png,christ_the_reedemer,synthetic
dataset_synthetic\train\roman_colosseum\00178-1974243497.png,roman_colosseum,synthetic
dataset_real\train\burj_khalifa\1c772f558f.jpg,burj_khalifa,real
dataset_real\train\pyramids_of_giza\5162917566.jpg,pyramids_of_giza,real
dataset_real\train\burj_khalifa\c20d1748c5.jpg,burj_khalifa,real
dataset_synthetic\train\roman_colosseum\00210-1225658188.png,roman_colosseum,synthetic
dataset_real\train\chichen_itza\46624ccf35.jpg,chichen_itza,real
dataset_real\train\pyramids_of_giza\ae47ba40c4.jpg,pyramids_of_giza,real
dataset_real\train\statue_of_liberty\72a81bc7ea.jpg,statue_of_liberty,real
dataset_synthetic\train\chichen_itza\00123-1654904554.png,chichen_itza,synthetic
dataset_synthetic\train\eiffel_tower\00245-1566552026.png,eiffel_tower,synthetic
dataset_real\train\statue_of_liberty\c1d71a10b7.jpg,statue_of_liberty,real
dataset_synthetic\train\eiffel_tower\00022-3137921707.png,eiffel_tower,synthetic
dataset_synthetic\train\chichen_itza\00106-3888410417.png,chichen_itza,synthetic
dataset_synthetic\train\burj_khalifa\00032-3281528397.png,burj_khalifa,synthetic
dataset_real\train\burj_khalifa\0676bc5d63.jpg,burj_khalifa,real
dataset_real\train\roman_colosseum\e57ee8b2a3.jpg,roman_colosseum,real
dataset_real\train\christ_the_reedemer\d0f59a3aaf.jpg,christ_the_reedemer,real
dataset_synthetic\train\eiffel_tower\00270-162160931.png,eiffel_tower,synthetic
dataset_synthetic\train\roman_colosseum\00061-1525667151.png,roman_colosseum,synthetic
dataset_real\train\eiffel_tower\d90d95774e.jpg,eiffel_tower,real
dataset_synthetic\train\chichen_itza\00200-1342241955.png,chichen_itza,synthetic
dataset_real\train\chichen_itza\0b04a8cbfe.jpg,chichen_itza,real
dataset_real\train\roman_colosseum\d7eb23578c.jpg,roman_colosseum,real
dataset_real\train\burj_khalifa\5683bf6592.jpg,burj_khalifa,real
dataset_real\train\chichen_itza\d9c1d3054f.jpg,chichen_itza,real
dataset_synthetic\train\pyramids_of_giza\00279-39524424.png,pyramids_of_giza,synthetic
dataset_real\train\roman_colosseum\6748ffa6ef.jpg,roman_colosseum,real
dataset_real\train\statue_of_liberty\7f68ffa2ee.jpg,statue_of_liberty,real
dataset_real\train\christ_the_reedemer\682c298d1c.jpg,christ_the_reedemer,real
dataset_synthetic\train\roman_colosseum\00081-1525667171.png,roman_colosseum,synthetic
dataset_real\train\eiffel_tower\4e8267c0ad.jpg,eiffel_tower,real
dataset_real\train\pyramids_of_giza\d0af97b391.jpg,pyramids_of_giza,real
dataset_real\train\pyramids_of_giza\f4ee06b699.jpg,pyramids_of_giza,real
dataset_real\train\roman_colosseum\2bf83da218.jpg,roman_colosseum,real
dataset_synthetic\train\roman_colosseum\00001-2283819978.png,roman_colosseum,synthetic
dataset_real\train\eiffel_tower\32bbbd89d5.jpg,eiffel_tower,real
dataset_real\train\christ_the_reedemer\a9c627686f.jpg,christ_the_reedemer,real
dataset_synthetic\train\pyramids_of_giza\00163-2205670339.png,pyramids_of_giza,synthetic
dataset_synthetic\train\pyramids_of_giza\00256-3340261366.png,pyramids_of_giza,synthetic
dataset_synthetic\train\christ_the_reedemer\00111-2389616931.png,christ_the_reedemer,synthetic
dataset_synthetic\train\great_wall_of_china\00100-920026931.png,great_wall_of_china,synthetic
dataset_synthetic\train\statue_of_liberty\00451-818305454.png,statue_of_liberty,synthetic
dataset_synthetic\train\eiffel_tower\00108-3388316053.png,eiffel_tower,synthetic
dataset_real\train\chichen_itza\89717eb77c.jpg,chichen_itza,real
dataset_synthetic\train\christ_the_reedemer\00241-2017116357.png,christ_the_reedemer,synthetic
dataset_synthetic\train\chichen_itza\00269-1829905854.png,chichen_itza,synthetic
dataset_real\train\burj_khalifa\04d516ea7d.jpg,burj_khalifa,real
dataset_real\train\burj_khalifa\b1a2328f2f.jpg,burj_khalifa,real
dataset_real\train\roman_colosseum\6203523e85.jpg,roman_colosseum,real
dataset_real\train\christ_the_reedemer\100be00023.jpg,christ_the_reedemer,real
dataset_real\train\chichen_itza\6e2fb6b730.jpg,chichen_itza,real
dataset_real\train\roman_colosseum\b729c25cf0.jpg,roman_colosseum,real
dataset_real\train\chichen_itza\d5b85454e5.jpg,chichen_itza,real
dataset_synthetic\train\christ_the_reedemer\00290-3045517153.png,christ_the_reedemer,synthetic
dataset_real\train\burj_khalifa\1e906e0e39.jpg,burj_khalifa,real
dataset_synthetic\train\great_wall_of_china\00201-2026541309.png,great_wall_of_china,synthetic
dataset_synthetic\train\statue_of_liberty\00512-1791252954.png,statue_of_liberty,synthetic
dataset_real\train\chichen_itza\db73f60cc4.jpg,chichen_itza,real
dataset_real\train\pyramids_of_giza\114a211640.jpg,pyramids_of_giza,real
dataset_real\train\christ_the_reedemer\8fa0f7585a.jpg,christ_the_reedemer,real
dataset_synthetic\train\pyramids_of_giza\00169-2205670345.png,pyramids_of_giza,synthetic
dataset_synthetic\train\statue_of_liberty\00542-3937903686.png,statue_of_liberty,synthetic
dataset_synthetic\train\eiffel_tower\00121-70550492.png,eiffel_tower,synthetic
dataset_synthetic\train\great_wall_of_china\00293-1383148745.png,great_wall_of_china,synthetic
dataset_synthetic\train\great_wall_of_china\00067-2389887063.png,great_wall_of_china,synthetic
dataset_synthetic\train\great_wall_of_china\00147-2449295050.png,great_wall_of_china,synthetic
dataset_synthetic\train\burj_khalifa\00119-4109332487.png,burj_khalifa,synthetic
dataset_synthetic\train\christ_the_reedemer\00191-4094071617.png,christ_the_reedemer,synthetic
dataset_real\train\eiffel_tower\849b0bf591.jpg,eiffel_tower,real
dataset_real\train\eiffel_tower\3b94b960f5.jpg,eiffel_tower,real
dataset_real\train\pyramids_of_giza\3b2472d9c5.jpg,pyramids_of_giza,real
dataset_synthetic\train\chichen_itza\00026-354526613.png,chichen_itza,synthetic
dataset_real\train\great_wall_of_china\dd3c569511.jpg,great_wall_of_china,real
dataset_real\train\christ_the_reedemer\439f31fcaa.jpg,christ_the_reedemer,real
dataset_synthetic\train\great_wall_of_china\00236-4011577251.png,great_wall_of_china,synthetic
dataset_real\train\christ_the_reedemer\bc292a4c0a.jpg,christ_the_reedemer,real
dataset_real\train\pyramids_of_giza\842870afe0.jpg,pyramids_of_giza,real
dataset_synthetic\train\chichen_itza\00168-1856050880.png,chichen_itza,synthetic
dataset_synthetic\train\burj_khalifa\00245-2863073455.png,burj_khalifa,synthetic
dataset_real\train\pyramids_of_giza\3338c19c08.jpg,pyramids_of_giza,real
dataset_real\train\chichen_itza\a4908ccaa5.jpg,chichen_itza,real
dataset_synthetic\train\burj_khalifa\00263-2863073473.png,burj_khalifa,synthetic
dataset_real\train\eiffel_tower\bcac358921.jpg,eiffel_tower,real
dataset_real\train\roman_colosseum\e3276474d3.jpg,roman_colosseum,real
dataset_real\train\chichen_itza\58c5d7abbb.jpg,chichen_itza,real
dataset_synthetic\train\burj_khalifa\00042-3281528407.png,burj_khalifa,synthetic
dataset_real\train\great_wall_of_china\ddc25d99b5.jpg,great_wall_of_china,real
dataset_real\train\burj_khalifa\a0737c4eec.jpg,burj_khalifa,real
dataset_synthetic\train\burj_khalifa\00256-2863073466.png,burj_khalifa,synthetic
dataset_real\train\burj_khalifa\9c1c7613c0.jpg,burj_khalifa,real
dataset_real\train\chichen_itza\3b7c811f32.jpg,chichen_itza,real
dataset_synthetic\train\great_wall_of_china\00098-920026929.png,great_wall_of_china,synthetic
dataset_real\train\chichen_itza\06ba691ad9.jpg,chichen_itza,real
dataset_real\train\eiffel_tower\59a03ff71a.jpg,eiffel_tower,real
dataset_synthetic\train\chichen_itza\00178-1856050890.png,chichen_itza,synthetic
dataset_synthetic\train\roman_colosseum\00270-241878725.png,roman_colosseum,synthetic
dataset_synthetic\train\roman_colosseum\00018-3704602083.png,roman_colosseum,synthetic
dataset_real\train\roman_colosseum\1d9f847eff.jpg,roman_colosseum,real
dataset_real\train\christ_the_reedemer\f201c758fa.jpg,christ_the_reedemer,real
dataset_synthetic\train\pyramids_of_giza\00260-3340261370.png,pyramids_of_giza,synthetic
dataset_synthetic\train\roman_colosseum\00041-2283819990.png,roman_colosseum,synthetic
dataset_synthetic\train\pyramids_of_giza\00293-39524438.png,pyramids_of_giza,synthetic
dataset_real\train\statue_of_liberty\67f5c87a9d.jpg,statue_of_liberty,real
dataset_synthetic\train\christ_the_reedemer\00154-423565292.png,christ_the_reedemer,synthetic
dataset_real\train\roman_colosseum\b5e5d4d4a5.jpg,roman_colosseum,real
dataset_real\train\pyramids_of_giza\b75a4d6a72.jpg,pyramids_of_giza,real
dataset_synthetic\train\great_wall_of_china\00297-1383148749.png,great_wall_of_china,synthetic
dataset_real\train\christ_the_reedemer\67218b252f.jpg,christ_the_reedemer,real
dataset_real\train\christ_the_reedemer\f8dbee7d04.jpg,christ_the_reedemer,real
dataset_real\train\roman_colosseum\a6e1a4483d.jpg,roman_colosseum,real
dataset_synthetic\train\christ_the_reedemer\00077-2397697062.png,christ_the_reedemer,synthetic
dataset_real\train\eiffel_tower\c4a56f9ae0.jpg,eiffel_tower,real
dataset_real\train\statue_of_liberty\f58ebb544c.jpg,statue_of_liberty,real
dataset_real\train\eiffel_tower\9f1960558d.jpg,eiffel_tower,real
dataset_synthetic\train\great_wall_of_china\00112-920026943.png,great_wall_of_china,synthetic
dataset_real\train\chichen_itza\3ea368371f.jpg,chichen_itza,real
dataset_synthetic\train\roman_colosseum\00247-1881496542.png,roman_colosseum,synthetic
dataset_real\train\christ_the_reedemer\63706359ea.jpg,christ_the_reedemer,real
dataset_synthetic\train\christ_the_reedemer\00192-4094071618.png,christ_the_reedemer,synthetic
dataset_real\train\statue_of_liberty\ec63ebf907.jpg,statue_of_liberty,real
dataset_real\train\christ_the_reedemer\c67ff43f6c.jpg,christ_the_reedemer,real
dataset_synthetic\train\great_wall_of_china\00205-2026541313.png,great_wall_of_china,synthetic
dataset_synthetic\train\chichen_itza\00226-4190620863.png,chichen_itza,synthetic
dataset_real\train\great_wall_of_china\bdfd13d6d6.jpg,great_wall_of_china,real
dataset_real\train\statue_of_liberty\e3d89d513a.jpg,statue_of_liberty,real
dataset_synthetic\train\statue_of_liberty\00634-2648309712.png,statue_of_liberty,synthetic
dataset_synthetic\train\eiffel_tower\00229-2386103704.png,eiffel_tower,synthetic
dataset_real\train\roman_colosseum\52cbe9ee13.jpg,roman_colosseum,real
dataset_real\train\pyramids_of_giza\f478cca7a8.jpg,pyramids_of_giza,real
dataset_synthetic\train\great_wall_of_china\00140-2449295043.png,great_wall_of_china,synthetic
dataset_real\train\chichen_itza\eeba4ea988.jpg,chichen_itza,real
dataset_synthetic\train\chichen_itza\00126-1654904557.png,chichen_itza,synthetic
dataset_real\train\great_wall_of_china\9cf96cb325.jpg,great_wall_of_china,real
dataset_real\train\eiffel_tower\01de31a300.jpg,eiffel_tower,real
dataset_real\train\burj_khalifa\d9c2f4c542.jpg,burj_khalifa,real
dataset_synthetic\train\burj_khalifa\00170-2778414637.png,burj_khalifa,synthetic
dataset_real\train\statue_of_liberty\45bbf96356.jpg,statue_of_liberty,real
dataset_real\train\great_wall_of_china\4d3b9fd67d.jpg,great_wall_of_china,real
dataset_real\train\statue_of_liberty\a8090553d1.jpg,statue_of_liberty,real
dataset_real\train\burj_khalifa\449f17a1a5.jpg,burj_khalifa,real
dataset_synthetic\train\eiffel_tower\00066-2409094500.png,eiffel_tower,synthetic
dataset_synthetic\train\pyramids_of_giza\00036-2054659939.png,pyramids_of_giza,synthetic
dataset_real\train\great_wall_of_china\96ebb99118.jpg,great_wall_of_china,real
dataset_real\train\roman_colosseum\3addd94b74.jpg,roman_colosseum,real
dataset_real\train\statue_of_liberty\29590be1bb.jpg,statue_of_liberty,real
dataset_synthetic\train\roman_colosseum\00056-2283820005.png,roman_colosseum,synthetic
dataset_synthetic\train\burj_khalifa\00295-2716773646.png,burj_khalifa,synthetic
dataset_synthetic\train\eiffel_tower\00088-3287934971.png,eiffel_tower,synthetic
dataset_real\train\roman_colosseum\8899514949.jpg,roman_colosseum,real
dataset_synthetic\train\statue_of_liberty\00565-3937903709.png,statue_of_liberty,synthetic
dataset_real\train\chichen_itza\646408c7b0.jpg,chichen_itza,real
dataset_synthetic\train\pyramids_of_giza\00264-3340261374.png,pyramids_of_giza,synthetic
dataset_real\train\chichen_itza\1ec5bc38aa.jpg,chichen_itza,real
dataset_synthetic\train\pyramids_of_giza\00148-962878686.png,pyramids_of_giza,synthetic
dataset_real\train\burj_khalifa\997852f296.jpg,burj_khalifa,real
dataset_real\train\great_wall_of_china\6a7ea68bc4.jpg,great_wall_of_china,real
dataset_real\train\burj_khalifa\0584420541.jpg,burj_khalifa,real
dataset_real\train\roman_colosseum\1405d0e88b.jpg,roman_colosseum,real
dataset_real\train\great_wall_of_china\f7e3feb0c5.jpg,great_wall_of_china,real
dataset_real\train\burj_khalifa\bdc93badbf.jpg,burj_khalifa,real
dataset_synthetic\train\burj_khalifa\00137-1813382825.png,burj_khalifa,synthetic
dataset_synthetic\train\roman_colosseum\00260-1881496555.png,roman_colosseum,synthetic
dataset_real\train\christ_the_reedemer\9fb4f29072.jpg,christ_the_reedemer,real
dataset_real\train\chichen_itza\074c7f9999.jpg,chichen_itza,real
dataset_real\train\burj_khalifa\020f2c752c.jpg,burj_khalifa,real
dataset_synthetic\train\burj_khalifa\00030-3281528395.png,burj_khalifa,synthetic
dataset_real\train\great_wall_of_china\249da8a9e6.jpg,great_wall_of_china,real
dataset_real\train\statue_of_liberty\85afc8e23a.jpg,statue_of_liberty,real
dataset_synthetic\train\christ_the_reedemer\00156-423565294.png,christ_the_reedemer,synthetic
dataset_synthetic\train\great_wall_of_china\00048-1177815137.png,great_wall_of_china,synthetic
dataset_synthetic\train\pyramids_of_giza\00015-4241466211.png,pyramids_of_giza,synthetic
dataset_synthetic\train\great_wall_of_china\00262-4085978428.png,great_wall_of_china,synthetic
dataset_synthetic\train\great_wall_of_china\00057-1177815146.png,great_wall_of_china,synthetic
dataset_synthetic\train\christ_the_reedemer\00043-3006335906.png,christ_the_reedemer,synthetic
dataset_synthetic\train\pyramids_of_giza\00053-2054659956.png,pyramids_of_giza,synthetic
dataset_real\train\statue_of_liberty\3e45a0017a.jpg,statue_of_liberty,real
dataset_synthetic\train\statue_of_liberty\00630-2648309708.png,statue_of_liberty,synthetic
dataset_real\train\burj_khalifa\db39498828.jpg,burj_khalifa,real
dataset_real\train\chichen_itza\0815e950f9.jpg,chichen_itza,real
dataset_real\train\eiffel_tower\9fd72068a7.jpg,eiffel_tower,real
dataset_real\train\burj_khalifa\50fad8df17.jpg,burj_khalifa,real
dataset_real\train\roman_colosseum\c90c9b771a.jpg,roman_colosseum,real
dataset_real\train\chichen_itza\de013f227c.jpg,chichen_itza,real
dataset_synthetic\train\great_wall_of_china\00213-4011577228.png,great_wall_of_china,synthetic
dataset_synthetic\train\statue_of_liberty\00583-3964871332.png,statue_of_liberty,synthetic
dataset_real\train\statue_of_liberty\291fcbedfc.jpg,statue_of_liberty,real
dataset_synthetic\train\pyramids_of_giza\00147-962878685.png,pyramids_of_giza,synthetic
dataset_synthetic\train\burj_khalifa\00158-2778414625.png,burj_khalifa,synthetic
dataset_synthetic\train\eiffel_tower\00264-1566552045.png,eiffel_tower,synthetic
dataset_real\train\eiffel_tower\a659c067a8.jpg,eiffel_tower,real
dataset_synthetic\train\eiffel_tower\00109-3388316054.png,eiffel_tower,synthetic
dataset_real\train\chichen_itza\f171673afd.jpg,chichen_itza,real
dataset_real\train\burj_khalifa\3d42125b29.jpg,burj_khalifa,real
dataset_real\train\pyramids_of_giza\9f62d420cb.jpg,pyramids_of_giza,real
dataset_synthetic\train\pyramids_of_giza\00034-2054659937.png,pyramids_of_giza,synthetic
dataset_real\train\roman_colosseum\28de599b18.jpg,roman_colosseum,real
dataset_synthetic\train\burj_khalifa\00178-2778414645.png,burj_khalifa,synthetic
dataset_synthetic\train\burj_khalifa\00113-4109332481.png,burj_khalifa,synthetic
dataset_synthetic\train\burj_khalifa\00199-2688549107.png,burj_khalifa,synthetic
dataset_real\train\roman_colosseum\9a9d9ace90.jpg,roman_colosseum,real
dataset_synthetic\train\christ_the_reedemer\00044-3006335907.png,christ_the_reedemer,synthetic
dataset_real\train\great_wall_of_china\fc0396bb6b.jpg,great_wall_of_china,real
dataset_real\train\christ_the_reedemer\eb1be924c7.jpg,christ_the_reedemer,real
dataset_real\train\great_wall_of_china\ba7f33bd61.jpg,great_wall_of_china,real
dataset_real\train\chichen_itza\f70cb0525d.jpg,chichen_itza,real
dataset_real\train\christ_the_reedemer\8f861431d3.jpg,christ_the_reedemer,real
dataset_real\train\chichen_itza\59a9abb96b.jpg,chichen_itza,real
dataset_synthetic\train\pyramids_of_giza\00174-2205670350.png,pyramids_of_giza,synthetic
dataset_real\train\great_wall_of_china\e9d83f329a.jpg,great_wall_of_china,real
dataset_synthetic\train\chichen_itza\00247-1829905832.png,chichen_itza,synthetic
dataset_real\train\christ_the_reedemer\81285cdbd1.jpg,christ_the_reedemer,real
dataset_synthetic\train\chichen_itza\00072-2079455165.png,chichen_itza,synthetic
dataset_synthetic\train\pyramids_of_giza\00255-3340261365.png,pyramids_of_giza,synthetic
dataset_real\train\eiffel_tower\a12f3e9f54.jpg,eiffel_tower,real
dataset_synthetic\train\christ_the_reedemer\00031-3006335894.png,christ_the_reedemer,synthetic
dataset_real\train\chichen_itza\146d3638b7.jpg,chichen_itza,real
dataset_real\train\great_wall_of_china\c837739262.jpg,great_wall_of_china,real
dataset_synthetic\train\christ_the_reedemer\00271-3045517134.png,christ_the_reedemer,synthetic
dataset_synthetic\train\eiffel_tower\00027-3137921712.png,eiffel_tower,synthetic
dataset_real\train\roman_colosseum\4261109a74.jpg,roman_colosseum,real
dataset_synthetic\train\eiffel_tower\00026-3137921711.png,eiffel_tower,synthetic
dataset_synthetic\train\chichen_itza\00094-3888410405.png,chichen_itza,synthetic
dataset_real\train\christ_the_reedemer\d5dc2e3c26.jpg,christ_the_reedemer,real
dataset_synthetic\train\burj_khalifa\00109-4109332477.png,burj_khalifa,synthetic
dataset_synthetic\train\christ_the_reedemer\00203-1121220994.png,christ_the_reedemer,synthetic
dataset_real\train\statue_of_liberty\bf2d3341e2.jpg,statue_of_liberty,real
dataset_real\train\burj_khalifa\280ed22c98.jpg,burj_khalifa,real
dataset_real\train\eiffel_tower\d143e7a939.jpg,eiffel_tower,real
dataset_real\train\eiffel_tower\c9d0a3da4b.jpg,eiffel_tower,real
dataset_synthetic\train\statue_of_liberty\00362-174988320.png,statue_of_liberty,synthetic
dataset_real\train\eiffel_tower\0a3362b2c7.jpg,eiffel_tower,real
dataset_real\train\statue_of_liberty\f657f433c8.jpg,statue_of_liberty,real
dataset_synthetic\train\christ_the_reedemer\00110-2389616930.png,christ_the_reedemer,synthetic
dataset_real\train\eiffel_tower\0970ee8661.jpg,eiffel_tower,real
dataset_real\train\burj_khalifa\e0022a596e.jpg,burj_khalifa,real
dataset_synthetic\train\roman_colosseum\00055-2283820004.png,roman_colosseum,synthetic
dataset_real\train\christ_the_reedemer\d4c7b8d9ab.jpg,christ_the_reedemer,real
dataset_real\train\pyramids_of_giza\684ef1cf51.jpg,pyramids_of_giza,real
dataset_synthetic\train\roman_colosseum\00170-1009224268.png,roman_colosseum,synthetic
dataset_synthetic\train\great_wall_of_china\00188-2026541296.png,great_wall_of_china,synthetic
dataset_real\train\eiffel_tower\439d5f4581.jpg,eiffel_tower,real
dataset_synthetic\train\statue_of_liberty\00418-3674376574.png,statue_of_liberty,synthetic
dataset_real\train\chichen_itza\dbf445096c.jpg,chichen_itza,real
dataset_synthetic\train\chichen_itza\00218-4190620855.png,chichen_itza,synthetic
dataset_synthetic\train\burj_khalifa\00272-2716773623.png,burj_khalifa,synthetic
dataset_real\train\christ_the_reedemer\4dcddcda09.jpg,christ_the_reedemer,real
dataset_synthetic\train\roman_colosseum\00155-1009224253.png,roman_colosseum,synthetic
dataset_real\train\great_wall_of_china\ee0986001f.jpg,great_wall_of_china,real
dataset_real\train\eiffel_tower\f00150af81.jpg,eiffel_tower,real
dataset_synthetic\train\christ_the_reedemer\00305-2284744754.png,christ_the_reedemer,synthetic
dataset_real\train\pyramids_of_giza\7579a0f0f9.jpg,pyramids_of_giza,real
dataset_real\train\eiffel_tower\b8634fc89f.jpg,eiffel_tower,real
dataset_synthetic\train\christ_the_reedemer\00144-423565282.png,christ_the_reedemer,synthetic
dataset_real\train\statue_of_liberty\a1f6376f28.jpg,statue_of_liberty,real
dataset_synthetic\train\eiffel_tower\00061-2409094495.png,eiffel_tower,synthetic
dataset_synthetic\train\great_wall_of_china\00088-2389887084.png,great_wall_of_china,synthetic
dataset_synthetic\train\burj_khalifa\00146-1813382834.png,burj_khalifa,synthetic
dataset_real\train\chichen_itza\8abad0d5f2.jpg,chichen_itza,real
dataset_real\train\roman_colosseum\ca4d5fae6b.jpg,roman_colosseum,real
dataset_real\train\eiffel_tower\9bf2d501d4.jpg,eiffel_tower,real
dataset_synthetic\train\chichen_itza\00035-2669227189.png,chichen_itza,synthetic
dataset_real\train\roman_colosseum\4bbfd9fe0d.jpg,roman_colosseum,real
dataset_synthetic\train\roman_colosseum\00219-1225658197.png,roman_colosseum,synthetic
dataset_synthetic\train\pyramids_of_giza\00288-39524433.png,pyramids_of_giza,synthetic
dataset_synthetic\train\pyramids_of_giza\00219-3159135358.png,pyramids_of_giza,synthetic
dataset_synthetic\train\chichen_itza\00238-4190620875.png,chichen_itza,synthetic
dataset_synthetic\train\eiffel_tower\00256-1566552037.png,eiffel_tower,synthetic
dataset_real\train\chichen_itza\e22119068d.jpg,chichen_itza,real
dataset_synthetic\train\pyramids_of_giza\00041-2054659944.png,pyramids_of_giza,synthetic
dataset_synthetic\train\burj_khalifa\00277-2716773628.png,burj_khalifa,synthetic
dataset_synthetic\train\chichen_itza\00016-354526603.png,chichen_itza,synthetic
dataset_real\train\roman_colosseum\b2b9ff69ae.jpg,roman_colosseum,real
dataset_synthetic\train\pyramids_of_giza\00205-4087309984.png,pyramids_of_giza,synthetic
dataset_synthetic\train\roman_colosseum\00263-1881496558.png,roman_colosseum,synthetic
dataset_real\train\great_wall_of_china\1c37035bff.jpg,great_wall_of_china,real
dataset_real\train\burj_khalifa\c6348cfa39.jpg,burj_khalifa,real
dataset_synthetic\train\christ_the_reedemer\00274-3045517137.png,christ_the_reedemer,synthetic
dataset_real\train\pyramids_of_giza\0d90e99ddf.jpg,pyramids_of_giza,real
dataset_synthetic\train\eiffel_tower\00143-70550514.png,eiffel_tower,synthetic
dataset_real\train\christ_the_reedemer\8546f56928.jpg,christ_the_reedemer,real
dataset_synthetic\train\eiffel_tower\00029-3137921714.png,eiffel_tower,synthetic
dataset_real\train\christ_the_reedemer\2c8dab432d.jpg,christ_the_reedemer,real
dataset_synthetic\train\chichen_itza\00147-1654904578.png,chichen_itza,synthetic
dataset_real\train\eiffel_tower\0a071709df.jpg,eiffel_tower,real
dataset_real\train\eiffel_tower\92b17d7d47.jpg,eiffel_tower,real
dataset_real\train\burj_khalifa\a5794f0c69.jpg,burj_khalifa,real
dataset_synthetic\train\pyramids_of_giza\00080-2984508832.png,pyramids_of_giza,synthetic
dataset_synthetic\train\chichen_itza\00055-2669227209.png,chichen_itza,synthetic
dataset_synthetic\train\chichen_itza\00205-1342241960.png,chichen_itza,synthetic
dataset_real\train\roman_colosseum\e5ff5671c3.jpg,roman_colosseum,real
dataset_synthetic\train\pyramids_of_giza\00152-2205670328.png,pyramids_of_giza,synthetic
dataset_real\train\great_wall_of_china\0309f8674f.jpg,great_wall_of_china,real
dataset_synthetic\train\pyramids_of_giza\00103-942607761.png,pyramids_of_giza,synthetic
dataset_synthetic\train\chichen_itza\00091-3888410402.png,chichen_itza,synthetic
dataset_synthetic\train\great_wall_of_china\00019-1860489319.png,great_wall_of_china,synthetic
dataset_synthetic\train\eiffel_tower\00182-45903228.png,eiffel_tower,synthetic
dataset_real\train\great_wall_of_china\41e7f47c74.jpg,great_wall_of_china,real
dataset_real\train\pyramids_of_giza\f59466ac8b.jpg,pyramids_of_giza,real
dataset_synthetic\train\pyramids_of_giza\00284-39524429.png,pyramids_of_giza,synthetic
dataset_synthetic\train\great_wall_of_china\00222-4011577237.png,great_wall_of_china,synthetic
dataset_synthetic\train\great_wall_of_china\00072-2389887068.png,great_wall_of_china,synthetic
dataset_real\train\chichen_itza\128447c447.jpg,chichen_itza,real
dataset_synthetic\train\eiffel_tower\00184-45903230.png,eiffel_tower,synthetic
dataset_real\train\statue_of_liberty\537fcd3350.jpg,statue_of_liberty,real
dataset_synthetic\train\great_wall_of_china\00025-1860489325.png,great_wall_of_china,synthetic
dataset_synthetic\train\great_wall_of_china\00028-1860489328.png,great_wall_of_china,synthetic
dataset_real\train\christ_the_reedemer\8a30f1d2e9.jpg,christ_the_reedemer,real
dataset_real\train\pyramids_of_giza\96629a12d1.jpg,pyramids_of_giza,real
dataset_synthetic\train\pyramids_of_giza\00296-39524441.png,pyramids_of_giza,synthetic
dataset_real\train\roman_colosseum\98d4ba8541.jpg,roman_colosseum,real
dataset_real\train\roman_colosseum\a1b5d2f9af.jpg,roman_colosseum,real
dataset_synthetic\train\roman_colosseum\00126-4069228228.png,roman_colosseum,synthetic
dataset_real\train\statue_of_liberty\63943a1ec2.jpg,statue_of_liberty,real
dataset_real\train\great_wall_of_china\e486f91122.jpg,great_wall_of_china,real
dataset_synthetic\train\chichen_itza\00236-4190620873.png,chichen_itza,synthetic
dataset_real\train\eiffel_tower\afad9031c8.jpg,eiffel_tower,real
dataset_synthetic\train\pyramids_of_giza\00158-2205670334.png,pyramids_of_giza,synthetic
dataset_synthetic\train\christ_the_reedemer\00046-3006335909.png,christ_the_reedemer,synthetic
dataset_real\train\pyramids_of_giza\3b8a028a92.jpg,pyramids_of_giza,real
dataset_synthetic\train\roman_colosseum\00016-3704602081.png,roman_colosseum,synthetic
dataset_real\train\christ_the_reedemer\39f8c2fc79.jpg,christ_the_reedemer,real
dataset_real\train\roman_colosseum\bf7568a657.jpg,roman_colosseum,real
dataset_synthetic\train\pyramids_of_giza\00267-3340261377.png,pyramids_of_giza,synthetic
dataset_real\train\eiffel_tower\529f2c5833.jpg,eiffel_tower,real
dataset_synthetic\train\great_wall_of_china\00267-4085978433.png,great_wall_of_china,synthetic
dataset_synthetic\train\burj_khalifa\00082-3346071118.png,burj_khalifa,synthetic
dataset_synthetic\train\burj_khalifa\00174-2778414641.png,burj_khalifa,synthetic
dataset_synthetic\train\eiffel_tower\00024-3137921709.png,eiffel_tower,synthetic
dataset_synthetic\train\great_wall_of_china\00281-1383148733.png,great_wall_of_china,synthetic
dataset_real\train\statue_of_liberty\49382674a6.jpg,statue_of_liberty,real
dataset_synthetic\train\roman_colosseum\00237-1225658215.png,roman_colosseum,synthetic
dataset_real\train\roman_colosseum\0b20010eb2.jpg,roman_colosseum,real
dataset_real\train\eiffel_tower\3663188221.jpg,eiffel_tower,real
dataset_synthetic\train\chichen_itza\00154-1856050866.png,chichen_itza,synthetic
dataset_synthetic\train\roman_colosseum\00272-241878727.png,roman_colosseum,synthetic
dataset_synthetic\train\pyramids_of_giza\00226-3159135365.png,pyramids_of_giza,synthetic
dataset_real\train\eiffel_tower\dc4b0a717a.jpg,eiffel_tower,real
dataset_real\train\pyramids_of_giza\77460b4176.jpg,pyramids_of_giza,real
dataset_synthetic\train\chichen_itza\00209-1342241964.png,chichen_itza,synthetic
dataset_real\train\burj_khalifa\80314937d1.jpg,burj_khalifa,real
dataset_real\train\roman_colosseum\8d7200569d.jpg,roman_colosseum,real
dataset_real\train\chichen_itza\d1a8b033aa.jpg,chichen_itza,real
dataset_real\train\burj_khalifa\920dd79025.jpg,burj_khalifa,real
dataset_real\train\burj_khalifa\dc6c93dfc9.jpg,burj_khalifa,real
dataset_real\train\chichen_itza\8a39dcce68.jpg,chichen_itza,real
dataset_real\train\roman_colosseum\071fadc01d.jpg,roman_colosseum,real
dataset_synthetic\train\chichen_itza\00246-1829905831.png,chichen_itza,synthetic
dataset_real\train\great_wall_of_china\df4884144a.jpg,great_wall_of_china,real
dataset_synthetic\train\eiffel_tower\00195-45903241.png,eiffel_tower,synthetic
dataset_real\train\eiffel_tower\a046ed5707.jpg,eiffel_tower,real
dataset_real\train\chichen_itza\696bf42411.jpg,chichen_itza,real
dataset_real\train\roman_colosseum\3bbaac382d.jpg,roman_colosseum,real
dataset_synthetic\train\pyramids_of_giza\00196-4087309975.png,pyramids_of_giza,synthetic
dataset_synthetic\train\pyramids_of_giza\00273-39524418.png,pyramids_of_giza,synthetic
dataset_real\train\eiffel_tower\9f0e5caad3.jpg,eiffel_tower,real
dataset_synthetic\train\roman_colosseum\00124-4069228226.png,roman_colosseum,synthetic
dataset_real\train\great_wall_of_china\c6345746dd.jpg,great_wall_of_china,real
dataset_real\train\eiffel_tower\d552705561.jpg,eiffel_tower,real
dataset_real\train\chichen_itza\acab3cb8dd.jpg,chichen_itza,real
dataset_synthetic\train\burj_khalifa\00193-2688549101.png,burj_khalifa,synthetic
dataset_synthetic\train\roman_colosseum\00073-1525667163.png,roman_colosseum,synthetic
dataset_real\train\burj_khalifa\b299d5b709.jpg,burj_khalifa,real
dataset_real\train\christ_the_reedemer\580eebd4fc.jpg,christ_the_reedemer,real
dataset_real\train\burj_khalifa\50302374fc.jpg,burj_khalifa,real
dataset_real\train\burj_khalifa\642468ebf6.jpg,burj_khalifa,real
dataset_synthetic\train\chichen_itza\00265-1829905850.png,chichen_itza,synthetic
dataset_synthetic\train\christ_the_reedemer\00177-4094071603.png,christ_the_reedemer,synthetic
dataset_synthetic\train\chichen_itza\00054-2669227208.png,chichen_itza,synthetic
dataset_synthetic\train\christ_the_reedemer\00218-1121221009.png,christ_the_reedemer,synthetic
dataset_real\train\great_wall_of_china\feba20e146.jpg,great_wall_of_china,real
dataset_synthetic\train\burj_khalifa\00126-1813382814.png,burj_khalifa,synthetic
dataset_real\train\chichen_itza\c9906677e1.jpg,chichen_itza,real
dataset_real\train\roman_colosseum\193ca680ae.jpg,roman_colosseum,real
dataset_synthetic\train\statue_of_liberty\00627-4055323064.png,statue_of_liberty,synthetic
dataset_synthetic\train\burj_khalifa\00219-2852982623.png,burj_khalifa,synthetic
dataset_synthetic\train\burj_khalifa\00273-2716773624.png,burj_khalifa,synthetic
dataset_synthetic\train\chichen_itza\00006-354526593.png,chichen_itza,synthetic
dataset_synthetic\train\great_wall_of_china\00232-4011577247.png,great_wall_of_china,synthetic
dataset_real\train\pyramids_of_giza\e7a0694555.jpg,pyramids_of_giza,real
dataset_real\train\pyramids_of_giza\88fb868942.jpg,pyramids_of_giza,real
dataset_real\train\eiffel_tower\7215039568.jpg,eiffel_tower,real
dataset_real\train\pyramids_of_giza\72a92043fe.jpg,pyramids_of_giza,real
dataset_synthetic\train\great_wall_of_china\00282-1383148734.png,great_wall_of_china,synthetic
dataset_real\train\christ_the_reedemer\ee99f9af98.jpg,christ_the_reedemer,real
dataset_synthetic\train\christ_the_reedemer\00125-3552515819.png,christ_the_reedemer,synthetic
dataset_real\train\statue_of_liberty\1438b3d669.jpg,statue_of_liberty,real
dataset_real\train\statue_of_liberty\d160152d85.jpg,statue_of_liberty,real
dataset_real\train\chichen_itza\89ef335542.jpg,chichen_itza,real
dataset_synthetic\train\roman_colosseum\00143-4069228245.png,roman_colosseum,synthetic
dataset_real\train\burj_khalifa\a9894a8a42.jpg,burj_khalifa,real
dataset_synthetic\train\eiffel_tower\00017-3137921702.png,eiffel_tower,synthetic
dataset_real\train\great_wall_of_china\a4f7c97d50.jpg,great_wall_of_china,real
dataset_real\train\pyramids_of_giza\5db4abb257.jpg,pyramids_of_giza,real
dataset_real\train\pyramids_of_giza\e7526b29c1.jpg,pyramids_of_giza,real
dataset_synthetic\train\eiffel_tower\00281-162160942.png,eiffel_tower,synthetic
dataset_synthetic\train\pyramids_of_giza\00048-2054659951.png,pyramids_of_giza,synthetic
dataset_synthetic\train\great_wall_of_china\00118-920026949.png,great_wall_of_china,synthetic
dataset_real\train\burj_khalifa\24a32bc937.jpg,burj_khalifa,real
dataset_synthetic\train\eiffel_tower\00060-2409094494.png,eiffel_tower,synthetic
dataset_real\train\pyramids_of_giza\801196e195.jpg,pyramids_of_giza,real
dataset_real\train\eiffel_tower\c652b53f0e.jpg,eiffel_tower,real
dataset_synthetic\train\eiffel_tower\00056-1984749109.png,eiffel_tower,synthetic
dataset_real\train\pyramids_of_giza\5a856091f5.jpg,pyramids_of_giza,real
dataset_synthetic\train\statue_of_liberty\00551-3937903695.png,statue_of_liberty,synthetic
dataset_real\train\roman_colosseum\95bd6fd042.jpg,roman_colosseum,real
dataset_synthetic\train\burj_khalifa\00057-3281528422.png,burj_khalifa,synthetic
dataset_real\train\great_wall_of_china\e2f47a558d.jpg,great_wall_of_china,real
dataset_synthetic\train\eiffel_tower\00291-162160952.png,eiffel_tower,synthetic
dataset_synthetic\train\pyramids_of_giza\00046-2054659949.png,pyramids_of_giza,synthetic
dataset_real\train\burj_khalifa\c7d17d0d29.jpg,burj_khalifa,real
dataset_synthetic\train\christ_the_reedemer\00267-3045517130.png,christ_the_reedemer,synthetic
dataset_real\train\christ_the_reedemer\56febc0887.jpg,christ_the_reedemer,real
dataset_real\train\christ_the_reedemer\34b186265c.jpg,christ_the_reedemer,real
dataset_real\train\great_wall_of_china\f61b1da390.jpg,great_wall_of_china,real
dataset_real\train\christ_the_reedemer\40ade64c1e.jpg,christ_the_reedemer,real
dataset_real\train\eiffel_tower\09317df0a0.jpg,eiffel_tower,real
dataset_real\train\great_wall_of_china\89abdcc4e4.jpg,great_wall_of_china,real
dataset_real\train\statue_of_liberty\0794c6e62f.jpg,statue_of_liberty,real
dataset_synthetic\train\statue_of_liberty\00611-4055323048.png,statue_of_liberty,synthetic
dataset_synthetic\train\christ_the_reedemer\00149-423565287.png,christ_the_reedemer,synthetic
dataset_real\train\eiffel_tower\e74869c145.jpg,eiffel_tower,real
dataset_real\train\burj_khalifa\97fefbff37.jpg,burj_khalifa,real
dataset_synthetic\train\christ_the_reedemer\00200-4094071626.png,christ_the_reedemer,synthetic
dataset_synthetic\train\eiffel_tower\00206-45903252.png,eiffel_tower,synthetic
dataset_real\train\great_wall_of_china\a4483e978a.jpg,great_wall_of_china,real
dataset_synthetic\train\chichen_itza\00105-3888410416.png,chichen_itza,synthetic
dataset_synthetic\train\eiffel_tower\00261-1566552042.png,eiffel_tower,synthetic
dataset_real\train\burj_khalifa\291295ce93.jpg,burj_khalifa,real
dataset_real\train\burj_khalifa\0acec17a29.jpg,burj_khalifa,real
dataset_synthetic\train\statue_of_liberty\00400-1169046311.png,statue_of_liberty,synthetic
dataset_real\train\great_wall_of_china\c4aad6f5e2.jpg,great_wall_of_china,real
dataset_real\train\pyramids_of_giza\13714ec7f7.jpg,pyramids_of_giza,real
dataset_real\train\pyramids_of_giza\7ed69ee146.jpg,pyramids_of_giza,real
dataset_synthetic\train\burj_khalifa\00292-2716773643.png,burj_khalifa,synthetic
dataset_synthetic\train\burj_khalifa\00237-2852982641.png,burj_khalifa,synthetic
dataset_synthetic\train\roman_colosseum\00033-2283819982.png,roman_colosseum,synthetic
dataset_real\train\burj_khalifa\6620217edb.jpg,burj_khalifa,real
dataset_real\train\chichen_itza\445124265c.jpg,chichen_itza,real
dataset_synthetic\train\eiffel_tower\00156-1848933955.png,eiffel_tower,synthetic
dataset_real\train\roman_colosseum\e948f15a50.jpg,roman_colosseum,real
dataset_real\train\christ_the_reedemer\b704dec6f6.jpg,christ_the_reedemer,real
dataset_real\train\chichen_itza\dd5c16977f.jpg,chichen_itza,real
dataset_real\train\christ_the_reedemer\d5dd90b0fd.jpg,christ_the_reedemer,real
dataset_synthetic\train\christ_the_reedemer\00102-2389616922.png,christ_the_reedemer,synthetic
dataset_real\train\burj_khalifa\b6aad1aa18.jpg,burj_khalifa,real
dataset_real\train\eiffel_tower\8fc4938a9d.jpg,eiffel_tower,real
dataset_synthetic\train\pyramids_of_giza\00198-4087309977.png,pyramids_of_giza,synthetic
dataset_real\train\roman_colosseum\9fe0dba031.jpg,roman_colosseum,real
dataset_synthetic\train\roman_colosseum\00130-4069228232.png,roman_colosseum,synthetic
dataset_synthetic\train\roman_colosseum\00128-4069228230.png,roman_colosseum,synthetic
dataset_synthetic\train\burj_khalifa\00106-4109332474.png,burj_khalifa,synthetic
dataset_synthetic\train\roman_colosseum\00205-1974243524.png,roman_colosseum,synthetic
dataset_real\train\pyramids_of_giza\1f3aedf317.jpg,pyramids_of_giza,real
dataset_real\train\great_wall_of_china\5b82b2a7c4.jpg,great_wall_of_china,real
dataset_real\train\chichen_itza\cbc0896021.jpg,chichen_itza,real
dataset_real\train\roman_colosseum\a902bfb110.jpg,roman_colosseum,real
dataset_real\train\pyramids_of_giza\4b2f1a617b.jpg,pyramids_of_giza,real
dataset_real\train\statue_of_liberty\c23e4f1d5b.jpg,statue_of_liberty,real
dataset_synthetic\train\great_wall_of_china\00017-1860489317.png,great_wall_of_china,synthetic
dataset_synthetic\train\burj_khalifa\00197-2688549105.png,burj_khalifa,synthetic
dataset_real\train\pyramids_of_giza\177cf60b87.jpg,pyramids_of_giza,real
dataset_real\train\great_wall_of_china\67c260fe74.jpg,great_wall_of_china,real
dataset_real\train\chichen_itza\d7c278d964.jpg,chichen_itza,real
dataset_real\train\christ_the_reedemer\6067eba537.jpg,christ_the_reedemer,real
dataset_synthetic\train\eiffel_tower\00188-45903234.png,eiffel_tower,synthetic
dataset_synthetic\train\burj_khalifa\00121-1813382809.png,burj_khalifa,synthetic
dataset_synthetic\train\pyramids_of_giza\00137-962878675.png,pyramids_of_giza,synthetic
dataset_synthetic\train\chichen_itza\00093-3888410404.png,chichen_itza,synthetic
dataset_synthetic\train\roman_colosseum\00184-1974243503.png,roman_colosseum,synthetic
dataset_synthetic\train\christ_the_reedemer\00166-423565304.png,christ_the_reedemer,synthetic
dataset_real\train\pyramids_of_giza\a530ac7202.jpg,pyramids_of_giza,real
dataset_synthetic\train\roman_colosseum\00191-1974243510.png,roman_colosseum,synthetic
dataset_synthetic\train\roman_colosseum\00044-2283819993.png,roman_colosseum,synthetic
dataset_synthetic\train\pyramids_of_giza\00223-3159135362.png,pyramids_of_giza,synthetic
dataset_synthetic\train\roman_colosseum\00176-1009224274.png,roman_colosseum,synthetic
dataset_synthetic\train\eiffel_tower\00232-2386103707.png,eiffel_tower,synthetic
dataset_real\train\roman_colosseum\81ea15a675.jpg,roman_colosseum,real
dataset_real\train\eiffel_tower\9d091d1981.jpg,eiffel_tower,real
dataset_real\train\burj_khalifa\f273b2e3e0.jpg,burj_khalifa,real
dataset_real\train\christ_the_reedemer\a788563b46.jpg,christ_the_reedemer,real
dataset_synthetic\train\eiffel_tower\00124-70550495.png,eiffel_tower,synthetic
dataset_synthetic\train\pyramids_of_giza\00290-39524435.png,pyramids_of_giza,synthetic
dataset_real\train\great_wall_of_china\76df5ab4f6.jpg,great_wall_of_china,real
dataset_synthetic\train\chichen_itza\00225-4190620862.png,chichen_itza,synthetic
dataset_real\train\roman_colosseum\3d26776d99.jpg,roman_colosseum,real
dataset_real\train\christ_the_reedemer\259c7983d9.jpg,christ_the_reedemer,real
dataset_real\train\roman_colosseum\1c69ad4d53.jpg,roman_colosseum,real
dataset_real\train\eiffel_tower\4ae2a66ad6.jpg,eiffel_tower,real
dataset_real\train\burj_khalifa\851ef360cd.jpg,burj_khalifa,real
dataset_synthetic\train\christ_the_reedemer\00132-3552515826.png,christ_the_reedemer,synthetic
dataset_synthetic\train\roman_colosseum\00135-4069228237.png,roman_colosseum,synthetic
dataset_real\train\great_wall_of_china\9cedc23c36.jpg,great_wall_of_china,real
dataset_real\train\burj_khalifa\c775cba119.jpg,burj_khalifa,real
dataset_real\train\pyramids_of_giza\141e5ab296.jpg,pyramids_of_giza,real
dataset_real\train\great_wall_of_china\6813f55474.jpg,great_wall_of_china,real
dataset_real\train\pyramids_of_giza\8df046ce81.jpg,pyramids_of_giza,real
dataset_real\train\pyramids_of_giza\d82e5cbaa0.jpg,pyramids_of_giza,real
dataset_synthetic\train\pyramids_of_giza\00102-942607760.png,pyramids_of_giza,synthetic
dataset_synthetic\train\chichen_itza\00070-2079455163.png,chichen_itza,synthetic
dataset_real\train\great_wall_of_china\b610e14349.jpg,great_wall_of_china,real
dataset_real\train\pyramids_of_giza\1fbab6c0d0.jpg,pyramids_of_giza,real
dataset_real\train\chichen_itza\6e17190bc8.jpg,chichen_itza,real
dataset_real\train\eiffel_tower\926d33dca3.jpg,eiffel_tower,real
dataset_real\train\burj_khalifa\8bd6df5e9f.jpg,burj_khalifa,real
dataset_synthetic\train\chichen_itza\00183-1342241938.png,chichen_itza,synthetic
dataset_real\train\statue_of_liberty\f109799773.jpg,statue_of_liberty,real
dataset_real\train\statue_of_liberty\d06d833ec2.jpg,statue_of_liberty,real
dataset_real\train\christ_the_reedemer\31a69a5597.jpg,christ_the_reedemer,real
dataset_synthetic\train\pyramids_of_giza\00192-4087309971.png,pyramids_of_giza,synthetic
dataset_synthetic\train\eiffel_tower\00242-1566552023.png,eiffel_tower,synthetic
dataset_synthetic\train\pyramids_of_giza\00055-2054659958.png,pyramids_of_giza,synthetic
dataset_real\train\pyramids_of_giza\842a7f3f88.jpg,pyramids_of_giza,real
dataset_synthetic\train\roman_colosseum\00097-2343411944.png,roman_colosseum,synthetic
dataset_synthetic\train\pyramids_of_giza\00140-962878678.png,pyramids_of_giza,synthetic
dataset_synthetic\train\pyramids_of_giza\00119-942607777.png,pyramids_of_giza,synthetic
dataset_synthetic\train\roman_colosseum\00110-2343411957.png,roman_colosseum,synthetic
dataset_real\train\roman_colosseum\d6d1eab24e.jpg,roman_colosseum,real
dataset_real\train\great_wall_of_china\0ee525e660.jpg,great_wall_of_china,real
dataset_real\train\burj_khalifa\f76b1ec129.jpg,burj_khalifa,real
dataset_synthetic\train\chichen_itza\00251-1829905836.png,chichen_itza,synthetic
dataset_real\train\pyramids_of_giza\dfe6213a47.jpg,pyramids_of_giza,real
dataset_synthetic\train\burj_khalifa\00098-4109332466.png,burj_khalifa,synthetic
dataset_synthetic\train\burj_khalifa\00274-2716773625.png,burj_khalifa,synthetic
dataset_real\train\christ_the_reedemer\915307ad0e.jpg,christ_the_reedemer,real
dataset_synthetic\train\eiffel_tower\00162-1848933961.png,eiffel_tower,synthetic
dataset_synthetic\train\chichen_itza\00228-4190620865.png,chichen_itza,synthetic
dataset_synthetic\train\christ_the_reedemer\00136-3552515830.png,christ_the_reedemer,synthetic
dataset_real\train\roman_colosseum\dd3c65db96.jpg,roman_colosseum,real
dataset_synthetic\train\statue_of_liberty\00645-2648309723.png,statue_of_liberty,synthetic
dataset_synthetic\train\statue_of_liberty\00480-3884271004.png,statue_of_liberty,synthetic
dataset_real\train\great_wall_of_china\57d5d9e450.jpg,great_wall_of_china,real
dataset_real\train\pyramids_of_giza\f444081e5f.jpg,pyramids_of_giza,real
dataset_real\train\eiffel_tower\a8870c8ff3.jpg,eiffel_tower,real
dataset_synthetic\train\chichen_itza\00143-1654904574.png,chichen_itza,synthetic
dataset_real\train\christ_the_reedemer\100ff59d51.jpg,christ_the_reedemer,real
dataset_synthetic\train\roman_colosseum\00043-2283819992.png,roman_colosseum,synthetic
dataset_synthetic\train\burj_khalifa\00229-2852982633.png,burj_khalifa,synthetic
dataset_real\train\christ_the_reedemer\c382751b09.jpg,christ_the_reedemer,real
dataset_synthetic\train\chichen_itza\00256-1829905841.png,chichen_itza,synthetic
dataset_synthetic\train\pyramids_of_giza\00170-2205670346.png,pyramids_of_giza,synthetic
dataset_synthetic\train\burj_khalifa\00143-1813382831.png,burj_khalifa,synthetic
dataset_real\train\statue_of_liberty\f0376b4e06.jpg,statue_of_liberty,real
dataset_real\train\statue_of_liberty\1dc7bf593e.jpg,statue_of_liberty,real
dataset_real\train\burj_khalifa\f5bbcaaa8a.jpg,burj_khalifa,real
dataset_real\train\statue_of_liberty\f66a13e393.jpg,statue_of_liberty,real
dataset_synthetic\train\eiffel_tower\00236-2386103711.png,eiffel_tower,synthetic
dataset_real\train\christ_the_reedemer\c2c32dc7a4.jpg,christ_the_reedemer,real
dataset_synthetic\train\great_wall_of_china\00002-1860489302.png,great_wall_of_china,synthetic
dataset_real\train\burj_khalifa\1543ad4d7c.jpg,burj_khalifa,real
dataset_synthetic\train\eiffel_tower\00005-3137921690.png,eiffel_tower,synthetic
dataset_synthetic\train\christ_the_reedemer\00264-3045517127.png,christ_the_reedemer,synthetic
dataset_real\train\christ_the_reedemer\2a5fab9f9d.jpg,christ_the_reedemer,real
dataset_synthetic\train\statue_of_liberty\00574-3964871323.png,statue_of_liberty,synthetic
dataset_real\train\pyramids_of_giza\44c9cfb94b.jpg,pyramids_of_giza,real
dataset_synthetic\train\roman_colosseum\00187-1974243506.png,roman_colosseum,synthetic
dataset_synthetic\train\chichen_itza\00253-1829905838.png,chichen_itza,synthetic
dataset_synthetic\train\christ_the_reedemer\00160-423565298.png,christ_the_reedemer,synthetic
dataset_synthetic\train\statue_of_liberty\00582-3964871331.png,statue_of_liberty,synthetic
dataset_real\train\chichen_itza\fd5ad942c6.jpg,chichen_itza,real
dataset_synthetic\train\burj_khalifa\00253-2863073463.png,burj_khalifa,synthetic
dataset_real\train\chichen_itza\ff4f369bb1.jpg,chichen_itza,real
dataset_synthetic\train\christ_the_reedemer\00068-2397697053.png,christ_the_reedemer,synthetic
dataset_real\train\burj_khalifa\19b08575e1.jpg,burj_khalifa,real
dataset_real\train\eiffel_tower\60bdc27448.jpg,eiffel_tower,real
dataset_real\train\christ_the_reedemer\af183b659a.jpg,christ_the_reedemer,real
dataset_synthetic\train\pyramids_of_giza\00047-2054659950.png,pyramids_of_giza,synthetic
dataset_synthetic\train\roman_colosseum\00029-3704602094.png,roman_colosseum,synthetic
dataset_real\train\great_wall_of_china\dd2515c501.jpg,great_wall_of_china,real
dataset_synthetic\train\christ_the_reedemer\00257-2017116373.png,christ_the_reedemer,synthetic
dataset_synthetic\train\burj_khalifa\00031-3281528396.png,burj_khalifa,synthetic
dataset_real\train\chichen_itza\c97cf15a24.jpg,chichen_itza,real
dataset_real\train\eiffel_tower\8f8e0ada7c.jpg,eiffel_tower,real
dataset_synthetic\train\burj_khalifa\00041-3281528406.png,burj_khalifa,synthetic
dataset_synthetic\train\statue_of_liberty\00405-1169046316.png,statue_of_liberty,synthetic
dataset_real\train\christ_the_reedemer\8069387632.jpg,christ_the_reedemer,real
dataset_real\train\great_wall_of_china\c1516efd5b.jpg,great_wall_of_china,real
dataset_synthetic\train\pyramids_of_giza\00123-962878661.png,pyramids_of_giza,synthetic
dataset_real\train\eiffel_tower\a4667188b5.jpg,eiffel_tower,real
dataset_synthetic\train\christ_the_reedemer\00161-423565299.png,christ_the_reedemer,synthetic
dataset_synthetic\train\eiffel_tower\00043-1984749096.png,eiffel_tower,synthetic
dataset_real\train\roman_colosseum\e7df8e174b.jpg,roman_colosseum,real
dataset_real\train\christ_the_reedemer\4db3010416.jpg,christ_the_reedemer,real
dataset_real\train\great_wall_of_china\88932c5720.jpg,great_wall_of_china,real
dataset_real\train\christ_the_reedemer\9a6e663f5f.jpg,christ_the_reedemer,real
dataset_real\train\roman_colosseum\9351093337.jpg,roman_colosseum,real
dataset_synthetic\train\eiffel_tower\00071-2409094505.png,eiffel_tower,synthetic
dataset_synthetic\train\statue_of_liberty\00468-818305471.png,statue_of_liberty,synthetic
dataset_real\train\chichen_itza\265314296c.jpg,chichen_itza,real
dataset_synthetic\train\eiffel_tower\00239-2386103714.png,eiffel_tower,synthetic
dataset_synthetic\train\burj_khalifa\00079-3346071115.png,burj_khalifa,synthetic
dataset_real\train\chichen_itza\5da14d6526.jpg,chichen_itza,real
dataset_real\train\christ_the_reedemer\d07a4ca091.jpg,christ_the_reedemer,real
dataset_real\train\chichen_itza\77dc6ac0b0.jpg,chichen_itza,real
dataset_synthetic\train\statue_of_liberty\00448-818305451.png,statue_of_liberty,synthetic
dataset_synthetic\train\burj_khalifa\00058-3281528423.png,burj_khalifa,synthetic
dataset_real\train\pyramids_of_giza\9d5f794691.jpg,pyramids_of_giza,real
dataset_real\train\pyramids_of_giza\ca8c63f498.jpg,pyramids_of_giza,real
dataset_real\train\burj_khalifa\a85964dc04.jpg,burj_khalifa,real
dataset_synthetic\train\christ_the_reedemer\00181-4094071607.png,christ_the_reedemer,synthetic
dataset_synthetic\train\statue_of_liberty\00461-818305464.png,statue_of_liberty,synthetic
dataset_real\train\statue_of_liberty\d5fa3d4e58.jpg,statue_of_liberty,real
dataset_real\train\eiffel_tower\0390cf61f1.jpg,eiffel_tower,real
dataset_real\train\christ_the_reedemer\fce32691a9.jpg,christ_the_reedemer,real
dataset_real\train\christ_the_reedemer\8525fcf6d0.jpg,christ_the_reedemer,real
dataset_synthetic\train\roman_colosseum\00162-1009224260.png,roman_colosseum,synthetic
dataset_synthetic\train\eiffel_tower\00218-2386103693.png,eiffel_tower,synthetic
dataset_real\train\pyramids_of_giza\a7de3d15cb.jpg,pyramids_of_giza,real
dataset_synthetic\train\eiffel_tower\00150-1848933949.png,eiffel_tower,synthetic
dataset_real\train\eiffel_tower\cde85f3125.jpg,eiffel_tower,real
dataset_synthetic\train\great_wall_of_china\00291-1383148743.png,great_wall_of_china,synthetic
dataset_synthetic\train\eiffel_tower\00172-1848933971.png,eiffel_tower,synthetic
dataset_real\train\roman_colosseum\f8487e4b4f.jpg,roman_colosseum,real
dataset_real\train\chichen_itza\724eff0ef1.jpg,chichen_itza,real
dataset_synthetic\train\pyramids_of_giza\00014-4241466210.png,pyramids_of_giza,synthetic
dataset_real\train\roman_colosseum\2bfa521b13.jpg,roman_colosseum,real
dataset_real\train\roman_colosseum\c6c8a3ca37.jpg,roman_colosseum,real
dataset_synthetic\train\roman_colosseum\00048-2283819997.png,roman_colosseum,synthetic
dataset_real\train\burj_khalifa\97029103de.jpg,burj_khalifa,real
dataset_real\train\pyramids_of_giza\f74283c372.jpg,pyramids_of_giza,real
dataset_real\train\pyramids_of_giza\b29838f7c2.jpg,pyramids_of_giza,real
dataset_synthetic\train\great_wall_of_china\00249-4085978415.png,great_wall_of_china,synthetic
dataset_real\train\pyramids_of_giza\6e424e6bd8.jpg,pyramids_of_giza,real
dataset_real\train\burj_khalifa\5746ac67c6.jpg,burj_khalifa,real
dataset_real\train\roman_colosseum\65ec210188.jpg,roman_colosseum,real
