filepath,class_name,source
dataset_synthetic\train\eiffel_tower\00039-1984749092.png,eiffel_tower,synthetic
dataset_real\train\christ_the_reedemer\8fa0f7585a.jpg,christ_the_reedemer,real
dataset_real\train\statue_of_liberty\49f04e072e.jpg,statue_of_liberty,real
dataset_real\train\chichen_itza\28006c09b3.jpg,chichen_itza,real
dataset_real\train\chichen_itza\7eb994d484.jpg,chichen_itza,real
dataset_synthetic\train\christ_the_reedemer\00198-4094071624.png,christ_the_reedemer,synthetic
dataset_synthetic\train\pyramids_of_giza\00155-2205670331.png,pyramids_of_giza,synthetic
dataset_real\train\chichen_itza\efc02d7aec.jpg,chichen_itza,real
dataset_synthetic\train\chichen_itza\00260-1829905845.png,chichen_itza,synthetic
dataset_synthetic\train\burj_khalifa\00167-2778414634.png,burj_khalifa,synthetic
dataset_synthetic\train\eiffel_tower\00266-1566552047.png,eiffel_tower,synthetic
dataset_synthetic\train\great_wall_of_china\00295-1383148747.png,great_wall_of_china,synthetic
dataset_synthetic\train\eiffel_tower\00274-162160935.png,eiffel_tower,synthetic
dataset_synthetic\train\chichen_itza\00268-1829905853.png,chichen_itza,synthetic
dataset_synthetic\train\burj_khalifa\00293-2716773644.png,burj_khalifa,synthetic
dataset_synthetic\train\chichen_itza\00213-4190620850.png,chichen_itza,synthetic
dataset_synthetic\train\chichen_itza\00191-1342241946.png,chichen_itza,synthetic
dataset_real\train\great_wall_of_china\df705d67b6.jpg,great_wall_of_china,real
dataset_real\train\pyramids_of_giza\a8813ba16f.jpg,pyramids_of_giza,real
dataset_synthetic\train\great_wall_of_china\00008-1860489308.png,great_wall_of_china,synthetic
dataset_real\train\pyramids_of_giza\dc718a4bb6.jpg,pyramids_of_giza,real
dataset_synthetic\train\roman_colosseum\00149-1009224247.png,roman_colosseum,synthetic
dataset_real\train\chichen_itza\092bf1cec3.jpg,chichen_itza,real
dataset_synthetic\train\roman_colosseum\00235-1225658213.png,roman_colosseum,synthetic
dataset_real\train\pyramids_of_giza\059228ac99.jpg,pyramids_of_giza,real
dataset_real\train\chichen_itza\cca15cb57e.jpg,chichen_itza,real
dataset_synthetic\train\roman_colosseum\00166-1009224264.png,roman_colosseum,synthetic
dataset_synthetic\train\roman_colosseum\00121-4069228223.png,roman_colosseum,synthetic
dataset_real\train\eiffel_tower\c68b7093da.jpg,eiffel_tower,real
dataset_synthetic\train\eiffel_tower\00181-45903227.png,eiffel_tower,synthetic
dataset_synthetic\train\great_wall_of_china\00151-1607761931.png,great_wall_of_china,synthetic
dataset_synthetic\train\christ_the_reedemer\00082-2389616902.png,christ_the_reedemer,synthetic
dataset_synthetic\train\chichen_itza\00105-3888410416.png,chichen_itza,synthetic
dataset_real\train\chichen_itza\8ba971db31.jpg,chichen_itza,real
dataset_real\train\eiffel_tower\0e70c2acf7.jpg,eiffel_tower,real
dataset_synthetic\train\great_wall_of_china\00131-2449295034.png,great_wall_of_china,synthetic
dataset_synthetic\train\statue_of_liberty\00577-3964871326.png,statue_of_liberty,synthetic
dataset_synthetic\train\burj_khalifa\00091-4109332459.png,burj_khalifa,synthetic
dataset_synthetic\train\burj_khalifa\00165-2778414632.png,burj_khalifa,synthetic
dataset_synthetic\train\burj_khalifa\00146-1813382834.png,burj_khalifa,synthetic
dataset_synthetic\train\eiffel_tower\00129-70550500.png,eiffel_tower,synthetic
dataset_synthetic\train\chichen_itza\00200-1342241955.png,chichen_itza,synthetic
dataset_synthetic\train\eiffel_tower\00231-2386103706.png,eiffel_tower,synthetic
dataset_synthetic\train\great_wall_of_china\00051-1177815140.png,great_wall_of_china,synthetic
dataset_real\train\statue_of_liberty\9a1f6db96a.jpg,statue_of_liberty,real
dataset_real\train\christ_the_reedemer\1664dfaedc.jpg,christ_the_reedemer,real
dataset_real\train\christ_the_reedemer\83922f1936.jpg,christ_the_reedemer,real
dataset_synthetic\train\roman_colosseum\00045-2283819994.png,roman_colosseum,synthetic
dataset_synthetic\train\roman_colosseum\00296-241878751.png,roman_colosseum,synthetic
dataset_real\train\chichen_itza\6e2fb6b730.jpg,chichen_itza,real
dataset_real\train\eiffel_tower\df813f0329.jpg,eiffel_tower,real
dataset_synthetic\train\chichen_itza\00111-3888410422.png,chichen_itza,synthetic
dataset_synthetic\train\roman_colosseum\00168-1009224266.png,roman_colosseum,synthetic
dataset_synthetic\train\roman_colosseum\00234-1225658212.png,roman_colosseum,synthetic
dataset_synthetic\train\christ_the_reedemer\00174-4094071600.png,christ_the_reedemer,synthetic
dataset_real\train\burj_khalifa\4597b268ec.jpg,burj_khalifa,real
dataset_real\train\chichen_itza\a61fcc9809.jpg,chichen_itza,real
dataset_synthetic\train\great_wall_of_china\00060-2389887056.png,great_wall_of_china,synthetic
dataset_real\train\burj_khalifa\0fff5c5959.jpg,burj_khalifa,real
dataset_synthetic\train\eiffel_tower\00240-1566552021.png,eiffel_tower,synthetic
dataset_synthetic\train\statue_of_liberty\00462-818305465.png,statue_of_liberty,synthetic
dataset_synthetic\train\chichen_itza\00021-354526608.png,chichen_itza,synthetic
dataset_synthetic\train\christ_the_reedemer\00038-3006335901.png,christ_the_reedemer,synthetic
dataset_synthetic\train\statue_of_liberty\00511-1791252953.png,statue_of_liberty,synthetic
dataset_synthetic\train\burj_khalifa\00282-2716773633.png,burj_khalifa,synthetic
dataset_synthetic\train\eiffel_tower\00280-162160941.png,eiffel_tower,synthetic
dataset_synthetic\train\roman_colosseum\00293-241878748.png,roman_colosseum,synthetic
dataset_synthetic\train\great_wall_of_china\00270-1383148722.png,great_wall_of_china,synthetic
dataset_real\train\burj_khalifa\aab32734e6.jpg,burj_khalifa,real
dataset_synthetic\train\pyramids_of_giza\00085-2984508837.png,pyramids_of_giza,synthetic
dataset_real\train\great_wall_of_china\1c37035bff.jpg,great_wall_of_china,real
dataset_real\train\roman_colosseum\3d25f5a0fb.jpg,roman_colosseum,real
dataset_synthetic\train\great_wall_of_china\00113-920026944.png,great_wall_of_china,synthetic
dataset_real\train\great_wall_of_china\c837739262.jpg,great_wall_of_china,real
dataset_synthetic\train\eiffel_tower\00278-162160939.png,eiffel_tower,synthetic
dataset_synthetic\train\pyramids_of_giza\00273-39524418.png,pyramids_of_giza,synthetic
dataset_synthetic\train\chichen_itza\00212-4190620849.png,chichen_itza,synthetic
dataset_real\train\christ_the_reedemer\6d8a037055.jpg,christ_the_reedemer,real
dataset_synthetic\train\statue_of_liberty\00514-1791252956.png,statue_of_liberty,synthetic
dataset_synthetic\train\pyramids_of_giza\00250-3340261360.png,pyramids_of_giza,synthetic
dataset_real\train\eiffel_tower\e36e0774e1.jpg,eiffel_tower,real
dataset_real\train\eiffel_tower\0970ee8661.jpg,eiffel_tower,real
dataset_synthetic\train\pyramids_of_giza\00196-4087309975.png,pyramids_of_giza,synthetic
dataset_synthetic\train\eiffel_tower\00052-1984749105.png,eiffel_tower,synthetic
dataset_synthetic\train\roman_colosseum\00033-2283819982.png,roman_colosseum,synthetic
dataset_synthetic\train\burj_khalifa\00287-2716773638.png,burj_khalifa,synthetic
dataset_synthetic\train\eiffel_tower\00099-3388316044.png,eiffel_tower,synthetic
dataset_synthetic\train\burj_khalifa\00011-2682522064.png,burj_khalifa,synthetic
dataset_synthetic\train\burj_khalifa\00190-2688549098.png,burj_khalifa,synthetic
dataset_synthetic\train\pyramids_of_giza\00119-942607777.png,pyramids_of_giza,synthetic
dataset_real\train\statue_of_liberty\0655b9736b.jpg,statue_of_liberty,real
dataset_synthetic\train\pyramids_of_giza\00200-4087309979.png,pyramids_of_giza,synthetic
dataset_synthetic\train\christ_the_reedemer\00123-3552515817.png,christ_the_reedemer,synthetic
dataset_real\train\christ_the_reedemer\b2b6be0971.jpg,christ_the_reedemer,real
dataset_synthetic\train\roman_colosseum\00065-1525667155.png,roman_colosseum,synthetic
dataset_synthetic\train\eiffel_tower\00048-1984749101.png,eiffel_tower,synthetic
dataset_synthetic\train\roman_colosseum\00028-3704602093.png,roman_colosseum,synthetic
dataset_synthetic\train\eiffel_tower\00284-162160945.png,eiffel_tower,synthetic
dataset_synthetic\train\burj_khalifa\00156-2778414623.png,burj_khalifa,synthetic
dataset_synthetic\train\eiffel_tower\00229-2386103704.png,eiffel_tower,synthetic
dataset_synthetic\train\burj_khalifa\00028-2682522081.png,burj_khalifa,synthetic
dataset_synthetic\train\burj_khalifa\00016-2682522069.png,burj_khalifa,synthetic
dataset_synthetic\train\christ_the_reedemer\00150-423565288.png,christ_the_reedemer,synthetic
dataset_synthetic\train\eiffel_tower\00168-1848933967.png,eiffel_tower,synthetic
dataset_synthetic\train\roman_colosseum\00049-2283819998.png,roman_colosseum,synthetic
dataset_synthetic\train\roman_colosseum\00270-241878725.png,roman_colosseum,synthetic
dataset_synthetic\train\pyramids_of_giza\00234-3159135373.png,pyramids_of_giza,synthetic
dataset_real\train\christ_the_reedemer\774632e09f.jpg,christ_the_reedemer,real
dataset_real\train\chichen_itza\e22119068d.jpg,chichen_itza,real
dataset_real\train\pyramids_of_giza\1a5213bc99.jpg,pyramids_of_giza,real
dataset_synthetic\train\great_wall_of_china\00020-1860489320.png,great_wall_of_china,synthetic
dataset_synthetic\train\eiffel_tower\00287-162160948.png,eiffel_tower,synthetic
dataset_synthetic\train\great_wall_of_china\00189-2026541297.png,great_wall_of_china,synthetic
dataset_synthetic\train\great_wall_of_china\00218-4011577233.png,great_wall_of_china,synthetic
dataset_real\train\chichen_itza\858e542a0d.jpg,chichen_itza,real
dataset_real\train\great_wall_of_china\feefda42b1.jpg,great_wall_of_china,real
dataset_real\train\christ_the_reedemer\31a69a5597.jpg,christ_the_reedemer,real
dataset_synthetic\train\eiffel_tower\00293-162160954.png,eiffel_tower,synthetic
dataset_synthetic\train\statue_of_liberty\00574-3964871323.png,statue_of_liberty,synthetic
dataset_synthetic\train\great_wall_of_china\00162-1607761942.png,great_wall_of_china,synthetic
dataset_synthetic\train\christ_the_reedemer\00262-3045517125.png,christ_the_reedemer,synthetic
dataset_synthetic\train\chichen_itza\00026-354526613.png,chichen_itza,synthetic
dataset_real\train\pyramids_of_giza\f59c392c70.jpg,pyramids_of_giza,real
dataset_real\train\great_wall_of_china\ca00f6fe94.jpg,great_wall_of_china,real
dataset_synthetic\train\statue_of_liberty\00584-3964871333.png,statue_of_liberty,synthetic
dataset_synthetic\train\eiffel_tower\00119-3388316064.png,eiffel_tower,synthetic
dataset_synthetic\train\burj_khalifa\00147-1813382835.png,burj_khalifa,synthetic
dataset_real\train\christ_the_reedemer\0159a932dc.jpg,christ_the_reedemer,real
dataset_synthetic\train\pyramids_of_giza\00080-2984508832.png,pyramids_of_giza,synthetic
dataset_synthetic\train\great_wall_of_china\00159-1607761939.png,great_wall_of_china,synthetic
dataset_synthetic\train\eiffel_tower\00111-3388316056.png,eiffel_tower,synthetic
dataset_real\train\roman_colosseum\1c521d546e.jpg,roman_colosseum,real
dataset_synthetic\train\statue_of_liberty\00619-4055323056.png,statue_of_liberty,synthetic
dataset_synthetic\train\burj_khalifa\00259-2863073469.png,burj_khalifa,synthetic
dataset_synthetic\train\chichen_itza\00230-4190620867.png,chichen_itza,synthetic
dataset_synthetic\train\eiffel_tower\00107-3388316052.png,eiffel_tower,synthetic
dataset_synthetic\train\statue_of_liberty\00615-4055323052.png,statue_of_liberty,synthetic
dataset_synthetic\train\christ_the_reedemer\00042-3006335905.png,christ_the_reedemer,synthetic
dataset_synthetic\train\statue_of_liberty\00640-2648309718.png,statue_of_liberty,synthetic
dataset_synthetic\train\great_wall_of_china\00139-2449295042.png,great_wall_of_china,synthetic
dataset_synthetic\train\christ_the_reedemer\00110-2389616930.png,christ_the_reedemer,synthetic
dataset_real\train\eiffel_tower\7219545b14.jpg,eiffel_tower,real
dataset_synthetic\train\eiffel_tower\00102-3388316047.png,eiffel_tower,synthetic
dataset_synthetic\train\christ_the_reedemer\00297-2284744746.png,christ_the_reedemer,synthetic
dataset_synthetic\train\chichen_itza\00157-1856050869.png,chichen_itza,synthetic
dataset_real\train\eiffel_tower\5bf0ec8641.jpg,eiffel_tower,real
dataset_synthetic\train\great_wall_of_china\00119-920026950.png,great_wall_of_china,synthetic
dataset_synthetic\train\roman_colosseum\00156-1009224254.png,roman_colosseum,synthetic
dataset_synthetic\train\roman_colosseum\00105-2343411952.png,roman_colosseum,synthetic
dataset_synthetic\train\eiffel_tower\00065-2409094499.png,eiffel_tower,synthetic
dataset_synthetic\train\great_wall_of_china\00278-1383148730.png,great_wall_of_china,synthetic
dataset_synthetic\train\burj_khalifa\00155-2778414622.png,burj_khalifa,synthetic
dataset_real\train\great_wall_of_china\dd3c569511.jpg,great_wall_of_china,real
dataset_synthetic\train\burj_khalifa\00297-2716773648.png,burj_khalifa,synthetic
dataset_synthetic\train\chichen_itza\00054-2669227208.png,chichen_itza,synthetic
dataset_real\train\roman_colosseum\93c8a04d22.jpg,roman_colosseum,real
dataset_synthetic\train\burj_khalifa\00275-2716773626.png,burj_khalifa,synthetic
dataset_real\train\statue_of_liberty\e8da35c40e.jpg,statue_of_liberty,real
dataset_synthetic\train\chichen_itza\00173-1856050885.png,chichen_itza,synthetic
dataset_synthetic\train\roman_colosseum\00165-1009224263.png,roman_colosseum,synthetic
dataset_synthetic\train\christ_the_reedemer\00199-4094071625.png,christ_the_reedemer,synthetic
dataset_real\train\chichen_itza\a03575ebe2.jpg,chichen_itza,real
dataset_synthetic\train\pyramids_of_giza\00224-3159135363.png,pyramids_of_giza,synthetic
dataset_synthetic\train\great_wall_of_china\00028-1860489328.png,great_wall_of_china,synthetic
dataset_synthetic\train\christ_the_reedemer\00111-2389616931.png,christ_the_reedemer,synthetic
dataset_real\train\pyramids_of_giza\0c177ef40e.jpg,pyramids_of_giza,real
dataset_synthetic\train\great_wall_of_china\00241-4085978407.png,great_wall_of_china,synthetic
dataset_synthetic\train\statue_of_liberty\00473-818305476.png,statue_of_liberty,synthetic
dataset_synthetic\train\eiffel_tower\00162-1848933961.png,eiffel_tower,synthetic
dataset_synthetic\train\eiffel_tower\00257-1566552038.png,eiffel_tower,synthetic
dataset_synthetic\train\roman_colosseum\00064-1525667154.png,roman_colosseum,synthetic
dataset_synthetic\train\pyramids_of_giza\00090-942607748.png,pyramids_of_giza,synthetic
dataset_synthetic\train\chichen_itza\00014-354526601.png,chichen_itza,synthetic
dataset_synthetic\train\chichen_itza\00175-1856050887.png,chichen_itza,synthetic
dataset_synthetic\train\great_wall_of_china\00285-1383148737.png,great_wall_of_china,synthetic
dataset_synthetic\train\eiffel_tower\00212-2386103687.png,eiffel_tower,synthetic
dataset_synthetic\train\chichen_itza\00044-2669227198.png,chichen_itza,synthetic
dataset_synthetic\train\chichen_itza\00182-1342241937.png,chichen_itza,synthetic
dataset_synthetic\train\statue_of_liberty\00444-3674376600.png,statue_of_liberty,synthetic
dataset_real\train\statue_of_liberty\1b66d824e2.jpg,statue_of_liberty,real
dataset_synthetic\train\chichen_itza\00020-354526607.png,chichen_itza,synthetic
dataset_synthetic\train\great_wall_of_china\00251-4085978417.png,great_wall_of_china,synthetic
dataset_synthetic\train\roman_colosseum\00053-2283820002.png,roman_colosseum,synthetic
dataset_synthetic\train\great_wall_of_china\00058-1177815147.png,great_wall_of_china,synthetic
dataset_synthetic\train\statue_of_liberty\00539-3937903683.png,statue_of_liberty,synthetic
dataset_real\train\burj_khalifa\6532e3111e.jpg,burj_khalifa,real
dataset_synthetic\train\great_wall_of_china\00267-4085978433.png,great_wall_of_china,synthetic
dataset_synthetic\train\great_wall_of_china\00140-2449295043.png,great_wall_of_china,synthetic
dataset_real\train\pyramids_of_giza\eb3afebf04.jpg,pyramids_of_giza,real
dataset_synthetic\train\great_wall_of_china\00128-2449295031.png,great_wall_of_china,synthetic
dataset_synthetic\train\roman_colosseum\00185-1974243504.png,roman_colosseum,synthetic
dataset_synthetic\train\pyramids_of_giza\00293-39524438.png,pyramids_of_giza,synthetic
dataset_synthetic\train\pyramids_of_giza\00115-942607773.png,pyramids_of_giza,synthetic
dataset_real\train\statue_of_liberty\c23e4f1d5b.jpg,statue_of_liberty,real
dataset_real\train\chichen_itza\d6f451b0c6.jpg,chichen_itza,real
dataset_real\train\eiffel_tower\096ca11d0f.jpg,eiffel_tower,real
dataset_synthetic\train\burj_khalifa\00160-2778414627.png,burj_khalifa,synthetic
dataset_synthetic\train\roman_colosseum\00236-1225658214.png,roman_colosseum,synthetic
dataset_synthetic\train\chichen_itza\00009-354526596.png,chichen_itza,synthetic
dataset_synthetic\train\roman_colosseum\00252-1881496547.png,roman_colosseum,synthetic
dataset_real\train\burj_khalifa\33f0dfe5af.jpg,burj_khalifa,real
dataset_synthetic\train\eiffel_tower\00091-3388316036.png,eiffel_tower,synthetic
dataset_real\train\eiffel_tower\894c615a89.jpg,eiffel_tower,real
dataset_synthetic\train\christ_the_reedemer\00210-1121221001.png,christ_the_reedemer,synthetic
dataset_synthetic\train\great_wall_of_china\00245-4085978411.png,great_wall_of_china,synthetic
dataset_synthetic\train\statue_of_liberty\00600-4055323037.png,statue_of_liberty,synthetic
dataset_synthetic\train\roman_colosseum\00119-4069228221.png,roman_colosseum,synthetic
dataset_synthetic\train\statue_of_liberty\00636-2648309714.png,statue_of_liberty,synthetic
dataset_synthetic\train\pyramids_of_giza\00253-3340261363.png,pyramids_of_giza,synthetic
dataset_synthetic\train\eiffel_tower\00198-45903244.png,eiffel_tower,synthetic
dataset_synthetic\train\christ_the_reedemer\00241-2017116357.png,christ_the_reedemer,synthetic
dataset_synthetic\train\great_wall_of_china\00276-1383148728.png,great_wall_of_china,synthetic
dataset_real\train\roman_colosseum\3ff53ccfea.jpg,roman_colosseum,real
dataset_synthetic\train\christ_the_reedemer\00279-3045517142.png,christ_the_reedemer,synthetic
dataset_synthetic\train\roman_colosseum\00017-3704602082.png,roman_colosseum,synthetic
dataset_synthetic\train\eiffel_tower\00075-2409094509.png,eiffel_tower,synthetic
dataset_synthetic\train\great_wall_of_china\00012-1860489312.png,great_wall_of_china,synthetic
dataset_real\train\eiffel_tower\e573e4b976.jpg,eiffel_tower,real
dataset_synthetic\train\roman_colosseum\00247-1881496542.png,roman_colosseum,synthetic
dataset_real\train\burj_khalifa\d1c2ddf4af.jpg,burj_khalifa,real
dataset_synthetic\train\pyramids_of_giza\00159-2205670335.png,pyramids_of_giza,synthetic
dataset_synthetic\train\great_wall_of_china\00072-2389887068.png,great_wall_of_china,synthetic
dataset_real\train\chichen_itza\0520c73d20.jpg,chichen_itza,real
dataset_synthetic\train\roman_colosseum\00140-4069228242.png,roman_colosseum,synthetic
dataset_synthetic\train\pyramids_of_giza\00266-3340261376.png,pyramids_of_giza,synthetic
dataset_synthetic\train\chichen_itza\00073-2079455166.png,chichen_itza,synthetic
dataset_synthetic\train\great_wall_of_china\00135-2449295038.png,great_wall_of_china,synthetic
dataset_real\train\eiffel_tower\ca0ecd48c1.jpg,eiffel_tower,real
dataset_synthetic\train\great_wall_of_china\00262-4085978428.png,great_wall_of_china,synthetic
dataset_real\train\roman_colosseum\39d476e843.jpg,roman_colosseum,real
dataset_synthetic\train\chichen_itza\00117-3888410428.png,chichen_itza,synthetic
dataset_synthetic\train\christ_the_reedemer\00194-4094071620.png,christ_the_reedemer,synthetic
dataset_synthetic\train\chichen_itza\00220-4190620857.png,chichen_itza,synthetic
dataset_synthetic\train\great_wall_of_china\00054-1177815143.png,great_wall_of_china,synthetic
dataset_synthetic\train\chichen_itza\00000-354526587.png,chichen_itza,synthetic
dataset_synthetic\train\great_wall_of_china\00110-920026941.png,great_wall_of_china,synthetic
dataset_real\train\burj_khalifa\73114ff74a.jpg,burj_khalifa,real
dataset_synthetic\train\chichen_itza\00162-1856050874.png,chichen_itza,synthetic
dataset_real\train\roman_colosseum\0028413765.jpg,roman_colosseum,real
dataset_synthetic\train\christ_the_reedemer\00277-3045517140.png,christ_the_reedemer,synthetic
dataset_synthetic\train\christ_the_reedemer\00214-1121221005.png,christ_the_reedemer,synthetic
dataset_synthetic\train\burj_khalifa\00217-2852982621.png,burj_khalifa,synthetic
dataset_synthetic\train\chichen_itza\00068-2079455161.png,chichen_itza,synthetic
dataset_synthetic\train\chichen_itza\00235-4190620872.png,chichen_itza,synthetic
dataset_real\train\roman_colosseum\d5450beb71.jpg,roman_colosseum,real
dataset_synthetic\train\christ_the_reedemer\00106-2389616926.png,christ_the_reedemer,synthetic
dataset_real\train\statue_of_liberty\b99b07db39.jpg,statue_of_liberty,real
dataset_synthetic\train\roman_colosseum\00207-1974243526.png,roman_colosseum,synthetic
dataset_synthetic\train\chichen_itza\00099-3888410410.png,chichen_itza,synthetic
dataset_synthetic\train\roman_colosseum\00259-1881496554.png,roman_colosseum,synthetic
dataset_synthetic\train\burj_khalifa\00054-3281528419.png,burj_khalifa,synthetic
dataset_real\train\great_wall_of_china\46f15c53e7.jpg,great_wall_of_china,real
dataset_synthetic\train\burj_khalifa\00151-2778414618.png,burj_khalifa,synthetic
dataset_synthetic\train\chichen_itza\00094-3888410405.png,chichen_itza,synthetic
dataset_synthetic\train\pyramids_of_giza\00058-2054659961.png,pyramids_of_giza,synthetic
dataset_real\train\christ_the_reedemer\daec5aab3e.jpg,christ_the_reedemer,real
dataset_real\train\roman_colosseum\1405d0e88b.jpg,roman_colosseum,real
dataset_real\train\great_wall_of_china\a0abbf10e2.jpg,great_wall_of_china,real
dataset_synthetic\train\christ_the_reedemer\00032-3006335895.png,christ_the_reedemer,synthetic
dataset_synthetic\train\burj_khalifa\00074-3346071110.png,burj_khalifa,synthetic
dataset_real\train\pyramids_of_giza\81c1b24973.jpg,pyramids_of_giza,real
dataset_real\train\statue_of_liberty\33207fe0cf.jpg,statue_of_liberty,real
dataset_real\train\great_wall_of_china\c6345746dd.jpg,great_wall_of_china,real
dataset_synthetic\train\statue_of_liberty\00448-818305451.png,statue_of_liberty,synthetic
dataset_synthetic\train\christ_the_reedemer\00276-3045517139.png,christ_the_reedemer,synthetic
dataset_synthetic\train\burj_khalifa\00223-2852982627.png,burj_khalifa,synthetic
dataset_synthetic\train\roman_colosseum\00137-4069228239.png,roman_colosseum,synthetic
dataset_real\train\great_wall_of_china\e56e439f69.jpg,great_wall_of_china,real
dataset_synthetic\train\roman_colosseum\00120-4069228222.png,roman_colosseum,synthetic
dataset_synthetic\train\christ_the_reedemer\00156-423565294.png,christ_the_reedemer,synthetic
dataset_synthetic\train\roman_colosseum\00018-3704602083.png,roman_colosseum,synthetic
dataset_synthetic\train\statue_of_liberty\00397-1169046308.png,statue_of_liberty,synthetic
dataset_real\train\eiffel_tower\b112c7e338.jpg,eiffel_tower,real
dataset_synthetic\train\statue_of_liberty\00413-1169046324.png,statue_of_liberty,synthetic
dataset_synthetic\train\christ_the_reedemer\00161-423565299.png,christ_the_reedemer,synthetic
dataset_real\train\pyramids_of_giza\55b7bd24bf.jpg,pyramids_of_giza,real
dataset_synthetic\train\christ_the_reedemer\00112-3552515806.png,christ_the_reedemer,synthetic
dataset_synthetic\train\pyramids_of_giza\00032-2054659935.png,pyramids_of_giza,synthetic
dataset_synthetic\train\christ_the_reedemer\00070-2397697055.png,christ_the_reedemer,synthetic
dataset_synthetic\train\burj_khalifa\00088-3346071124.png,burj_khalifa,synthetic
dataset_real\train\burj_khalifa\50fad8df17.jpg,burj_khalifa,real
dataset_synthetic\train\burj_khalifa\00177-2778414644.png,burj_khalifa,synthetic
dataset_synthetic\train\pyramids_of_giza\00194-4087309973.png,pyramids_of_giza,synthetic
dataset_synthetic\train\burj_khalifa\00022-2682522075.png,burj_khalifa,synthetic
dataset_real\train\chichen_itza\4cfc94e3d3.jpg,chichen_itza,real
dataset_real\train\pyramids_of_giza\9eec84bfdc.jpg,pyramids_of_giza,real
dataset_synthetic\train\pyramids_of_giza\00218-3159135357.png,pyramids_of_giza,synthetic
dataset_synthetic\train\christ_the_reedemer\00061-2397697046.png,christ_the_reedemer,synthetic
dataset_synthetic\train\christ_the_reedemer\00060-2397697045.png,christ_the_reedemer,synthetic
dataset_real\train\chichen_itza\498414d443.jpg,chichen_itza,real
dataset_synthetic\train\eiffel_tower\00217-2386103692.png,eiffel_tower,synthetic
dataset_real\train\statue_of_liberty\36dc4dda9b.jpg,statue_of_liberty,real
dataset_synthetic\train\burj_khalifa\00163-2778414630.png,burj_khalifa,synthetic
dataset_synthetic\train\roman_colosseum\00214-1225658192.png,roman_colosseum,synthetic
dataset_synthetic\train\roman_colosseum\00251-1881496546.png,roman_colosseum,synthetic
dataset_synthetic\train\chichen_itza\00071-2079455164.png,chichen_itza,synthetic
dataset_synthetic\train\roman_colosseum\00013-3704602078.png,roman_colosseum,synthetic
dataset_synthetic\train\eiffel_tower\00228-2386103703.png,eiffel_tower,synthetic
dataset_synthetic\train\great_wall_of_china\00050-1177815139.png,great_wall_of_china,synthetic
dataset_synthetic\train\roman_colosseum\00186-1974243505.png,roman_colosseum,synthetic
dataset_synthetic\train\chichen_itza\00104-3888410415.png,chichen_itza,synthetic
dataset_synthetic\train\eiffel_tower\00005-3137921690.png,eiffel_tower,synthetic
dataset_synthetic\train\great_wall_of_china\00098-920026929.png,great_wall_of_china,synthetic
dataset_synthetic\train\pyramids_of_giza\00229-3159135368.png,pyramids_of_giza,synthetic
dataset_synthetic\train\eiffel_tower\00118-3388316063.png,eiffel_tower,synthetic
dataset_synthetic\train\burj_khalifa\00197-2688549105.png,burj_khalifa,synthetic
dataset_synthetic\train\roman_colosseum\00092-2343411939.png,roman_colosseum,synthetic
dataset_synthetic\train\burj_khalifa\00124-1813382812.png,burj_khalifa,synthetic
dataset_real\train\eiffel_tower\8fc4938a9d.jpg,eiffel_tower,real
dataset_real\train\eiffel_tower\c0b3592514.jpg,eiffel_tower,real
dataset_synthetic\train\great_wall_of_china\00095-920026926.png,great_wall_of_china,synthetic
dataset_synthetic\train\statue_of_liberty\00521-1791252963.png,statue_of_liberty,synthetic
dataset_synthetic\train\christ_the_reedemer\00298-2284744747.png,christ_the_reedemer,synthetic
dataset_synthetic\train\eiffel_tower\00093-3388316038.png,eiffel_tower,synthetic
dataset_synthetic\train\burj_khalifa\00215-2852982619.png,burj_khalifa,synthetic
dataset_synthetic\train\eiffel_tower\00030-1984749083.png,eiffel_tower,synthetic
dataset_real\train\chichen_itza\40cac344b6.jpg,chichen_itza,real
dataset_synthetic\train\roman_colosseum\00085-1525667175.png,roman_colosseum,synthetic
dataset_real\train\roman_colosseum\b3c3407259.jpg,roman_colosseum,real
dataset_real\train\pyramids_of_giza\0dcc8dfa14.jpg,pyramids_of_giza,real
dataset_synthetic\train\christ_the_reedemer\00275-3045517138.png,christ_the_reedemer,synthetic
dataset_synthetic\train\burj_khalifa\00159-2778414626.png,burj_khalifa,synthetic
dataset_synthetic\train\pyramids_of_giza\00106-942607764.png,pyramids_of_giza,synthetic
dataset_synthetic\train\christ_the_reedemer\00031-3006335894.png,christ_the_reedemer,synthetic
dataset_real\train\pyramids_of_giza\0e23030f49.jpg,pyramids_of_giza,real
dataset_synthetic\train\christ_the_reedemer\00153-423565291.png,christ_the_reedemer,synthetic
dataset_real\train\christ_the_reedemer\9019b4d582.jpg,christ_the_reedemer,real
dataset_synthetic\train\pyramids_of_giza\00179-2205670355.png,pyramids_of_giza,synthetic
dataset_synthetic\train\statue_of_liberty\00487-3884271011.png,statue_of_liberty,synthetic
dataset_real\train\pyramids_of_giza\b3b6bfbda6.jpg,pyramids_of_giza,real
dataset_real\train\pyramids_of_giza\35e33ae763.jpg,pyramids_of_giza,real
dataset_synthetic\train\great_wall_of_china\00291-1383148743.png,great_wall_of_china,synthetic
dataset_real\train\pyramids_of_giza\b7904c60d6.jpg,pyramids_of_giza,real
dataset_synthetic\train\roman_colosseum\00198-1974243517.png,roman_colosseum,synthetic
dataset_real\train\eiffel_tower\b70ded6f6b.jpg,eiffel_tower,real
dataset_synthetic\train\roman_colosseum\00010-3704602075.png,roman_colosseum,synthetic
dataset_synthetic\train\pyramids_of_giza\00243-3340261353.png,pyramids_of_giza,synthetic
dataset_synthetic\train\great_wall_of_china\00011-1860489311.png,great_wall_of_china,synthetic
dataset_synthetic\train\burj_khalifa\00247-2863073457.png,burj_khalifa,synthetic
dataset_synthetic\train\pyramids_of_giza\00005-4241466201.png,pyramids_of_giza,synthetic
dataset_synthetic\train\christ_the_reedemer\00028-3006335891.png,christ_the_reedemer,synthetic
dataset_synthetic\train\statue_of_liberty\00532-1791252974.png,statue_of_liberty,synthetic
dataset_synthetic\train\statue_of_liberty\00551-3937903695.png,statue_of_liberty,synthetic
dataset_synthetic\train\great_wall_of_china\00046-1177815135.png,great_wall_of_china,synthetic
dataset_synthetic\train\chichen_itza\00070-2079455163.png,chichen_itza,synthetic
dataset_synthetic\train\christ_the_reedemer\00152-423565290.png,christ_the_reedemer,synthetic
dataset_real\train\pyramids_of_giza\60785d36a2.jpg,pyramids_of_giza,real
dataset_synthetic\train\christ_the_reedemer\00283-3045517146.png,christ_the_reedemer,synthetic
dataset_synthetic\train\statue_of_liberty\00387-174988345.png,statue_of_liberty,synthetic
dataset_synthetic\train\great_wall_of_china\00248-4085978414.png,great_wall_of_china,synthetic
dataset_synthetic\train\chichen_itza\00222-4190620859.png,chichen_itza,synthetic
dataset_real\train\pyramids_of_giza\c54ada7336.jpg,pyramids_of_giza,real
dataset_synthetic\train\great_wall_of_china\00039-1177815128.png,great_wall_of_china,synthetic
dataset_real\train\pyramids_of_giza\89adfc3342.jpg,pyramids_of_giza,real
dataset_real\train\pyramids_of_giza\e6cabea0e2.jpg,pyramids_of_giza,real
dataset_real\train\pyramids_of_giza\b75a4d6a72.jpg,pyramids_of_giza,real
dataset_synthetic\train\eiffel_tower\00267-1566552048.png,eiffel_tower,synthetic
dataset_real\train\great_wall_of_china\c4aad6f5e2.jpg,great_wall_of_china,real
dataset_synthetic\train\great_wall_of_china\00161-1607761941.png,great_wall_of_china,synthetic
dataset_synthetic\train\roman_colosseum\00030-2283819979.png,roman_colosseum,synthetic
dataset_synthetic\train\roman_colosseum\00029-3704602094.png,roman_colosseum,synthetic
dataset_real\train\christ_the_reedemer\9ced7331ca.jpg,christ_the_reedemer,real
dataset_real\train\christ_the_reedemer\0ca3b8d570.jpg,christ_the_reedemer,real
dataset_synthetic\train\statue_of_liberty\00440-3674376596.png,statue_of_liberty,synthetic
dataset_real\train\statue_of_liberty\3139e36373.jpg,statue_of_liberty,real
dataset_synthetic\train\pyramids_of_giza\00214-3159135353.png,pyramids_of_giza,synthetic
dataset_synthetic\train\roman_colosseum\00061-1525667151.png,roman_colosseum,synthetic
dataset_real\train\chichen_itza\222a84e9f5.jpg,chichen_itza,real
dataset_synthetic\train\great_wall_of_china\00071-2389887067.png,great_wall_of_china,synthetic
dataset_synthetic\train\roman_colosseum\00282-241878737.png,roman_colosseum,synthetic
dataset_synthetic\train\roman_colosseum\00246-1881496541.png,roman_colosseum,synthetic
dataset_synthetic\train\eiffel_tower\00282-162160943.png,eiffel_tower,synthetic
dataset_synthetic\train\eiffel_tower\00251-1566552032.png,eiffel_tower,synthetic
dataset_synthetic\train\chichen_itza\00120-1654904551.png,chichen_itza,synthetic
dataset_synthetic\train\christ_the_reedemer\00030-3006335893.png,christ_the_reedemer,synthetic
dataset_real\train\great_wall_of_china\feba20e146.jpg,great_wall_of_china,real
dataset_synthetic\train\chichen_itza\00131-1654904562.png,chichen_itza,synthetic
dataset_synthetic\train\christ_the_reedemer\00258-2017116374.png,christ_the_reedemer,synthetic
dataset_real\train\christ_the_reedemer\fb0e23c75a.jpg,christ_the_reedemer,real
dataset_real\train\eiffel_tower\a47359b041.jpg,eiffel_tower,real
dataset_synthetic\train\chichen_itza\00007-354526594.png,chichen_itza,synthetic
dataset_synthetic\train\pyramids_of_giza\00017-4241466213.png,pyramids_of_giza,synthetic
dataset_synthetic\train\statue_of_liberty\00405-1169046316.png,statue_of_liberty,synthetic
dataset_real\train\eiffel_tower\32bbbd89d5.jpg,eiffel_tower,real
dataset_real\train\roman_colosseum\618abcdf0d.jpg,roman_colosseum,real
dataset_real\train\eiffel_tower\f00150af81.jpg,eiffel_tower,real
dataset_synthetic\train\pyramids_of_giza\00172-2205670348.png,pyramids_of_giza,synthetic
dataset_synthetic\train\christ_the_reedemer\00197-4094071623.png,christ_the_reedemer,synthetic
dataset_synthetic\train\great_wall_of_china\00126-2449295029.png,great_wall_of_china,synthetic
dataset_synthetic\train\chichen_itza\00029-817939104.png,chichen_itza,synthetic
dataset_synthetic\train\chichen_itza\00015-817939090.png,chichen_itza,synthetic
dataset_synthetic\train\great_wall_of_china\00016-1860489316.png,great_wall_of_china,synthetic
dataset_synthetic\train\chichen_itza\00036-2669227190.png,chichen_itza,synthetic
dataset_real\train\christ_the_reedemer\7af03f67ef.jpg,christ_the_reedemer,real
dataset_real\train\christ_the_reedemer\d20d898886.jpg,christ_the_reedemer,real
dataset_synthetic\train\chichen_itza\00113-3888410424.png,chichen_itza,synthetic
dataset_synthetic\train\roman_colosseum\00268-241878723.png,roman_colosseum,synthetic
dataset_synthetic\train\great_wall_of_china\00216-4011577231.png,great_wall_of_china,synthetic
dataset_real\train\eiffel_tower\d60c378d0a.jpg,eiffel_tower,real
dataset_synthetic\train\great_wall_of_china\00191-2026541299.png,great_wall_of_china,synthetic
dataset_real\train\great_wall_of_china\a2f63cb709.jpg,great_wall_of_china,real
dataset_real\train\christ_the_reedemer\7305be81b6.jpg,christ_the_reedemer,real
dataset_synthetic\train\great_wall_of_china\00059-1177815148.png,great_wall_of_china,synthetic
dataset_real\train\pyramids_of_giza\38de249d6c.jpg,pyramids_of_giza,real
dataset_synthetic\train\great_wall_of_china\00040-1177815129.png,great_wall_of_china,synthetic
dataset_synthetic\train\eiffel_tower\00085-2409094519.png,eiffel_tower,synthetic
dataset_synthetic\train\statue_of_liberty\00517-1791252959.png,statue_of_liberty,synthetic
dataset_real\train\statue_of_liberty\318762fd2e.jpg,statue_of_liberty,real
dataset_synthetic\train\christ_the_reedemer\00207-1121220998.png,christ_the_reedemer,synthetic
dataset_synthetic\train\eiffel_tower\00108-3388316053.png,eiffel_tower,synthetic
dataset_synthetic\train\statue_of_liberty\00625-4055323062.png,statue_of_liberty,synthetic
dataset_real\train\pyramids_of_giza\9e5861d026.jpg,pyramids_of_giza,real
dataset_synthetic\train\burj_khalifa\00000-2682522053.png,burj_khalifa,synthetic
dataset_synthetic\train\burj_khalifa\00186-2688549094.png,burj_khalifa,synthetic
dataset_synthetic\train\great_wall_of_china\00026-1860489326.png,great_wall_of_china,synthetic
dataset_synthetic\train\eiffel_tower\00295-162160956.png,eiffel_tower,synthetic
dataset_real\train\great_wall_of_china\d0d206979b.jpg,great_wall_of_china,real
dataset_synthetic\train\great_wall_of_china\00068-2389887064.png,great_wall_of_china,synthetic
dataset_synthetic\train\eiffel_tower\00183-45903229.png,eiffel_tower,synthetic
dataset_real\train\eiffel_tower\4bcdd55ed5.jpg,eiffel_tower,real
dataset_real\train\roman_colosseum\c19717f3a6.jpg,roman_colosseum,real
dataset_synthetic\train\chichen_itza\00043-2669227197.png,chichen_itza,synthetic
dataset_synthetic\train\chichen_itza\00198-1342241953.png,chichen_itza,synthetic
dataset_synthetic\train\chichen_itza\00132-1654904563.png,chichen_itza,synthetic
dataset_real\train\eiffel_tower\5482926863.jpg,eiffel_tower,real
dataset_synthetic\train\christ_the_reedemer\00143-423565281.png,christ_the_reedemer,synthetic
dataset_synthetic\train\great_wall_of_china\00229-4011577244.png,great_wall_of_china,synthetic
dataset_real\train\christ_the_reedemer\10d04f4650.jpg,christ_the_reedemer,real
dataset_real\train\statue_of_liberty\843c6b992b.jpg,statue_of_liberty,real
dataset_synthetic\train\eiffel_tower\00238-2386103713.png,eiffel_tower,synthetic
dataset_synthetic\train\burj_khalifa\00149-1813382837.png,burj_khalifa,synthetic
dataset_real\train\eiffel_tower\795f26f60c.jpg,eiffel_tower,real
dataset_synthetic\train\eiffel_tower\00154-1848933953.png,eiffel_tower,synthetic
dataset_synthetic\train\great_wall_of_china\00037-1177815126.png,great_wall_of_china,synthetic
dataset_synthetic\train\burj_khalifa\00037-3281528402.png,burj_khalifa,synthetic
dataset_synthetic\train\eiffel_tower\00261-1566552042.png,eiffel_tower,synthetic
dataset_synthetic\train\eiffel_tower\00077-2409094511.png,eiffel_tower,synthetic
dataset_synthetic\train\chichen_itza\00027-817939102.png,chichen_itza,synthetic
dataset_synthetic\train\eiffel_tower\00199-45903245.png,eiffel_tower,synthetic
dataset_real\train\eiffel_tower\cb79c1db9e.jpg,eiffel_tower,real
dataset_synthetic\train\pyramids_of_giza\00141-962878679.png,pyramids_of_giza,synthetic
dataset_real\train\pyramids_of_giza\f26b31d072.jpg,pyramids_of_giza,real
dataset_synthetic\train\pyramids_of_giza\00078-2984508830.png,pyramids_of_giza,synthetic
dataset_synthetic\train\pyramids_of_giza\00075-2984508827.png,pyramids_of_giza,synthetic
dataset_synthetic\train\eiffel_tower\00139-70550510.png,eiffel_tower,synthetic
dataset_synthetic\train\burj_khalifa\00098-4109332466.png,burj_khalifa,synthetic
dataset_real\train\roman_colosseum\6021a32d96.jpg,roman_colosseum,real
dataset_synthetic\train\pyramids_of_giza\00101-942607759.png,pyramids_of_giza,synthetic
dataset_synthetic\train\great_wall_of_china\00152-1607761932.png,great_wall_of_china,synthetic
dataset_synthetic\train\chichen_itza\00004-817939079.png,chichen_itza,synthetic
dataset_synthetic\train\burj_khalifa\00164-2778414631.png,burj_khalifa,synthetic
dataset_real\train\pyramids_of_giza\96629a12d1.jpg,pyramids_of_giza,real
dataset_synthetic\train\eiffel_tower\00115-3388316060.png,eiffel_tower,synthetic
dataset_synthetic\train\chichen_itza\00264-1829905849.png,chichen_itza,synthetic
dataset_synthetic\train\pyramids_of_giza\00239-3159135378.png,pyramids_of_giza,synthetic
dataset_real\train\christ_the_reedemer\03a1d6f79a.jpg,christ_the_reedemer,real
dataset_synthetic\train\great_wall_of_china\00092-920026923.png,great_wall_of_china,synthetic
dataset_synthetic\train\great_wall_of_china\00002-1860489302.png,great_wall_of_china,synthetic
dataset_synthetic\train\christ_the_reedemer\00294-2284744743.png,christ_the_reedemer,synthetic
dataset_synthetic\train\great_wall_of_china\00223-4011577238.png,great_wall_of_china,synthetic
dataset_synthetic\train\roman_colosseum\00205-1974243524.png,roman_colosseum,synthetic
dataset_synthetic\train\burj_khalifa\00254-2863073464.png,burj_khalifa,synthetic
dataset_synthetic\train\chichen_itza\00254-1829905839.png,chichen_itza,synthetic
dataset_synthetic\train\great_wall_of_china\00157-1607761937.png,great_wall_of_china,synthetic
dataset_synthetic\train\eiffel_tower\00263-1566552044.png,eiffel_tower,synthetic
dataset_real\train\eiffel_tower\9d091d1981.jpg,eiffel_tower,real
dataset_real\train\roman_colosseum\311a4531de.jpg,roman_colosseum,real
dataset_synthetic\train\chichen_itza\00006-354526593.png,chichen_itza,synthetic
dataset_synthetic\train\burj_khalifa\00267-2863073477.png,burj_khalifa,synthetic
dataset_synthetic\train\roman_colosseum\00095-2343411942.png,roman_colosseum,synthetic
dataset_synthetic\train\christ_the_reedemer\00099-2389616919.png,christ_the_reedemer,synthetic
dataset_synthetic\train\great_wall_of_china\00168-1607761948.png,great_wall_of_china,synthetic
dataset_synthetic\train\burj_khalifa\00248-2863073458.png,burj_khalifa,synthetic
dataset_synthetic\train\great_wall_of_china\00169-1607761949.png,great_wall_of_china,synthetic
dataset_synthetic\train\eiffel_tower\00148-70550519.png,eiffel_tower,synthetic
dataset_synthetic\train\pyramids_of_giza\00285-39524430.png,pyramids_of_giza,synthetic
dataset_real\train\chichen_itza\dbf445096c.jpg,chichen_itza,real
dataset_synthetic\train\eiffel_tower\00179-1848933978.png,eiffel_tower,synthetic
dataset_synthetic\train\statue_of_liberty\00375-174988333.png,statue_of_liberty,synthetic
dataset_real\train\burj_khalifa\04d516ea7d.jpg,burj_khalifa,real
dataset_real\train\roman_colosseum\28fea31e53.jpg,roman_colosseum,real
dataset_synthetic\train\eiffel_tower\00017-3137921702.png,eiffel_tower,synthetic
dataset_synthetic\train\chichen_itza\00089-2079455182.png,chichen_itza,synthetic
dataset_synthetic\train\eiffel_tower\00170-1848933969.png,eiffel_tower,synthetic
dataset_synthetic\train\great_wall_of_china\00055-1177815144.png,great_wall_of_china,synthetic
dataset_synthetic\train\pyramids_of_giza\00016-4241466212.png,pyramids_of_giza,synthetic
dataset_synthetic\train\burj_khalifa\00060-3346071096.png,burj_khalifa,synthetic
dataset_real\train\eiffel_tower\8d753ed5c9.jpg,eiffel_tower,real
dataset_synthetic\train\burj_khalifa\00185-2688549093.png,burj_khalifa,synthetic
dataset_synthetic\train\eiffel_tower\00197-45903243.png,eiffel_tower,synthetic
dataset_synthetic\train\statue_of_liberty\00627-4055323064.png,statue_of_liberty,synthetic
dataset_synthetic\train\eiffel_tower\00157-1848933956.png,eiffel_tower,synthetic
dataset_synthetic\train\pyramids_of_giza\00126-962878664.png,pyramids_of_giza,synthetic
dataset_real\train\great_wall_of_china\73a92ea9ae.jpg,great_wall_of_china,real
dataset_synthetic\train\burj_khalifa\00048-3281528413.png,burj_khalifa,synthetic
dataset_synthetic\train\great_wall_of_china\00125-2449295028.png,great_wall_of_china,synthetic
dataset_synthetic\train\burj_khalifa\00015-2682522068.png,burj_khalifa,synthetic
dataset_synthetic\train\christ_the_reedemer\00185-4094071611.png,christ_the_reedemer,synthetic
dataset_synthetic\train\roman_colosseum\00175-1009224273.png,roman_colosseum,synthetic
dataset_synthetic\train\burj_khalifa\00206-2688549114.png,burj_khalifa,synthetic
dataset_synthetic\train\christ_the_reedemer\00140-3552515834.png,christ_the_reedemer,synthetic
dataset_synthetic\train\burj_khalifa\00040-3281528405.png,burj_khalifa,synthetic
dataset_synthetic\train\roman_colosseum\00211-1225658189.png,roman_colosseum,synthetic
dataset_synthetic\train\statue_of_liberty\00431-3674376587.png,statue_of_liberty,synthetic
dataset_synthetic\train\pyramids_of_giza\00029-4241466225.png,pyramids_of_giza,synthetic
dataset_real\train\statue_of_liberty\71fd561a87.jpg,statue_of_liberty,real
dataset_synthetic\train\roman_colosseum\00195-1974243514.png,roman_colosseum,synthetic
dataset_synthetic\train\pyramids_of_giza\00096-942607754.png,pyramids_of_giza,synthetic
dataset_synthetic\train\roman_colosseum\00279-241878734.png,roman_colosseum,synthetic
dataset_synthetic\train\great_wall_of_china\00228-4011577243.png,great_wall_of_china,synthetic
dataset_synthetic\train\burj_khalifa\00134-1813382822.png,burj_khalifa,synthetic
dataset_synthetic\train\burj_khalifa\00102-4109332470.png,burj_khalifa,synthetic
dataset_synthetic\train\burj_khalifa\00292-2716773643.png,burj_khalifa,synthetic
dataset_real\train\christ_the_reedemer\05fc038979.jpg,christ_the_reedemer,real
dataset_synthetic\train\chichen_itza\00041-2669227195.png,chichen_itza,synthetic
dataset_synthetic\train\christ_the_reedemer\00046-3006335909.png,christ_the_reedemer,synthetic
dataset_synthetic\train\burj_khalifa\00175-2778414642.png,burj_khalifa,synthetic
dataset_synthetic\train\eiffel_tower\00020-3137921705.png,eiffel_tower,synthetic
dataset_synthetic\train\great_wall_of_china\00203-2026541311.png,great_wall_of_china,synthetic
dataset_synthetic\train\great_wall_of_china\00097-920026928.png,great_wall_of_china,synthetic
dataset_synthetic\train\christ_the_reedemer\00158-423565296.png,christ_the_reedemer,synthetic
dataset_real\train\christ_the_reedemer\63706359ea.jpg,christ_the_reedemer,real
dataset_synthetic\train\pyramids_of_giza\00027-4241466223.png,pyramids_of_giza,synthetic
dataset_synthetic\train\roman_colosseum\00006-3704602071.png,roman_colosseum,synthetic
dataset_synthetic\train\pyramids_of_giza\00208-4087309987.png,pyramids_of_giza,synthetic
dataset_synthetic\train\statue_of_liberty\00620-4055323057.png,statue_of_liberty,synthetic
dataset_synthetic\train\great_wall_of_china\00255-4085978421.png,great_wall_of_china,synthetic
dataset_synthetic\train\chichen_itza\00128-1654904559.png,chichen_itza,synthetic
dataset_real\train\christ_the_reedemer\b9fb367877.jpg,christ_the_reedemer,real
dataset_synthetic\train\great_wall_of_china\00031-1177815120.png,great_wall_of_china,synthetic
dataset_synthetic\train\great_wall_of_china\00044-1177815133.png,great_wall_of_china,synthetic
dataset_synthetic\train\burj_khalifa\00284-2716773635.png,burj_khalifa,synthetic
dataset_synthetic\train\great_wall_of_china\00036-1177815125.png,great_wall_of_china,synthetic
dataset_real\train\christ_the_reedemer\69b439fca9.jpg,christ_the_reedemer,real
dataset_synthetic\train\roman_colosseum\00153-1009224251.png,roman_colosseum,synthetic
dataset_real\train\roman_colosseum\7b1a2e646b.jpg,roman_colosseum,real
dataset_real\train\chichen_itza\fe3c406fe9.jpg,chichen_itza,real
dataset_synthetic\train\christ_the_reedemer\00321-2284744770.png,christ_the_reedemer,synthetic
dataset_real\train\roman_colosseum\2bfa521b13.jpg,roman_colosseum,real
dataset_real\train\pyramids_of_giza\01a3ada063.jpg,pyramids_of_giza,real
dataset_real\train\great_wall_of_china\9c2fe7d210.jpg,great_wall_of_china,real
dataset_synthetic\train\statue_of_liberty\00536-1791252978.png,statue_of_liberty,synthetic
dataset_synthetic\train\christ_the_reedemer\00304-2284744753.png,christ_the_reedemer,synthetic
dataset_real\train\roman_colosseum\e665f3649e.jpg,roman_colosseum,real
dataset_synthetic\train\christ_the_reedemer\00039-3006335902.png,christ_the_reedemer,synthetic
dataset_synthetic\train\burj_khalifa\00114-4109332482.png,burj_khalifa,synthetic
dataset_synthetic\train\pyramids_of_giza\00249-3340261359.png,pyramids_of_giza,synthetic
dataset_real\train\chichen_itza\ca5d7b3fad.jpg,chichen_itza,real
dataset_synthetic\train\statue_of_liberty\00437-3674376593.png,statue_of_liberty,synthetic
dataset_real\train\christ_the_reedemer\5ae059b7a0.jpg,christ_the_reedemer,real
dataset_synthetic\train\burj_khalifa\00188-2688549096.png,burj_khalifa,synthetic
dataset_real\train\pyramids_of_giza\842870afe0.jpg,pyramids_of_giza,real
dataset_synthetic\train\chichen_itza\00205-1342241960.png,chichen_itza,synthetic
dataset_synthetic\train\burj_khalifa\00056-3281528421.png,burj_khalifa,synthetic
dataset_synthetic\train\pyramids_of_giza\00135-962878673.png,pyramids_of_giza,synthetic
dataset_synthetic\train\roman_colosseum\00051-2283820000.png,roman_colosseum,synthetic
dataset_synthetic\train\great_wall_of_china\00179-1607761959.png,great_wall_of_china,synthetic
dataset_synthetic\train\eiffel_tower\00153-1848933952.png,eiffel_tower,synthetic
dataset_real\train\christ_the_reedemer\515fa4e2ea.jpg,christ_the_reedemer,real
dataset_synthetic\train\pyramids_of_giza\00216-3159135355.png,pyramids_of_giza,synthetic
dataset_real\train\statue_of_liberty\b80d71067e.jpg,statue_of_liberty,real
dataset_real\train\pyramids_of_giza\46a5aacedc.jpg,pyramids_of_giza,real
dataset_real\train\burj_khalifa\f273b2e3e0.jpg,burj_khalifa,real
dataset_synthetic\train\burj_khalifa\00153-2778414620.png,burj_khalifa,synthetic
dataset_synthetic\train\pyramids_of_giza\00256-3340261366.png,pyramids_of_giza,synthetic
dataset_real\train\burj_khalifa\19b08575e1.jpg,burj_khalifa,real
dataset_synthetic\train\burj_khalifa\00122-1813382810.png,burj_khalifa,synthetic
dataset_synthetic\train\roman_colosseum\00229-1225658207.png,roman_colosseum,synthetic
dataset_synthetic\train\eiffel_tower\00076-2409094510.png,eiffel_tower,synthetic
dataset_real\train\chichen_itza\009d3edc08.jpg,chichen_itza,real
dataset_real\train\great_wall_of_china\539c545cbd.jpg,great_wall_of_china,real
dataset_synthetic\train\burj_khalifa\00111-4109332479.png,burj_khalifa,synthetic
dataset_real\train\pyramids_of_giza\36037dfbdf.jpg,pyramids_of_giza,real
dataset_synthetic\train\chichen_itza\00090-3888410401.png,chichen_itza,synthetic
dataset_real\train\statue_of_liberty\2b5f97cd90.jpg,statue_of_liberty,real
dataset_synthetic\train\roman_colosseum\00011-3704602076.png,roman_colosseum,synthetic
dataset_synthetic\train\chichen_itza\00124-1654904555.png,chichen_itza,synthetic
dataset_synthetic\train\chichen_itza\00086-2079455179.png,chichen_itza,synthetic
dataset_synthetic\train\christ_the_reedemer\00167-423565305.png,christ_the_reedemer,synthetic
dataset_synthetic\train\roman_colosseum\00151-1009224249.png,roman_colosseum,synthetic
dataset_synthetic\train\burj_khalifa\00107-4109332475.png,burj_khalifa,synthetic
dataset_synthetic\train\pyramids_of_giza\00236-3159135375.png,pyramids_of_giza,synthetic
dataset_synthetic\train\chichen_itza\00123-1654904554.png,chichen_itza,synthetic
dataset_synthetic\train\roman_colosseum\00124-4069228226.png,roman_colosseum,synthetic
dataset_synthetic\train\pyramids_of_giza\00071-2984508823.png,pyramids_of_giza,synthetic
dataset_synthetic\train\great_wall_of_china\00034-1177815123.png,great_wall_of_china,synthetic
dataset_synthetic\train\roman_colosseum\00200-1974243519.png,roman_colosseum,synthetic
dataset_synthetic\train\chichen_itza\00269-1829905854.png,chichen_itza,synthetic
dataset_synthetic\train\christ_the_reedemer\00184-4094071610.png,christ_the_reedemer,synthetic
dataset_synthetic\train\eiffel_tower\00104-3388316049.png,eiffel_tower,synthetic
dataset_real\train\pyramids_of_giza\7615be434a.jpg,pyramids_of_giza,real
dataset_synthetic\train\great_wall_of_china\00077-2389887073.png,great_wall_of_china,synthetic
dataset_synthetic\train\statue_of_liberty\00378-174988336.png,statue_of_liberty,synthetic
dataset_synthetic\train\chichen_itza\00138-1654904569.png,chichen_itza,synthetic
dataset_synthetic\train\statue_of_liberty\00610-4055323047.png,statue_of_liberty,synthetic
dataset_synthetic\train\chichen_itza\00062-2079455155.png,chichen_itza,synthetic
dataset_synthetic\train\pyramids_of_giza\00127-962878665.png,pyramids_of_giza,synthetic
dataset_synthetic\train\pyramids_of_giza\00132-962878670.png,pyramids_of_giza,synthetic
dataset_synthetic\train\burj_khalifa\00075-3346071111.png,burj_khalifa,synthetic
dataset_synthetic\train\statue_of_liberty\00471-818305474.png,statue_of_liberty,synthetic
dataset_synthetic\train\statue_of_liberty\00423-3674376579.png,statue_of_liberty,synthetic
dataset_synthetic\train\eiffel_tower\00205-45903251.png,eiffel_tower,synthetic
dataset_synthetic\train\eiffel_tower\00008-3137921693.png,eiffel_tower,synthetic
dataset_synthetic\train\eiffel_tower\00126-70550497.png,eiffel_tower,synthetic
dataset_synthetic\train\pyramids_of_giza\00082-2984508834.png,pyramids_of_giza,synthetic
dataset_synthetic\train\great_wall_of_china\00178-1607761958.png,great_wall_of_china,synthetic
dataset_synthetic\train\statue_of_liberty\00598-4055323035.png,statue_of_liberty,synthetic
dataset_real\train\pyramids_of_giza\2c585af73a.jpg,pyramids_of_giza,real
dataset_synthetic\train\eiffel_tower\00173-1848933972.png,eiffel_tower,synthetic
dataset_synthetic\train\roman_colosseum\00117-2343411964.png,roman_colosseum,synthetic
dataset_synthetic\train\pyramids_of_giza\00178-2205670354.png,pyramids_of_giza,synthetic
dataset_synthetic\train\christ_the_reedemer\00095-2389616915.png,christ_the_reedemer,synthetic
dataset_real\train\great_wall_of_china\8e541f7340.jpg,great_wall_of_china,real
dataset_synthetic\train\burj_khalifa\00110-4109332478.png,burj_khalifa,synthetic
dataset_real\train\eiffel_tower\7d4bbcc6de.jpg,eiffel_tower,real
dataset_synthetic\train\eiffel_tower\00298-162160959.png,eiffel_tower,synthetic
dataset_synthetic\train\great_wall_of_china\00148-2449295051.png,great_wall_of_china,synthetic
dataset_synthetic\train\christ_the_reedemer\00074-2397697059.png,christ_the_reedemer,synthetic
dataset_synthetic\train\christ_the_reedemer\00096-2389616916.png,christ_the_reedemer,synthetic
dataset_synthetic\train\statue_of_liberty\00485-3884271009.png,statue_of_liberty,synthetic
dataset_synthetic\train\chichen_itza\00140-1654904571.png,chichen_itza,synthetic
dataset_synthetic\train\great_wall_of_china\00195-2026541303.png,great_wall_of_china,synthetic
dataset_real\train\roman_colosseum\8d86312a3b.jpg,roman_colosseum,real
dataset_synthetic\train\christ_the_reedemer\00175-4094071601.png,christ_the_reedemer,synthetic
dataset_synthetic\train\eiffel_tower\00068-2409094502.png,eiffel_tower,synthetic
dataset_real\train\chichen_itza\ce161ed02d.jpg,chichen_itza,real
dataset_synthetic\train\christ_the_reedemer\00154-423565292.png,christ_the_reedemer,synthetic
dataset_synthetic\train\burj_khalifa\00092-4109332460.png,burj_khalifa,synthetic
dataset_real\train\statue_of_liberty\03f88c0e30.jpg,statue_of_liberty,real
dataset_synthetic\train\eiffel_tower\00249-1566552030.png,eiffel_tower,synthetic
dataset_real\train\chichen_itza\35c66d8faa.jpg,chichen_itza,real
dataset_synthetic\train\burj_khalifa\00125-1813382813.png,burj_khalifa,synthetic
dataset_real\train\chichen_itza\418164bc79.jpg,chichen_itza,real
dataset_synthetic\train\roman_colosseum\00102-2343411949.png,roman_colosseum,synthetic
dataset_synthetic\train\roman_colosseum\00248-1881496543.png,roman_colosseum,synthetic
dataset_synthetic\train\burj_khalifa\00174-2778414641.png,burj_khalifa,synthetic
dataset_synthetic\train\chichen_itza\00241-1829905826.png,chichen_itza,synthetic
dataset_synthetic\train\burj_khalifa\00157-2778414624.png,burj_khalifa,synthetic
dataset_synthetic\train\pyramids_of_giza\00251-3340261361.png,pyramids_of_giza,synthetic
dataset_real\train\eiffel_tower\93df9dd7c7.jpg,eiffel_tower,real
dataset_synthetic\train\pyramids_of_giza\00263-3340261373.png,pyramids_of_giza,synthetic
dataset_synthetic\train\statue_of_liberty\00469-818305472.png,statue_of_liberty,synthetic
dataset_synthetic\train\statue_of_liberty\00409-1169046320.png,statue_of_liberty,synthetic
dataset_synthetic\train\statue_of_liberty\00557-3937903701.png,statue_of_liberty,synthetic
dataset_synthetic\train\chichen_itza\00130-1654904561.png,chichen_itza,synthetic
dataset_synthetic\train\pyramids_of_giza\00161-2205670337.png,pyramids_of_giza,synthetic
dataset_synthetic\train\eiffel_tower\00031-1984749084.png,eiffel_tower,synthetic
dataset_synthetic\train\christ_the_reedemer\00299-2284744748.png,christ_the_reedemer,synthetic
dataset_synthetic\train\eiffel_tower\00203-45903249.png,eiffel_tower,synthetic
dataset_synthetic\train\great_wall_of_china\00193-2026541301.png,great_wall_of_china,synthetic
dataset_synthetic\train\eiffel_tower\00058-1984749111.png,eiffel_tower,synthetic
dataset_real\train\roman_colosseum\c4bc58d806.jpg,roman_colosseum,real
dataset_synthetic\train\great_wall_of_china\00187-2026541295.png,great_wall_of_china,synthetic
dataset_synthetic\train\chichen_itza\00246-1829905831.png,chichen_itza,synthetic
dataset_real\train\eiffel_tower\f81ad385d2.jpg,eiffel_tower,real
dataset_real\train\chichen_itza\c58d298534.jpg,chichen_itza,real
dataset_real\train\burj_khalifa\16a5e9b12a.jpg,burj_khalifa,real
dataset_real\train\great_wall_of_china\8a62b87c5c.jpg,great_wall_of_china,real
dataset_synthetic\train\burj_khalifa\00131-1813382819.png,burj_khalifa,synthetic
dataset_real\train\pyramids_of_giza\3715e538d8.jpg,pyramids_of_giza,real
dataset_synthetic\train\chichen_itza\00012-817939087.png,chichen_itza,synthetic
dataset_synthetic\train\burj_khalifa\00182-2688549090.png,burj_khalifa,synthetic
dataset_synthetic\train\pyramids_of_giza\00171-2205670347.png,pyramids_of_giza,synthetic
dataset_synthetic\train\eiffel_tower\00210-2386103685.png,eiffel_tower,synthetic
dataset_synthetic\train\christ_the_reedemer\00037-3006335900.png,christ_the_reedemer,synthetic
dataset_synthetic\train\pyramids_of_giza\00077-2984508829.png,pyramids_of_giza,synthetic
dataset_synthetic\train\great_wall_of_china\00280-1383148732.png,great_wall_of_china,synthetic
dataset_real\train\roman_colosseum\3ab07275d7.jpg,roman_colosseum,real
dataset_synthetic\train\statue_of_liberty\00498-3884271022.png,statue_of_liberty,synthetic
dataset_synthetic\train\roman_colosseum\00266-1881496561.png,roman_colosseum,synthetic
dataset_synthetic\train\great_wall_of_china\00298-1383148750.png,great_wall_of_china,synthetic
dataset_synthetic\train\great_wall_of_china\00219-4011577234.png,great_wall_of_china,synthetic
dataset_synthetic\train\pyramids_of_giza\00140-962878678.png,pyramids_of_giza,synthetic
dataset_synthetic\train\eiffel_tower\00074-2409094508.png,eiffel_tower,synthetic
dataset_synthetic\train\roman_colosseum\00288-241878743.png,roman_colosseum,synthetic
dataset_synthetic\train\christ_the_reedemer\00033-3006335896.png,christ_the_reedemer,synthetic
dataset_synthetic\train\great_wall_of_china\00109-920026940.png,great_wall_of_china,synthetic
dataset_synthetic\train\roman_colosseum\00169-1009224267.png,roman_colosseum,synthetic
dataset_synthetic\train\christ_the_reedemer\00043-3006335906.png,christ_the_reedemer,synthetic
dataset_synthetic\train\great_wall_of_china\00061-2389887057.png,great_wall_of_china,synthetic
dataset_synthetic\train\pyramids_of_giza\00114-942607772.png,pyramids_of_giza,synthetic
dataset_synthetic\train\pyramids_of_giza\00186-4087309965.png,pyramids_of_giza,synthetic
dataset_synthetic\train\great_wall_of_china\00127-2449295030.png,great_wall_of_china,synthetic
dataset_synthetic\train\statue_of_liberty\00489-3884271013.png,statue_of_liberty,synthetic
dataset_synthetic\train\roman_colosseum\00019-3704602084.png,roman_colosseum,synthetic
dataset_synthetic\train\burj_khalifa\00132-1813382820.png,burj_khalifa,synthetic
dataset_real\train\great_wall_of_china\7294870974.jpg,great_wall_of_china,real
dataset_real\train\great_wall_of_china\61aa4144a4.jpg,great_wall_of_china,real
dataset_synthetic\train\statue_of_liberty\00404-1169046315.png,statue_of_liberty,synthetic
dataset_real\train\burj_khalifa\cb97acb7c6.jpg,burj_khalifa,real
dataset_real\train\chichen_itza\ff4f369bb1.jpg,chichen_itza,real
dataset_synthetic\train\great_wall_of_china\00138-2449295041.png,great_wall_of_china,synthetic
dataset_real\train\eiffel_tower\17f0d90d62.jpg,eiffel_tower,real
dataset_synthetic\train\christ_the_reedemer\00267-3045517130.png,christ_the_reedemer,synthetic
dataset_synthetic\train\pyramids_of_giza\00237-3159135376.png,pyramids_of_giza,synthetic
dataset_synthetic\train\roman_colosseum\00067-1525667157.png,roman_colosseum,synthetic
dataset_real\train\eiffel_tower\c6b32e0835.jpg,eiffel_tower,real
dataset_real\train\christ_the_reedemer\db124fa59d.jpg,christ_the_reedemer,real
dataset_synthetic\train\chichen_itza\00018-354526605.png,chichen_itza,synthetic
dataset_real\train\burj_khalifa\cac1ff6043.jpg,burj_khalifa,real
dataset_synthetic\train\eiffel_tower\00081-2409094515.png,eiffel_tower,synthetic
dataset_synthetic\train\statue_of_liberty\00429-3674376585.png,statue_of_liberty,synthetic
dataset_synthetic\train\christ_the_reedemer\00250-2017116366.png,christ_the_reedemer,synthetic
dataset_synthetic\train\chichen_itza\00147-1654904578.png,chichen_itza,synthetic
dataset_synthetic\train\chichen_itza\00210-4190620847.png,chichen_itza,synthetic
dataset_synthetic\train\roman_colosseum\00238-1881496533.png,roman_colosseum,synthetic
dataset_synthetic\train\christ_the_reedemer\00269-3045517132.png,christ_the_reedemer,synthetic
dataset_synthetic\train\christ_the_reedemer\00271-3045517134.png,christ_the_reedemer,synthetic
dataset_synthetic\train\chichen_itza\00189-1342241944.png,chichen_itza,synthetic
dataset_synthetic\train\eiffel_tower\00086-2409094520.png,eiffel_tower,synthetic
dataset_synthetic\train\chichen_itza\00092-3888410403.png,chichen_itza,synthetic
dataset_synthetic\train\christ_the_reedemer\00077-2397697062.png,christ_the_reedemer,synthetic
dataset_synthetic\train\chichen_itza\00002-354526589.png,chichen_itza,synthetic
dataset_synthetic\train\chichen_itza\00136-1654904567.png,chichen_itza,synthetic
dataset_synthetic\train\eiffel_tower\00233-2386103708.png,eiffel_tower,synthetic
dataset_real\train\christ_the_reedemer\8546f56928.jpg,christ_the_reedemer,real
dataset_synthetic\train\statue_of_liberty\00401-1169046312.png,statue_of_liberty,synthetic
dataset_real\train\burj_khalifa\301d26d9e9.jpg,burj_khalifa,real
dataset_real\train\christ_the_reedemer\79e9755e4d.jpg,christ_the_reedemer,real
dataset_synthetic\train\chichen_itza\00193-1342241948.png,chichen_itza,synthetic
dataset_real\train\great_wall_of_china\163dc076ab.jpg,great_wall_of_china,real
dataset_synthetic\train\burj_khalifa\00103-4109332471.png,burj_khalifa,synthetic
dataset_real\train\eiffel_tower\cd0d9d3278.jpg,eiffel_tower,real
dataset_synthetic\train\great_wall_of_china\00279-1383148731.png,great_wall_of_china,synthetic
dataset_synthetic\train\burj_khalifa\00285-2716773636.png,burj_khalifa,synthetic
dataset_synthetic\train\pyramids_of_giza\00232-3159135371.png,pyramids_of_giza,synthetic
dataset_synthetic\train\roman_colosseum\00079-1525667169.png,roman_colosseum,synthetic
dataset_real\train\chichen_itza\719520eae8.jpg,chichen_itza,real
dataset_synthetic\train\roman_colosseum\00206-1974243525.png,roman_colosseum,synthetic
dataset_synthetic\train\burj_khalifa\00053-3281528418.png,burj_khalifa,synthetic
dataset_synthetic\train\christ_the_reedemer\00195-4094071621.png,christ_the_reedemer,synthetic
dataset_synthetic\train\burj_khalifa\00041-3281528406.png,burj_khalifa,synthetic
dataset_synthetic\train\pyramids_of_giza\00067-2984508819.png,pyramids_of_giza,synthetic
dataset_real\train\roman_colosseum\0cbf8a1fa1.jpg,roman_colosseum,real
dataset_real\train\pyramids_of_giza\a530ac7202.jpg,pyramids_of_giza,real
dataset_synthetic\train\pyramids_of_giza\00292-39524437.png,pyramids_of_giza,synthetic
dataset_real\train\chichen_itza\698d8002fe.jpg,chichen_itza,real
dataset_synthetic\train\eiffel_tower\00121-70550492.png,eiffel_tower,synthetic
dataset_synthetic\train\chichen_itza\00081-2079455174.png,chichen_itza,synthetic
dataset_synthetic\train\statue_of_liberty\00364-174988322.png,statue_of_liberty,synthetic
dataset_synthetic\train\great_wall_of_china\00062-2389887058.png,great_wall_of_china,synthetic
dataset_real\train\burj_khalifa\ea5a06804c.jpg,burj_khalifa,real
dataset_synthetic\train\great_wall_of_china\00035-1177815124.png,great_wall_of_china,synthetic
dataset_synthetic\train\roman_colosseum\00138-4069228240.png,roman_colosseum,synthetic
dataset_real\train\eiffel_tower\7593f48a92.jpg,eiffel_tower,real
dataset_synthetic\train\great_wall_of_china\00154-1607761934.png,great_wall_of_china,synthetic
dataset_synthetic\train\great_wall_of_china\00088-2389887084.png,great_wall_of_china,synthetic
dataset_synthetic\train\chichen_itza\00218-4190620855.png,chichen_itza,synthetic
dataset_real\train\pyramids_of_giza\88fb868942.jpg,pyramids_of_giza,real
dataset_synthetic\train\roman_colosseum\00227-1225658205.png,roman_colosseum,synthetic
dataset_real\train\burj_khalifa\cf668db3ad.jpg,burj_khalifa,real
dataset_real\train\great_wall_of_china\490cfa8ff9.jpg,great_wall_of_china,real
dataset_synthetic\train\eiffel_tower\00247-1566552028.png,eiffel_tower,synthetic
dataset_synthetic\train\eiffel_tower\00219-2386103694.png,eiffel_tower,synthetic
dataset_synthetic\train\pyramids_of_giza\00209-4087309988.png,pyramids_of_giza,synthetic
dataset_synthetic\train\chichen_itza\00256-1829905841.png,chichen_itza,synthetic
dataset_synthetic\train\roman_colosseum\00276-241878731.png,roman_colosseum,synthetic
dataset_synthetic\train\roman_colosseum\00179-1974243498.png,roman_colosseum,synthetic
dataset_synthetic\train\chichen_itza\00202-1342241957.png,chichen_itza,synthetic
dataset_synthetic\train\roman_colosseum\00060-1525667150.png,roman_colosseum,synthetic
dataset_synthetic\train\chichen_itza\00065-2079455158.png,chichen_itza,synthetic
dataset_synthetic\train\christ_the_reedemer\00234-2017116350.png,christ_the_reedemer,synthetic
dataset_real\train\christ_the_reedemer\56febc0887.jpg,christ_the_reedemer,real
dataset_real\train\christ_the_reedemer\ddfc73ea22.jpg,christ_the_reedemer,real
dataset_synthetic\train\eiffel_tower\00169-1848933968.png,eiffel_tower,synthetic
dataset_synthetic\train\great_wall_of_china\00063-2389887059.png,great_wall_of_china,synthetic
dataset_synthetic\train\burj_khalifa\00106-4109332474.png,burj_khalifa,synthetic
dataset_synthetic\train\burj_khalifa\00079-3346071115.png,burj_khalifa,synthetic
dataset_real\train\roman_colosseum\95a672144a.jpg,roman_colosseum,real
dataset_real\train\christ_the_reedemer\00b9b0a3ca.jpg,christ_the_reedemer,real
dataset_synthetic\train\eiffel_tower\00268-1566552049.png,eiffel_tower,synthetic
dataset_synthetic\train\chichen_itza\00017-817939092.png,chichen_itza,synthetic
dataset_synthetic\train\pyramids_of_giza\00149-962878687.png,pyramids_of_giza,synthetic
dataset_real\train\great_wall_of_china\18ae9fd69e.jpg,great_wall_of_china,real
dataset_synthetic\train\pyramids_of_giza\00095-942607753.png,pyramids_of_giza,synthetic
dataset_synthetic\train\chichen_itza\00219-4190620856.png,chichen_itza,synthetic
dataset_synthetic\train\burj_khalifa\00047-3281528412.png,burj_khalifa,synthetic
dataset_synthetic\train\roman_colosseum\00048-2283819997.png,roman_colosseum,synthetic
dataset_synthetic\train\pyramids_of_giza\00066-2984508818.png,pyramids_of_giza,synthetic
dataset_synthetic\train\pyramids_of_giza\00286-39524431.png,pyramids_of_giza,synthetic
dataset_synthetic\train\burj_khalifa\00112-4109332480.png,burj_khalifa,synthetic
dataset_real\train\eiffel_tower\eb04847f4f.jpg,eiffel_tower,real
dataset_real\train\statue_of_liberty\6dd8f9ec67.jpg,statue_of_liberty,real
dataset_synthetic\train\christ_the_reedemer\00035-3006335898.png,christ_the_reedemer,synthetic
dataset_synthetic\train\roman_colosseum\00106-2343411953.png,roman_colosseum,synthetic
dataset_synthetic\train\pyramids_of_giza\00226-3159135365.png,pyramids_of_giza,synthetic
dataset_synthetic\train\great_wall_of_china\00172-1607761952.png,great_wall_of_china,synthetic
dataset_synthetic\train\chichen_itza\00118-3888410429.png,chichen_itza,synthetic
dataset_synthetic\train\pyramids_of_giza\00187-4087309966.png,pyramids_of_giza,synthetic
dataset_synthetic\train\christ_the_reedemer\00180-4094071606.png,christ_the_reedemer,synthetic
dataset_synthetic\train\chichen_itza\00035-2669227189.png,chichen_itza,synthetic
dataset_synthetic\train\chichen_itza\00185-1342241940.png,chichen_itza,synthetic
dataset_synthetic\train\christ_the_reedemer\00202-1121220993.png,christ_the_reedemer,synthetic
dataset_synthetic\train\pyramids_of_giza\00099-942607757.png,pyramids_of_giza,synthetic
dataset_synthetic\train\chichen_itza\00225-4190620862.png,chichen_itza,synthetic
dataset_synthetic\train\statue_of_liberty\00456-818305459.png,statue_of_liberty,synthetic
dataset_synthetic\train\chichen_itza\00151-1856050863.png,chichen_itza,synthetic
dataset_synthetic\train\pyramids_of_giza\00195-4087309974.png,pyramids_of_giza,synthetic
dataset_synthetic\train\pyramids_of_giza\00138-962878676.png,pyramids_of_giza,synthetic
dataset_synthetic\train\statue_of_liberty\00495-3884271019.png,statue_of_liberty,synthetic
dataset_synthetic\train\burj_khalifa\00236-2852982640.png,burj_khalifa,synthetic
dataset_synthetic\train\pyramids_of_giza\00057-2054659960.png,pyramids_of_giza,synthetic
dataset_synthetic\train\great_wall_of_china\00232-4011577247.png,great_wall_of_china,synthetic
dataset_synthetic\train\burj_khalifa\00232-2852982636.png,burj_khalifa,synthetic
dataset_synthetic\train\pyramids_of_giza\00065-2984508817.png,pyramids_of_giza,synthetic
dataset_synthetic\train\great_wall_of_china\00081-2389887077.png,great_wall_of_china,synthetic
dataset_synthetic\train\statue_of_liberty\00376-174988334.png,statue_of_liberty,synthetic
dataset_synthetic\train\burj_khalifa\00005-2682522058.png,burj_khalifa,synthetic
dataset_real\train\pyramids_of_giza\3acb0d0427.jpg,pyramids_of_giza,real
dataset_real\train\christ_the_reedemer\c382751b09.jpg,christ_the_reedemer,real
dataset_synthetic\train\roman_colosseum\00219-1225658197.png,roman_colosseum,synthetic
dataset_synthetic\train\chichen_itza\00252-1829905837.png,chichen_itza,synthetic
dataset_real\train\chichen_itza\6be8a487e6.jpg,chichen_itza,real
dataset_real\train\great_wall_of_china\97f381c0a2.jpg,great_wall_of_china,real
dataset_real\train\eiffel_tower\62145cc44e.jpg,eiffel_tower,real
dataset_synthetic\train\roman_colosseum\00191-1974243510.png,roman_colosseum,synthetic
dataset_real\train\pyramids_of_giza\ef84875f12.jpg,pyramids_of_giza,real
dataset_synthetic\train\pyramids_of_giza\00217-3159135356.png,pyramids_of_giza,synthetic
dataset_real\train\christ_the_reedemer\d1e0d9a316.jpg,christ_the_reedemer,real
dataset_synthetic\train\pyramids_of_giza\00072-2984508824.png,pyramids_of_giza,synthetic
dataset_synthetic\train\burj_khalifa\00017-2682522070.png,burj_khalifa,synthetic
dataset_real\train\pyramids_of_giza\f74283c372.jpg,pyramids_of_giza,real
dataset_synthetic\train\christ_the_reedemer\00083-2389616903.png,christ_the_reedemer,synthetic
dataset_synthetic\train\statue_of_liberty\00367-174988325.png,statue_of_liberty,synthetic
dataset_synthetic\train\eiffel_tower\00167-1848933966.png,eiffel_tower,synthetic
dataset_real\train\christ_the_reedemer\ca6af661c7.jpg,christ_the_reedemer,real
dataset_synthetic\train\christ_the_reedemer\00090-2389616910.png,christ_the_reedemer,synthetic
dataset_synthetic\train\christ_the_reedemer\00320-2284744769.png,christ_the_reedemer,synthetic
dataset_real\train\statue_of_liberty\4fa5fda450.jpg,statue_of_liberty,real
dataset_synthetic\train\christ_the_reedemer\00145-423565283.png,christ_the_reedemer,synthetic
dataset_synthetic\train\burj_khalifa\00278-2716773629.png,burj_khalifa,synthetic
dataset_synthetic\train\chichen_itza\00050-2669227204.png,chichen_itza,synthetic
dataset_synthetic\train\christ_the_reedemer\00072-2397697057.png,christ_the_reedemer,synthetic
dataset_synthetic\train\roman_colosseum\00225-1225658203.png,roman_colosseum,synthetic
dataset_synthetic\train\statue_of_liberty\00522-1791252964.png,statue_of_liberty,synthetic
dataset_synthetic\train\pyramids_of_giza\00031-2054659934.png,pyramids_of_giza,synthetic
dataset_synthetic\train\statue_of_liberty\00439-3674376595.png,statue_of_liberty,synthetic
dataset_synthetic\train\great_wall_of_china\00007-1860489307.png,great_wall_of_china,synthetic
dataset_synthetic\train\chichen_itza\00190-1342241945.png,chichen_itza,synthetic
dataset_synthetic\train\great_wall_of_china\00239-4011577254.png,great_wall_of_china,synthetic
dataset_synthetic\train\pyramids_of_giza\00198-4087309977.png,pyramids_of_giza,synthetic
dataset_synthetic\train\christ_the_reedemer\00256-2017116372.png,christ_the_reedemer,synthetic
dataset_synthetic\train\chichen_itza\00172-1856050884.png,chichen_itza,synthetic
dataset_synthetic\train\statue_of_liberty\00402-1169046313.png,statue_of_liberty,synthetic
dataset_real\train\great_wall_of_china\3d87a07793.jpg,great_wall_of_china,real
dataset_synthetic\train\burj_khalifa\00064-3346071100.png,burj_khalifa,synthetic
dataset_synthetic\train\roman_colosseum\00201-1974243520.png,roman_colosseum,synthetic
dataset_synthetic\train\eiffel_tower\00269-1566552050.png,eiffel_tower,synthetic
dataset_synthetic\train\great_wall_of_china\00142-2449295045.png,great_wall_of_china,synthetic
dataset_real\train\great_wall_of_china\a9079de918.jpg,great_wall_of_china,real
dataset_synthetic\train\roman_colosseum\00111-2343411958.png,roman_colosseum,synthetic
dataset_synthetic\train\burj_khalifa\00173-2778414640.png,burj_khalifa,synthetic
dataset_synthetic\train\statue_of_liberty\00633-2648309711.png,statue_of_liberty,synthetic
dataset_synthetic\train\statue_of_liberty\00381-174988339.png,statue_of_liberty,synthetic
dataset_synthetic\train\chichen_itza\00048-2669227202.png,chichen_itza,synthetic
dataset_synthetic\train\pyramids_of_giza\00102-942607760.png,pyramids_of_giza,synthetic
dataset_real\train\roman_colosseum\b7e52dd1c6.jpg,roman_colosseum,real
dataset_real\train\burj_khalifa\b17fbfe5d4.jpg,burj_khalifa,real
dataset_real\train\burj_khalifa\2fa5e9103f.jpg,burj_khalifa,real
dataset_real\train\great_wall_of_china\2802a5897d.jpg,great_wall_of_china,real
dataset_synthetic\train\roman_colosseum\00143-4069228245.png,roman_colosseum,synthetic
dataset_synthetic\train\great_wall_of_china\00253-4085978419.png,great_wall_of_china,synthetic
dataset_synthetic\train\eiffel_tower\00160-1848933959.png,eiffel_tower,synthetic
dataset_real\train\burj_khalifa\4c290d10e5.jpg,burj_khalifa,real
dataset_real\train\christ_the_reedemer\22951b7757.jpg,christ_the_reedemer,real
dataset_real\train\christ_the_reedemer\ddd2b3de40.jpg,christ_the_reedemer,real
dataset_real\train\christ_the_reedemer\a56800b488.jpg,christ_the_reedemer,real
dataset_real\train\roman_colosseum\14e627a292.jpg,roman_colosseum,real
dataset_synthetic\train\roman_colosseum\00273-241878728.png,roman_colosseum,synthetic
dataset_synthetic\train\chichen_itza\00170-1856050882.png,chichen_itza,synthetic
dataset_real\train\christ_the_reedemer\7a2444d399.jpg,christ_the_reedemer,real
dataset_synthetic\train\burj_khalifa\00043-3281528408.png,burj_khalifa,synthetic
dataset_synthetic\train\statue_of_liberty\00543-3937903687.png,statue_of_liberty,synthetic
dataset_synthetic\train\roman_colosseum\00226-1225658204.png,roman_colosseum,synthetic
dataset_synthetic\train\pyramids_of_giza\00180-4087309959.png,pyramids_of_giza,synthetic
dataset_synthetic\train\pyramids_of_giza\00223-3159135362.png,pyramids_of_giza,synthetic
dataset_synthetic\train\eiffel_tower\00165-1848933964.png,eiffel_tower,synthetic
dataset_real\train\burj_khalifa\b7ed10d93d.jpg,burj_khalifa,real
dataset_synthetic\train\great_wall_of_china\00013-1860489313.png,great_wall_of_china,synthetic
dataset_real\train\great_wall_of_china\1e63549b51.jpg,great_wall_of_china,real
dataset_synthetic\train\statue_of_liberty\00656-2648309734.png,statue_of_liberty,synthetic
dataset_synthetic\train\christ_the_reedemer\00160-423565298.png,christ_the_reedemer,synthetic
dataset_synthetic\train\christ_the_reedemer\00036-3006335899.png,christ_the_reedemer,synthetic
dataset_synthetic\train\christ_the_reedemer\00081-2397697066.png,christ_the_reedemer,synthetic
dataset_synthetic\train\pyramids_of_giza\00201-4087309980.png,pyramids_of_giza,synthetic
dataset_synthetic\train\burj_khalifa\00241-2863073451.png,burj_khalifa,synthetic
dataset_synthetic\train\chichen_itza\00259-1829905844.png,chichen_itza,synthetic
dataset_real\train\pyramids_of_giza\093af282b3.jpg,pyramids_of_giza,real
dataset_real\train\roman_colosseum\e3276474d3.jpg,roman_colosseum,real
dataset_synthetic\train\great_wall_of_china\00214-4011577229.png,great_wall_of_china,synthetic
dataset_synthetic\train\roman_colosseum\00262-1881496557.png,roman_colosseum,synthetic
dataset_synthetic\train\eiffel_tower\00063-2409094497.png,eiffel_tower,synthetic
dataset_synthetic\train\christ_the_reedemer\00255-2017116371.png,christ_the_reedemer,synthetic
dataset_synthetic\train\eiffel_tower\00188-45903234.png,eiffel_tower,synthetic
dataset_synthetic\train\statue_of_liberty\00579-3964871328.png,statue_of_liberty,synthetic
dataset_real\train\burj_khalifa\dc6c93dfc9.jpg,burj_khalifa,real
dataset_synthetic\train\chichen_itza\00184-1342241939.png,chichen_itza,synthetic
dataset_synthetic\train\christ_the_reedemer\00191-4094071617.png,christ_the_reedemer,synthetic
dataset_synthetic\train\roman_colosseum\00216-1225658194.png,roman_colosseum,synthetic
dataset_synthetic\train\eiffel_tower\00100-3388316045.png,eiffel_tower,synthetic
dataset_synthetic\train\statue_of_liberty\00650-2648309728.png,statue_of_liberty,synthetic
dataset_synthetic\train\burj_khalifa\00230-2852982634.png,burj_khalifa,synthetic
dataset_real\train\pyramids_of_giza\abd35fa197.jpg,pyramids_of_giza,real
dataset_synthetic\train\pyramids_of_giza\00202-4087309981.png,pyramids_of_giza,synthetic
dataset_synthetic\train\roman_colosseum\00147-4069228249.png,roman_colosseum,synthetic
dataset_synthetic\train\pyramids_of_giza\00284-39524429.png,pyramids_of_giza,synthetic
dataset_real\train\great_wall_of_china\174c8a70ae.jpg,great_wall_of_china,real
dataset_synthetic\train\christ_the_reedemer\00225-1121221016.png,christ_the_reedemer,synthetic
dataset_synthetic\train\christ_the_reedemer\00120-3552515814.png,christ_the_reedemer,synthetic
dataset_synthetic\train\eiffel_tower\00096-3388316041.png,eiffel_tower,synthetic
dataset_real\train\chichen_itza\2d792d8337.jpg,chichen_itza,real
dataset_synthetic\train\pyramids_of_giza\00073-2984508825.png,pyramids_of_giza,synthetic
dataset_synthetic\train\eiffel_tower\00024-3137921709.png,eiffel_tower,synthetic
dataset_real\train\pyramids_of_giza\a9046860a5.jpg,pyramids_of_giza,real
dataset_synthetic\train\eiffel_tower\00059-2409094493.png,eiffel_tower,synthetic
dataset_synthetic\train\burj_khalifa\00119-4109332487.png,burj_khalifa,synthetic
dataset_synthetic\train\statue_of_liberty\00647-2648309725.png,statue_of_liberty,synthetic
dataset_real\train\roman_colosseum\2eb4b4b587.jpg,roman_colosseum,real
dataset_synthetic\train\eiffel_tower\00196-45903242.png,eiffel_tower,synthetic
dataset_synthetic\train\eiffel_tower\00242-1566552023.png,eiffel_tower,synthetic
dataset_synthetic\train\burj_khalifa\00084-3346071120.png,burj_khalifa,synthetic
dataset_real\train\eiffel_tower\0a9e227ca7.jpg,eiffel_tower,real
dataset_real\train\roman_colosseum\217adec6f3.jpg,roman_colosseum,real
dataset_synthetic\train\great_wall_of_china\00069-2389887065.png,great_wall_of_china,synthetic
dataset_synthetic\train\roman_colosseum\00197-1974243516.png,roman_colosseum,synthetic
dataset_real\train\eiffel_tower\e63f6a1cfe.jpg,eiffel_tower,real
dataset_synthetic\train\burj_khalifa\00226-2852982630.png,burj_khalifa,synthetic
dataset_synthetic\train\great_wall_of_china\00083-2389887079.png,great_wall_of_china,synthetic
dataset_synthetic\train\chichen_itza\00042-2669227196.png,chichen_itza,synthetic
dataset_real\train\roman_colosseum\489d447c3b.jpg,roman_colosseum,real
dataset_synthetic\train\pyramids_of_giza\00004-4241466200.png,pyramids_of_giza,synthetic
dataset_synthetic\train\eiffel_tower\00057-1984749110.png,eiffel_tower,synthetic
dataset_synthetic\train\eiffel_tower\00134-70550505.png,eiffel_tower,synthetic
dataset_synthetic\train\statue_of_liberty\00602-4055323039.png,statue_of_liberty,synthetic
dataset_synthetic\train\eiffel_tower\00127-70550498.png,eiffel_tower,synthetic
dataset_synthetic\train\pyramids_of_giza\00112-942607770.png,pyramids_of_giza,synthetic
dataset_real\train\roman_colosseum\77724e422a.jpg,roman_colosseum,real
dataset_synthetic\train\great_wall_of_china\00105-920026936.png,great_wall_of_china,synthetic
dataset_synthetic\train\christ_the_reedemer\00309-2284744758.png,christ_the_reedemer,synthetic
dataset_real\train\great_wall_of_china\9258e2ce31.jpg,great_wall_of_china,real
dataset_synthetic\train\great_wall_of_china\00079-2389887075.png,great_wall_of_china,synthetic
dataset_synthetic\train\pyramids_of_giza\00213-3159135352.png,pyramids_of_giza,synthetic
dataset_real\train\great_wall_of_china\e977173a0d.jpg,great_wall_of_china,real
dataset_synthetic\train\great_wall_of_china\00222-4011577237.png,great_wall_of_china,synthetic
dataset_real\train\great_wall_of_china\8d4308805c.jpg,great_wall_of_china,real
dataset_synthetic\train\burj_khalifa\00128-1813382816.png,burj_khalifa,synthetic
dataset_synthetic\train\great_wall_of_china\00260-4085978426.png,great_wall_of_china,synthetic
dataset_synthetic\train\eiffel_tower\00087-2409094521.png,eiffel_tower,synthetic
dataset_synthetic\train\christ_the_reedemer\00075-2397697060.png,christ_the_reedemer,synthetic
dataset_real\train\chichen_itza\c1dcf37489.jpg,chichen_itza,real
dataset_synthetic\train\pyramids_of_giza\00143-962878681.png,pyramids_of_giza,synthetic
dataset_synthetic\train\eiffel_tower\00004-3137921689.png,eiffel_tower,synthetic
dataset_synthetic\train\burj_khalifa\00158-2778414625.png,burj_khalifa,synthetic
dataset_real\train\pyramids_of_giza\aa9820327a.jpg,pyramids_of_giza,real
dataset_synthetic\train\roman_colosseum\00277-241878732.png,roman_colosseum,synthetic
dataset_real\train\eiffel_tower\7ed19565a7.jpg,eiffel_tower,real
dataset_synthetic\train\great_wall_of_china\00290-1383148742.png,great_wall_of_china,synthetic
dataset_synthetic\train\burj_khalifa\00290-2716773641.png,burj_khalifa,synthetic
dataset_synthetic\train\chichen_itza\00142-1654904573.png,chichen_itza,synthetic
dataset_synthetic\train\statue_of_liberty\00547-3937903691.png,statue_of_liberty,synthetic
dataset_synthetic\train\roman_colosseum\00082-1525667172.png,roman_colosseum,synthetic
dataset_synthetic\train\burj_khalifa\00101-4109332469.png,burj_khalifa,synthetic
dataset_real\train\statue_of_liberty\0794c6e62f.jpg,statue_of_liberty,real
dataset_synthetic\train\pyramids_of_giza\00015-4241466211.png,pyramids_of_giza,synthetic
dataset_synthetic\train\burj_khalifa\00031-3281528396.png,burj_khalifa,synthetic
dataset_synthetic\train\christ_the_reedemer\00117-3552515811.png,christ_the_reedemer,synthetic
dataset_synthetic\train\roman_colosseum\00126-4069228228.png,roman_colosseum,synthetic
dataset_synthetic\train\roman_colosseum\00009-3704602074.png,roman_colosseum,synthetic
dataset_synthetic\train\christ_the_reedemer\00209-1121221000.png,christ_the_reedemer,synthetic
dataset_synthetic\train\pyramids_of_giza\00091-942607749.png,pyramids_of_giza,synthetic
dataset_synthetic\train\great_wall_of_china\00086-2389887082.png,great_wall_of_china,synthetic
dataset_synthetic\train\burj_khalifa\00143-1813382831.png,burj_khalifa,synthetic
dataset_synthetic\train\eiffel_tower\00146-70550517.png,eiffel_tower,synthetic
dataset_synthetic\train\burj_khalifa\00014-2682522067.png,burj_khalifa,synthetic
dataset_synthetic\train\pyramids_of_giza\00002-4241466198.png,pyramids_of_giza,synthetic
dataset_synthetic\train\pyramids_of_giza\00052-2054659955.png,pyramids_of_giza,synthetic
dataset_synthetic\train\great_wall_of_china\00227-4011577242.png,great_wall_of_china,synthetic
dataset_synthetic\train\roman_colosseum\00222-1225658200.png,roman_colosseum,synthetic
dataset_synthetic\train\burj_khalifa\00034-3281528399.png,burj_khalifa,synthetic
dataset_synthetic\train\christ_the_reedemer\00041-3006335904.png,christ_the_reedemer,synthetic
dataset_synthetic\train\great_wall_of_china\00167-1607761947.png,great_wall_of_china,synthetic
dataset_synthetic\train\chichen_itza\00023-817939098.png,chichen_itza,synthetic
dataset_real\train\great_wall_of_china\e6ea7e2dbe.jpg,great_wall_of_china,real
dataset_synthetic\train\roman_colosseum\00164-1009224262.png,roman_colosseum,synthetic
dataset_real\train\pyramids_of_giza\2704ff6ec2.jpg,pyramids_of_giza,real
dataset_real\train\christ_the_reedemer\bde250825c.jpg,christ_the_reedemer,real
dataset_synthetic\train\burj_khalifa\00258-2863073468.png,burj_khalifa,synthetic
dataset_real\train\chichen_itza\fb74240f96.jpg,chichen_itza,real
dataset_synthetic\train\burj_khalifa\00141-1813382829.png,burj_khalifa,synthetic
dataset_real\train\chichen_itza\46562d1e87.jpg,chichen_itza,real
dataset_synthetic\train\great_wall_of_china\00030-1177815119.png,great_wall_of_china,synthetic
dataset_synthetic\train\christ_the_reedemer\00284-3045517147.png,christ_the_reedemer,synthetic
dataset_real\train\christ_the_reedemer\bac01cdab7.jpg,christ_the_reedemer,real
dataset_synthetic\train\great_wall_of_china\00207-2026541315.png,great_wall_of_china,synthetic
dataset_synthetic\train\eiffel_tower\00088-3287934971.png,eiffel_tower,synthetic
dataset_synthetic\train\chichen_itza\00209-1342241964.png,chichen_itza,synthetic
dataset_synthetic\train\great_wall_of_china\00023-1860489323.png,great_wall_of_china,synthetic
dataset_synthetic\train\christ_the_reedemer\00230-1121221021.png,christ_the_reedemer,synthetic
dataset_synthetic\train\great_wall_of_china\00210-4011577225.png,great_wall_of_china,synthetic
dataset_synthetic\train\burj_khalifa\00251-2863073461.png,burj_khalifa,synthetic
dataset_real\train\pyramids_of_giza\ea4910702e.jpg,pyramids_of_giza,real
dataset_synthetic\train\eiffel_tower\00015-3137921700.png,eiffel_tower,synthetic
dataset_real\train\pyramids_of_giza\9c27d4184a.jpg,pyramids_of_giza,real
dataset_synthetic\train\roman_colosseum\00267-1881496562.png,roman_colosseum,synthetic
dataset_synthetic\train\chichen_itza\00059-2669227213.png,chichen_itza,synthetic
dataset_synthetic\train\great_wall_of_china\00102-920026933.png,great_wall_of_china,synthetic
dataset_synthetic\train\great_wall_of_china\00185-2026541293.png,great_wall_of_china,synthetic
dataset_synthetic\train\great_wall_of_china\00297-1383148749.png,great_wall_of_china,synthetic
dataset_real\train\eiffel_tower\af065fa5ab.jpg,eiffel_tower,real
dataset_real\train\statue_of_liberty\85afc8e23a.jpg,statue_of_liberty,real
dataset_synthetic\train\pyramids_of_giza\00056-2054659959.png,pyramids_of_giza,synthetic
dataset_synthetic\train\statue_of_liberty\00383-174988341.png,statue_of_liberty,synthetic
dataset_real\train\burj_khalifa\3b5a0083df.jpg,burj_khalifa,real
dataset_real\train\chichen_itza\687ece74c3.jpg,chichen_itza,real
dataset_synthetic\train\roman_colosseum\00141-4069228243.png,roman_colosseum,synthetic
dataset_synthetic\train\roman_colosseum\00068-1525667158.png,roman_colosseum,synthetic
dataset_synthetic\train\great_wall_of_china\00160-1607761940.png,great_wall_of_china,synthetic
dataset_synthetic\train\pyramids_of_giza\00010-4241466206.png,pyramids_of_giza,synthetic
dataset_real\train\chichen_itza\40a42cba6a.jpg,chichen_itza,real
dataset_synthetic\train\great_wall_of_china\00198-2026541306.png,great_wall_of_china,synthetic
dataset_synthetic\train\burj_khalifa\00170-2778414637.png,burj_khalifa,synthetic
dataset_synthetic\train\burj_khalifa\00209-2688549117.png,burj_khalifa,synthetic
dataset_real\train\roman_colosseum\7c2111547d.jpg,roman_colosseum,real
dataset_real\train\pyramids_of_giza\e78b586b05.jpg,pyramids_of_giza,real
dataset_synthetic\train\eiffel_tower\00006-3137921691.png,eiffel_tower,synthetic
dataset_real\train\christ_the_reedemer\799c0d200b.jpg,christ_the_reedemer,real
dataset_synthetic\train\burj_khalifa\00227-2852982631.png,burj_khalifa,synthetic
dataset_real\train\great_wall_of_china\db2d051ad9.jpg,great_wall_of_china,real
dataset_real\train\burj_khalifa\2ffc67ce94.jpg,burj_khalifa,real
dataset_real\train\burj_khalifa\1973b3cb71.jpg,burj_khalifa,real
dataset_synthetic\train\christ_the_reedemer\00282-3045517145.png,christ_the_reedemer,synthetic
dataset_synthetic\train\roman_colosseum\00113-2343411960.png,roman_colosseum,synthetic
dataset_synthetic\train\roman_colosseum\00215-1225658193.png,roman_colosseum,synthetic
dataset_real\train\roman_colosseum\edd040515b.jpg,roman_colosseum,real
dataset_synthetic\train\burj_khalifa\00235-2852982639.png,burj_khalifa,synthetic
dataset_synthetic\train\eiffel_tower\00277-162160938.png,eiffel_tower,synthetic
dataset_synthetic\train\eiffel_tower\00245-1566552026.png,eiffel_tower,synthetic
dataset_real\train\pyramids_of_giza\77460b4176.jpg,pyramids_of_giza,real
dataset_real\train\roman_colosseum\ade777a92e.jpg,roman_colosseum,real
dataset_synthetic\train\eiffel_tower\00084-2409094518.png,eiffel_tower,synthetic
dataset_synthetic\train\pyramids_of_giza\00167-2205670343.png,pyramids_of_giza,synthetic
dataset_real\train\eiffel_tower\4c3971d467.jpg,eiffel_tower,real
dataset_synthetic\train\roman_colosseum\00289-241878744.png,roman_colosseum,synthetic
dataset_synthetic\train\chichen_itza\00003-354526590.png,chichen_itza,synthetic
dataset_synthetic\train\burj_khalifa\00262-2863073472.png,burj_khalifa,synthetic
dataset_real\train\chichen_itza\d7c278d964.jpg,chichen_itza,real
dataset_synthetic\train\christ_the_reedemer\00024-3006335887.png,christ_the_reedemer,synthetic
dataset_synthetic\train\christ_the_reedemer\00162-423565300.png,christ_the_reedemer,synthetic
dataset_synthetic\train\christ_the_reedemer\00045-3006335908.png,christ_the_reedemer,synthetic
dataset_real\train\roman_colosseum\d66aef35ff.jpg,roman_colosseum,real
dataset_synthetic\train\christ_the_reedemer\00240-2017116356.png,christ_the_reedemer,synthetic
dataset_real\train\pyramids_of_giza\7445a6e2d7.jpg,pyramids_of_giza,real
dataset_real\train\roman_colosseum\6013ff76c9.jpg,roman_colosseum,real
dataset_synthetic\train\statue_of_liberty\00611-4055323048.png,statue_of_liberty,synthetic
dataset_synthetic\train\christ_the_reedemer\00144-423565282.png,christ_the_reedemer,synthetic
dataset_synthetic\train\pyramids_of_giza\00050-2054659953.png,pyramids_of_giza,synthetic
dataset_synthetic\train\eiffel_tower\00220-2386103695.png,eiffel_tower,synthetic
dataset_synthetic\train\burj_khalifa\00288-2716773639.png,burj_khalifa,synthetic
dataset_synthetic\train\statue_of_liberty\00398-1169046309.png,statue_of_liberty,synthetic
dataset_synthetic\train\christ_the_reedemer\00259-2017116375.png,christ_the_reedemer,synthetic
dataset_real\train\chichen_itza\608d93d5c2.jpg,chichen_itza,real
dataset_real\train\chichen_itza\dd30579669.jpg,chichen_itza,real
dataset_synthetic\train\roman_colosseum\00212-1225658190.png,roman_colosseum,synthetic
dataset_synthetic\train\pyramids_of_giza\00117-942607775.png,pyramids_of_giza,synthetic
dataset_synthetic\train\burj_khalifa\00176-2778414643.png,burj_khalifa,synthetic
dataset_synthetic\train\roman_colosseum\00204-1974243523.png,roman_colosseum,synthetic
dataset_synthetic\train\christ_the_reedemer\00166-423565304.png,christ_the_reedemer,synthetic
dataset_synthetic\train\great_wall_of_china\00090-920026921.png,great_wall_of_china,synthetic
dataset_synthetic\train\chichen_itza\00019-354526606.png,chichen_itza,synthetic
dataset_real\train\chichen_itza\4e1756aae7.jpg,chichen_itza,real
dataset_synthetic\train\eiffel_tower\00159-1848933958.png,eiffel_tower,synthetic
dataset_synthetic\train\roman_colosseum\00220-1225658198.png,roman_colosseum,synthetic
dataset_synthetic\train\pyramids_of_giza\00233-3159135372.png,pyramids_of_giza,synthetic
dataset_synthetic\train\eiffel_tower\00097-3388316042.png,eiffel_tower,synthetic
dataset_synthetic\train\christ_the_reedemer\00040-3006335903.png,christ_the_reedemer,synthetic
dataset_synthetic\train\pyramids_of_giza\00025-4241466221.png,pyramids_of_giza,synthetic
dataset_synthetic\train\pyramids_of_giza\00063-2984508815.png,pyramids_of_giza,synthetic
dataset_synthetic\train\christ_the_reedemer\00263-3045517126.png,christ_the_reedemer,synthetic
dataset_synthetic\train\burj_khalifa\00200-2688549108.png,burj_khalifa,synthetic
dataset_synthetic\train\pyramids_of_giza\00038-2054659941.png,pyramids_of_giza,synthetic
dataset_real\train\pyramids_of_giza\19ac6cfb83.jpg,pyramids_of_giza,real
dataset_synthetic\train\christ_the_reedemer\00233-2017116349.png,christ_the_reedemer,synthetic
dataset_synthetic\train\great_wall_of_china\00108-920026939.png,great_wall_of_china,synthetic
dataset_real\train\statue_of_liberty\3d797d9604.jpg,statue_of_liberty,real
dataset_synthetic\train\pyramids_of_giza\00019-4241466215.png,pyramids_of_giza,synthetic
dataset_synthetic\train\roman_colosseum\00072-1525667162.png,roman_colosseum,synthetic
dataset_real\train\pyramids_of_giza\e910be3d96.jpg,pyramids_of_giza,real
dataset_synthetic\train\pyramids_of_giza\00079-2984508831.png,pyramids_of_giza,synthetic
dataset_synthetic\train\pyramids_of_giza\00299-39524444.png,pyramids_of_giza,synthetic
dataset_synthetic\train\burj_khalifa\00272-2716773623.png,burj_khalifa,synthetic
dataset_synthetic\train\pyramids_of_giza\00270-39524415.png,pyramids_of_giza,synthetic
dataset_real\train\christ_the_reedemer\a516675ddd.jpg,christ_the_reedemer,real
dataset_synthetic\train\chichen_itza\00208-1342241963.png,chichen_itza,synthetic
dataset_synthetic\train\statue_of_liberty\00377-174988335.png,statue_of_liberty,synthetic
dataset_synthetic\train\great_wall_of_china\00070-2389887066.png,great_wall_of_china,synthetic
dataset_real\train\statue_of_liberty\1dc7bf593e.jpg,statue_of_liberty,real
dataset_synthetic\train\statue_of_liberty\00394-1169046305.png,statue_of_liberty,synthetic
dataset_synthetic\train\eiffel_tower\00019-3137921704.png,eiffel_tower,synthetic
dataset_real\train\burj_khalifa\3378ec195d.jpg,burj_khalifa,real
dataset_synthetic\train\christ_the_reedemer\00141-3552515835.png,christ_the_reedemer,synthetic
dataset_synthetic\train\roman_colosseum\00109-2343411956.png,roman_colosseum,synthetic
dataset_synthetic\train\great_wall_of_china\00238-4011577253.png,great_wall_of_china,synthetic
dataset_synthetic\train\great_wall_of_china\00074-2389887070.png,great_wall_of_china,synthetic
dataset_synthetic\train\statue_of_liberty\00629-2648309707.png,statue_of_liberty,synthetic
dataset_synthetic\train\eiffel_tower\00246-1566552027.png,eiffel_tower,synthetic
dataset_synthetic\train\great_wall_of_china\00117-920026948.png,great_wall_of_china,synthetic
dataset_real\train\roman_colosseum\38761ec41b.jpg,roman_colosseum,real
dataset_real\train\eiffel_tower\6bd6bb7cab.jpg,eiffel_tower,real
dataset_synthetic\train\burj_khalifa\00087-3346071123.png,burj_khalifa,synthetic
dataset_synthetic\train\chichen_itza\00135-1654904566.png,chichen_itza,synthetic
dataset_real\train\chichen_itza\886afd69b5.jpg,chichen_itza,real
dataset_real\train\pyramids_of_giza\7634944174.jpg,pyramids_of_giza,real
dataset_real\train\burj_khalifa\c72f4d7382.jpg,burj_khalifa,real
dataset_synthetic\train\burj_khalifa\00234-2852982638.png,burj_khalifa,synthetic
dataset_synthetic\train\eiffel_tower\00012-3137921697.png,eiffel_tower,synthetic
dataset_synthetic\train\burj_khalifa\00032-3281528397.png,burj_khalifa,synthetic
dataset_synthetic\train\eiffel_tower\00142-70550513.png,eiffel_tower,synthetic
dataset_synthetic\train\chichen_itza\00137-1654904568.png,chichen_itza,synthetic
dataset_synthetic\train\statue_of_liberty\00632-2648309710.png,statue_of_liberty,synthetic
dataset_synthetic\train\great_wall_of_china\00115-920026946.png,great_wall_of_china,synthetic
dataset_real\train\pyramids_of_giza\6f16ee2ad2.jpg,pyramids_of_giza,real
dataset_synthetic\train\roman_colosseum\00287-241878742.png,roman_colosseum,synthetic
dataset_synthetic\train\christ_the_reedemer\00227-1121221018.png,christ_the_reedemer,synthetic
dataset_synthetic\train\roman_colosseum\00083-1525667173.png,roman_colosseum,synthetic
dataset_synthetic\train\pyramids_of_giza\00022-4241466218.png,pyramids_of_giza,synthetic
dataset_synthetic\train\burj_khalifa\00279-2716773630.png,burj_khalifa,synthetic
dataset_synthetic\train\pyramids_of_giza\00174-2205670350.png,pyramids_of_giza,synthetic
dataset_real\train\roman_colosseum\ff3754c9ad.jpg,roman_colosseum,real
dataset_synthetic\train\roman_colosseum\00034-2283819983.png,roman_colosseum,synthetic
dataset_synthetic\train\roman_colosseum\00264-1881496559.png,roman_colosseum,synthetic
dataset_real\train\burj_khalifa\fc9f68a3bd.jpg,burj_khalifa,real
dataset_synthetic\train\burj_khalifa\00264-2863073474.png,burj_khalifa,synthetic
dataset_synthetic\train\christ_the_reedemer\00052-2397697037.png,christ_the_reedemer,synthetic
dataset_synthetic\train\statue_of_liberty\00564-3937903708.png,statue_of_liberty,synthetic
dataset_real\train\burj_khalifa\0676bc5d63.jpg,burj_khalifa,real
dataset_synthetic\train\christ_the_reedemer\00307-2284744756.png,christ_the_reedemer,synthetic
dataset_synthetic\train\statue_of_liberty\00535-1791252977.png,statue_of_liberty,synthetic
dataset_real\train\chichen_itza\4410e29bae.jpg,chichen_itza,real
dataset_synthetic\train\roman_colosseum\00026-3704602091.png,roman_colosseum,synthetic
dataset_real\train\eiffel_tower\8490cae8d4.jpg,eiffel_tower,real
dataset_real\train\roman_colosseum\4261109a74.jpg,roman_colosseum,real
dataset_synthetic\train\eiffel_tower\00236-2386103711.png,eiffel_tower,synthetic
dataset_synthetic\train\burj_khalifa\00260-2863073470.png,burj_khalifa,synthetic
dataset_synthetic\train\christ_the_reedemer\00104-2389616924.png,christ_the_reedemer,synthetic
dataset_synthetic\train\eiffel_tower\00095-3388316040.png,eiffel_tower,synthetic
dataset_real\train\great_wall_of_china\5b9b29a127.jpg,great_wall_of_china,real
dataset_synthetic\train\great_wall_of_china\00273-1383148725.png,great_wall_of_china,synthetic
dataset_synthetic\train\pyramids_of_giza\00259-3340261369.png,pyramids_of_giza,synthetic
dataset_synthetic\train\burj_khalifa\00100-4109332468.png,burj_khalifa,synthetic
dataset_real\train\christ_the_reedemer\36f397c38d.jpg,christ_the_reedemer,real
dataset_synthetic\train\pyramids_of_giza\00012-4241466208.png,pyramids_of_giza,synthetic
dataset_real\train\burj_khalifa\a85964dc04.jpg,burj_khalifa,real
dataset_real\train\roman_colosseum\84f3f63127.jpg,roman_colosseum,real
dataset_synthetic\train\christ_the_reedemer\00169-423565307.png,christ_the_reedemer,synthetic
dataset_real\train\roman_colosseum\ac3c6f17fe.jpg,roman_colosseum,real
dataset_real\train\chichen_itza\4f4dcddb67.jpg,chichen_itza,real
dataset_synthetic\train\statue_of_liberty\00599-4055323036.png,statue_of_liberty,synthetic
dataset_synthetic\train\christ_the_reedemer\00055-2397697040.png,christ_the_reedemer,synthetic
dataset_synthetic\train\pyramids_of_giza\00287-39524432.png,pyramids_of_giza,synthetic
dataset_synthetic\train\christ_the_reedemer\00187-4094071613.png,christ_the_reedemer,synthetic
dataset_synthetic\train\chichen_itza\00247-1829905832.png,chichen_itza,synthetic
dataset_synthetic\train\eiffel_tower\00172-1848933971.png,eiffel_tower,synthetic
dataset_synthetic\train\pyramids_of_giza\00264-3340261374.png,pyramids_of_giza,synthetic
dataset_synthetic\train\statue_of_liberty\00477-818305480.png,statue_of_liberty,synthetic
dataset_synthetic\train\pyramids_of_giza\00088-2984508840.png,pyramids_of_giza,synthetic
dataset_synthetic\train\eiffel_tower\00141-70550512.png,eiffel_tower,synthetic
dataset_synthetic\train\pyramids_of_giza\00156-2205670332.png,pyramids_of_giza,synthetic
dataset_synthetic\train\eiffel_tower\00056-1984749109.png,eiffel_tower,synthetic
dataset_synthetic\train\christ_the_reedemer\00251-2017116367.png,christ_the_reedemer,synthetic
dataset_synthetic\train\roman_colosseum\00213-1225658191.png,roman_colosseum,synthetic
dataset_real\train\burj_khalifa\432adf1b23.jpg,burj_khalifa,real
dataset_synthetic\train\burj_khalifa\00207-2688549115.png,burj_khalifa,synthetic
dataset_synthetic\train\statue_of_liberty\00524-1791252966.png,statue_of_liberty,synthetic
dataset_synthetic\train\pyramids_of_giza\00152-2205670328.png,pyramids_of_giza,synthetic
dataset_real\train\roman_colosseum\ee83803141.jpg,roman_colosseum,real
dataset_real\train\christ_the_reedemer\9a6e663f5f.jpg,christ_the_reedemer,real
dataset_synthetic\train\pyramids_of_giza\00054-2054659957.png,pyramids_of_giza,synthetic
dataset_synthetic\train\eiffel_tower\00149-70550520.png,eiffel_tower,synthetic
dataset_synthetic\train\pyramids_of_giza\00150-2205670326.png,pyramids_of_giza,synthetic
dataset_synthetic\train\pyramids_of_giza\00160-2205670336.png,pyramids_of_giza,synthetic
dataset_synthetic\train\great_wall_of_china\00082-2389887078.png,great_wall_of_china,synthetic
dataset_synthetic\train\pyramids_of_giza\00148-962878686.png,pyramids_of_giza,synthetic
dataset_synthetic\train\burj_khalifa\00256-2863073466.png,burj_khalifa,synthetic
dataset_synthetic\train\eiffel_tower\00109-3388316054.png,eiffel_tower,synthetic
dataset_synthetic\train\burj_khalifa\00085-3346071121.png,burj_khalifa,synthetic
dataset_real\train\burj_khalifa\6620217edb.jpg,burj_khalifa,real
dataset_synthetic\train\chichen_itza\00233-4190620870.png,chichen_itza,synthetic
dataset_synthetic\train\burj_khalifa\00001-2682522054.png,burj_khalifa,synthetic
dataset_synthetic\train\eiffel_tower\00123-70550494.png,eiffel_tower,synthetic
dataset_synthetic\train\burj_khalifa\00266-2863073476.png,burj_khalifa,synthetic
dataset_synthetic\train\burj_khalifa\00026-2682522079.png,burj_khalifa,synthetic
dataset_synthetic\train\burj_khalifa\00294-2716773645.png,burj_khalifa,synthetic
dataset_synthetic\train\great_wall_of_china\00004-1860489304.png,great_wall_of_china,synthetic
dataset_real\train\eiffel_tower\5481635176.jpg,eiffel_tower,real
dataset_synthetic\train\pyramids_of_giza\00041-2054659944.png,pyramids_of_giza,synthetic
dataset_synthetic\train\great_wall_of_china\00277-1383148729.png,great_wall_of_china,synthetic
dataset_synthetic\train\statue_of_liberty\00411-1169046322.png,statue_of_liberty,synthetic
dataset_synthetic\train\great_wall_of_china\00201-2026541309.png,great_wall_of_china,synthetic
dataset_synthetic\train\roman_colosseum\00188-1974243507.png,roman_colosseum,synthetic
dataset_synthetic\train\chichen_itza\00221-4190620858.png,chichen_itza,synthetic
dataset_real\train\statue_of_liberty\f4501075aa.jpg,statue_of_liberty,real
dataset_real\train\statue_of_liberty\a7c279482b.jpg,statue_of_liberty,real
dataset_synthetic\train\roman_colosseum\00231-1225658209.png,roman_colosseum,synthetic
dataset_real\train\eiffel_tower\5c2b4bb39a.jpg,eiffel_tower,real
dataset_synthetic\train\pyramids_of_giza\00210-3159135349.png,pyramids_of_giza,synthetic
dataset_synthetic\train\christ_the_reedemer\00084-2389616904.png,christ_the_reedemer,synthetic
dataset_real\train\eiffel_tower\97a1dda21e.jpg,eiffel_tower,real
dataset_synthetic\train\chichen_itza\00014-817939089.png,chichen_itza,synthetic
dataset_synthetic\train\chichen_itza\00234-4190620871.png,chichen_itza,synthetic
dataset_synthetic\train\christ_the_reedemer\00273-3045517136.png,christ_the_reedemer,synthetic
dataset_synthetic\train\chichen_itza\00226-4190620863.png,chichen_itza,synthetic
dataset_synthetic\train\statue_of_liberty\00578-3964871327.png,statue_of_liberty,synthetic
dataset_real\train\pyramids_of_giza\3b8a028a92.jpg,pyramids_of_giza,real
dataset_synthetic\train\pyramids_of_giza\00043-2054659946.png,pyramids_of_giza,synthetic
dataset_real\train\roman_colosseum\b5e5d4d4a5.jpg,roman_colosseum,real
dataset_synthetic\train\chichen_itza\00146-1654904577.png,chichen_itza,synthetic
dataset_synthetic\train\great_wall_of_china\00269-4085978435.png,great_wall_of_china,synthetic
dataset_real\train\chichen_itza\92671b87ee.jpg,chichen_itza,real
dataset_real\train\christ_the_reedemer\aaef52ded5.jpg,christ_the_reedemer,real
dataset_synthetic\train\roman_colosseum\00202-1974243521.png,roman_colosseum,synthetic
dataset_synthetic\train\burj_khalifa\00021-2682522074.png,burj_khalifa,synthetic
dataset_synthetic\train\eiffel_tower\00237-2386103712.png,eiffel_tower,synthetic
dataset_synthetic\train\christ_the_reedemer\00022-3006335885.png,christ_the_reedemer,synthetic
dataset_synthetic\train\great_wall_of_china\00246-4085978412.png,great_wall_of_china,synthetic
dataset_synthetic\train\christ_the_reedemer\00286-3045517149.png,christ_the_reedemer,synthetic
dataset_synthetic\train\eiffel_tower\00275-162160936.png,eiffel_tower,synthetic
dataset_synthetic\train\pyramids_of_giza\00298-39524443.png,pyramids_of_giza,synthetic
dataset_synthetic\train\christ_the_reedemer\00260-2017116376.png,christ_the_reedemer,synthetic
dataset_synthetic\train\pyramids_of_giza\00283-39524428.png,pyramids_of_giza,synthetic
dataset_synthetic\train\eiffel_tower\00105-3388316050.png,eiffel_tower,synthetic
dataset_synthetic\train\pyramids_of_giza\00181-4087309960.png,pyramids_of_giza,synthetic
dataset_synthetic\train\statue_of_liberty\00465-818305468.png,statue_of_liberty,synthetic
dataset_real\train\eiffel_tower\5f6609ecee.jpg,eiffel_tower,real
dataset_synthetic\train\statue_of_liberty\00476-818305479.png,statue_of_liberty,synthetic
dataset_synthetic\train\burj_khalifa\00152-2778414619.png,burj_khalifa,synthetic
dataset_synthetic\train\great_wall_of_china\00230-4011577245.png,great_wall_of_china,synthetic
dataset_real\train\eiffel_tower\4eb8373b68.jpg,eiffel_tower,real
dataset_synthetic\train\roman_colosseum\00056-2283820005.png,roman_colosseum,synthetic
dataset_synthetic\train\chichen_itza\00231-4190620868.png,chichen_itza,synthetic
dataset_synthetic\train\pyramids_of_giza\00227-3159135366.png,pyramids_of_giza,synthetic
dataset_synthetic\train\eiffel_tower\00279-162160940.png,eiffel_tower,synthetic
dataset_synthetic\train\statue_of_liberty\00360-174988318.png,statue_of_liberty,synthetic
dataset_synthetic\train\great_wall_of_china\00256-4085978422.png,great_wall_of_china,synthetic
dataset_synthetic\train\great_wall_of_china\00271-1383148723.png,great_wall_of_china,synthetic
dataset_synthetic\train\great_wall_of_china\00200-2026541308.png,great_wall_of_china,synthetic
dataset_synthetic\train\burj_khalifa\00154-2778414621.png,burj_khalifa,synthetic
dataset_real\train\pyramids_of_giza\160cfc7e9d.jpg,pyramids_of_giza,real
dataset_synthetic\train\great_wall_of_china\00261-4085978427.png,great_wall_of_china,synthetic
dataset_synthetic\train\chichen_itza\00119-3888410430.png,chichen_itza,synthetic
dataset_synthetic\train\eiffel_tower\00035-1984749088.png,eiffel_tower,synthetic
dataset_synthetic\train\statue_of_liberty\00589-3964871338.png,statue_of_liberty,synthetic
dataset_synthetic\train\eiffel_tower\00164-1848933963.png,eiffel_tower,synthetic
dataset_real\train\pyramids_of_giza\5162917566.jpg,pyramids_of_giza,real
dataset_synthetic\train\eiffel_tower\00241-1566552022.png,eiffel_tower,synthetic
dataset_synthetic\train\great_wall_of_china\00275-1383148727.png,great_wall_of_china,synthetic
dataset_synthetic\train\christ_the_reedemer\00236-2017116352.png,christ_the_reedemer,synthetic
dataset_synthetic\train\eiffel_tower\00256-1566552037.png,eiffel_tower,synthetic
dataset_real\train\burj_khalifa\b67773fb09.jpg,burj_khalifa,real
dataset_synthetic\train\christ_the_reedemer\00093-2389616913.png,christ_the_reedemer,synthetic
dataset_synthetic\train\roman_colosseum\00073-1525667163.png,roman_colosseum,synthetic
dataset_synthetic\train\eiffel_tower\00158-1848933957.png,eiffel_tower,synthetic
dataset_real\train\great_wall_of_china\69f9f8c211.jpg,great_wall_of_china,real
dataset_real\train\statue_of_liberty\dd93fa2743.jpg,statue_of_liberty,real
dataset_real\train\great_wall_of_china\d42bdbcb78.jpg,great_wall_of_china,real
dataset_synthetic\train\roman_colosseum\00257-1881496552.png,roman_colosseum,synthetic
dataset_synthetic\train\great_wall_of_china\00144-2449295047.png,great_wall_of_china,synthetic
dataset_synthetic\train\eiffel_tower\00055-1984749108.png,eiffel_tower,synthetic
dataset_synthetic\train\burj_khalifa\00006-2682522059.png,burj_khalifa,synthetic
dataset_synthetic\train\chichen_itza\00045-2669227199.png,chichen_itza,synthetic
dataset_real\train\chichen_itza\db73f60cc4.jpg,chichen_itza,real
dataset_real\train\great_wall_of_china\d0db2f30e5.jpg,great_wall_of_china,real
dataset_synthetic\train\christ_the_reedemer\00200-4094071626.png,christ_the_reedemer,synthetic
dataset_synthetic\train\burj_khalifa\00068-3346071104.png,burj_khalifa,synthetic
dataset_real\train\great_wall_of_china\3918282d25.jpg,great_wall_of_china,real
dataset_synthetic\train\pyramids_of_giza\00111-942607769.png,pyramids_of_giza,synthetic
dataset_real\train\burj_khalifa\30f617e913.jpg,burj_khalifa,real
dataset_synthetic\train\christ_the_reedemer\00303-2284744752.png,christ_the_reedemer,synthetic
dataset_synthetic\train\burj_khalifa\00216-2852982620.png,burj_khalifa,synthetic
dataset_synthetic\train\chichen_itza\00216-4190620853.png,chichen_itza,synthetic
dataset_synthetic\train\roman_colosseum\00108-2343411955.png,roman_colosseum,synthetic
dataset_synthetic\train\burj_khalifa\00271-2716773622.png,burj_khalifa,synthetic
dataset_synthetic\train\roman_colosseum\00075-1525667165.png,roman_colosseum,synthetic
dataset_real\train\great_wall_of_china\28bcb6b53a.jpg,great_wall_of_china,real
dataset_synthetic\train\roman_colosseum\00001-3704602066.png,roman_colosseum,synthetic
dataset_synthetic\train\eiffel_tower\00131-70550502.png,eiffel_tower,synthetic
dataset_real\train\burj_khalifa\f511119ac2.jpg,burj_khalifa,real
dataset_synthetic\train\roman_colosseum\00161-1009224259.png,roman_colosseum,synthetic
dataset_synthetic\train\great_wall_of_china\00019-1860489319.png,great_wall_of_china,synthetic
dataset_synthetic\train\roman_colosseum\00059-1525667149.png,roman_colosseum,synthetic
dataset_real\train\great_wall_of_china\758bb61af1.jpg,great_wall_of_china,real
dataset_synthetic\train\roman_colosseum\00021-3704602086.png,roman_colosseum,synthetic
dataset_synthetic\train\pyramids_of_giza\00147-962878685.png,pyramids_of_giza,synthetic
dataset_synthetic\train\christ_the_reedemer\00107-2389616927.png,christ_the_reedemer,synthetic
dataset_synthetic\train\great_wall_of_china\00087-2389887083.png,great_wall_of_china,synthetic
dataset_synthetic\train\roman_colosseum\00263-1881496558.png,roman_colosseum,synthetic
dataset_synthetic\train\christ_the_reedemer\00274-3045517137.png,christ_the_reedemer,synthetic
dataset_synthetic\train\eiffel_tower\00243-1566552024.png,eiffel_tower,synthetic
dataset_synthetic\train\pyramids_of_giza\00225-3159135364.png,pyramids_of_giza,synthetic
dataset_real\train\burj_khalifa\97fefbff37.jpg,burj_khalifa,real
dataset_synthetic\train\roman_colosseum\00239-1881496534.png,roman_colosseum,synthetic
dataset_synthetic\train\roman_colosseum\00014-3704602079.png,roman_colosseum,synthetic
dataset_real\train\burj_khalifa\237bcae843.jpg,burj_khalifa,real
dataset_synthetic\train\chichen_itza\00112-3888410423.png,chichen_itza,synthetic
dataset_synthetic\train\great_wall_of_china\00282-1383148734.png,great_wall_of_china,synthetic
dataset_real\train\burj_khalifa\80314937d1.jpg,burj_khalifa,real
dataset_synthetic\train\pyramids_of_giza\00166-2205670342.png,pyramids_of_giza,synthetic
dataset_synthetic\train\great_wall_of_china\00094-920026925.png,great_wall_of_china,synthetic
dataset_real\train\burj_khalifa\94070a9c6e.jpg,burj_khalifa,real
dataset_synthetic\train\great_wall_of_china\00165-1607761945.png,great_wall_of_china,synthetic
dataset_real\train\statue_of_liberty\458b90a76d.jpg,statue_of_liberty,real
dataset_synthetic\train\chichen_itza\00021-817939096.png,chichen_itza,synthetic
dataset_synthetic\train\statue_of_liberty\00554-3937903698.png,statue_of_liberty,synthetic
dataset_synthetic\train\pyramids_of_giza\00261-3340261371.png,pyramids_of_giza,synthetic
dataset_real\train\chichen_itza\f0098cbeaf.jpg,chichen_itza,real
dataset_synthetic\train\great_wall_of_china\00236-4011577251.png,great_wall_of_china,synthetic
dataset_real\train\statue_of_liberty\352e7e9b65.jpg,statue_of_liberty,real
dataset_synthetic\train\chichen_itza\00080-2079455173.png,chichen_itza,synthetic
dataset_real\train\eiffel_tower\6f34f44839.jpg,eiffel_tower,real
dataset_synthetic\train\chichen_itza\00023-354526610.png,chichen_itza,synthetic
dataset_synthetic\train\roman_colosseum\00183-1974243502.png,roman_colosseum,synthetic
dataset_synthetic\train\christ_the_reedemer\00116-3552515810.png,christ_the_reedemer,synthetic
dataset_synthetic\train\eiffel_tower\00079-2409094513.png,eiffel_tower,synthetic
dataset_synthetic\train\roman_colosseum\00129-4069228231.png,roman_colosseum,synthetic
dataset_synthetic\train\chichen_itza\00024-354526611.png,chichen_itza,synthetic
dataset_synthetic\train\burj_khalifa\00199-2688549107.png,burj_khalifa,synthetic
dataset_real\train\chichen_itza\84e218d6ed.jpg,chichen_itza,real
dataset_synthetic\train\eiffel_tower\00037-1984749090.png,eiffel_tower,synthetic
dataset_synthetic\train\pyramids_of_giza\00098-942607756.png,pyramids_of_giza,synthetic
dataset_synthetic\train\statue_of_liberty\00392-1169046303.png,statue_of_liberty,synthetic
dataset_synthetic\train\great_wall_of_china\00103-920026934.png,great_wall_of_china,synthetic
dataset_synthetic\train\great_wall_of_china\00294-1383148746.png,great_wall_of_china,synthetic
dataset_synthetic\train\eiffel_tower\00193-45903239.png,eiffel_tower,synthetic
dataset_synthetic\train\chichen_itza\00034-2669227188.png,chichen_itza,synthetic
dataset_synthetic\train\roman_colosseum\00142-4069228244.png,roman_colosseum,synthetic
dataset_synthetic\train\chichen_itza\00223-4190620860.png,chichen_itza,synthetic
dataset_synthetic\train\chichen_itza\00101-3888410412.png,chichen_itza,synthetic
dataset_synthetic\train\christ_the_reedemer\00190-4094071616.png,christ_the_reedemer,synthetic
dataset_synthetic\train\chichen_itza\00169-1856050881.png,chichen_itza,synthetic
dataset_synthetic\train\pyramids_of_giza\00258-3340261368.png,pyramids_of_giza,synthetic
dataset_synthetic\train\great_wall_of_china\00199-2026541307.png,great_wall_of_china,synthetic
dataset_synthetic\train\great_wall_of_china\00164-1607761944.png,great_wall_of_china,synthetic
dataset_synthetic\train\roman_colosseum\00122-4069228224.png,roman_colosseum,synthetic
dataset_synthetic\train\chichen_itza\00077-2079455170.png,chichen_itza,synthetic
dataset_synthetic\train\statue_of_liberty\00474-818305477.png,statue_of_liberty,synthetic
dataset_synthetic\train\pyramids_of_giza\00252-3340261362.png,pyramids_of_giza,synthetic
dataset_synthetic\train\christ_the_reedemer\00183-4094071609.png,christ_the_reedemer,synthetic
dataset_synthetic\train\burj_khalifa\00253-2863073463.png,burj_khalifa,synthetic
dataset_synthetic\train\burj_khalifa\00192-2688549100.png,burj_khalifa,synthetic
dataset_real\train\christ_the_reedemer\6817e8faae.jpg,christ_the_reedemer,real
dataset_real\train\eiffel_tower\5886f0fdcf.jpg,eiffel_tower,real
dataset_synthetic\train\burj_khalifa\00061-3346071097.png,burj_khalifa,synthetic
dataset_real\train\roman_colosseum\85a47d9b2d.jpg,roman_colosseum,real
dataset_real\train\great_wall_of_china\ee0986001f.jpg,great_wall_of_china,real
dataset_synthetic\train\great_wall_of_china\00211-4011577226.png,great_wall_of_china,synthetic
dataset_synthetic\train\roman_colosseum\00090-2343411937.png,roman_colosseum,synthetic
dataset_real\train\roman_colosseum\0e00dfa7c9.jpg,roman_colosseum,real
dataset_real\train\burj_khalifa\5683bf6592.jpg,burj_khalifa,real
dataset_real\train\great_wall_of_china\32ed4c99c9.jpg,great_wall_of_china,real
dataset_synthetic\train\burj_khalifa\00246-2863073456.png,burj_khalifa,synthetic
dataset_real\train\great_wall_of_china\343302f215.jpg,great_wall_of_china,real
dataset_synthetic\train\burj_khalifa\00210-2852982614.png,burj_khalifa,synthetic
dataset_synthetic\train\great_wall_of_china\00003-1860489303.png,great_wall_of_china,synthetic
dataset_synthetic\train\statue_of_liberty\00484-3884271008.png,statue_of_liberty,synthetic
dataset_real\train\eiffel_tower\9f0e5caad3.jpg,eiffel_tower,real
dataset_synthetic\train\chichen_itza\00188-1342241943.png,chichen_itza,synthetic
dataset_synthetic\train\eiffel_tower\00224-2386103699.png,eiffel_tower,synthetic
dataset_real\train\burj_khalifa\f36da1f174.jpg,burj_khalifa,real
dataset_real\train\roman_colosseum\cab9c7d656.jpg,roman_colosseum,real
dataset_synthetic\train\eiffel_tower\00113-3388316058.png,eiffel_tower,synthetic
dataset_real\train\christ_the_reedemer\a788563b46.jpg,christ_the_reedemer,real
dataset_synthetic\train\chichen_itza\00122-1654904553.png,chichen_itza,synthetic
dataset_real\train\roman_colosseum\d42725b264.jpg,roman_colosseum,real
dataset_synthetic\train\eiffel_tower\00288-162160949.png,eiffel_tower,synthetic
dataset_real\train\burj_khalifa\ac535dbef2.jpg,burj_khalifa,real
dataset_synthetic\train\roman_colosseum\00254-1881496549.png,roman_colosseum,synthetic
dataset_synthetic\train\roman_colosseum\00133-4069228235.png,roman_colosseum,synthetic
dataset_synthetic\train\eiffel_tower\00082-2409094516.png,eiffel_tower,synthetic
dataset_synthetic\train\pyramids_of_giza\00297-39524442.png,pyramids_of_giza,synthetic
dataset_synthetic\train\roman_colosseum\00036-2283819985.png,roman_colosseum,synthetic
dataset_real\train\eiffel_tower\3dd70ebde9.jpg,eiffel_tower,real
dataset_synthetic\train\statue_of_liberty\00651-2648309729.png,statue_of_liberty,synthetic
dataset_real\train\eiffel_tower\ec4d06527e.jpg,eiffel_tower,real
dataset_synthetic\train\eiffel_tower\00061-2409094495.png,eiffel_tower,synthetic
dataset_synthetic\train\eiffel_tower\00174-1848933973.png,eiffel_tower,synthetic
dataset_synthetic\train\roman_colosseum\00115-2343411962.png,roman_colosseum,synthetic
dataset_real\train\eiffel_tower\9434fc769a.jpg,eiffel_tower,real
dataset_synthetic\train\eiffel_tower\00145-70550516.png,eiffel_tower,synthetic
dataset_real\train\roman_colosseum\6dddbdf127.jpg,roman_colosseum,real
dataset_real\train\christ_the_reedemer\690ca68392.jpg,christ_the_reedemer,real
dataset_synthetic\train\pyramids_of_giza\00294-39524439.png,pyramids_of_giza,synthetic
dataset_synthetic\train\great_wall_of_china\00206-2026541314.png,great_wall_of_china,synthetic
dataset_real\train\eiffel_tower\83edf16aa6.jpg,eiffel_tower,real
dataset_real\train\chichen_itza\5abf5d4e63.jpg,chichen_itza,real
dataset_synthetic\train\burj_khalifa\00195-2688549103.png,burj_khalifa,synthetic
dataset_real\train\great_wall_of_china\ddc25d99b5.jpg,great_wall_of_china,real
dataset_synthetic\train\eiffel_tower\00260-1566552041.png,eiffel_tower,synthetic
dataset_real\train\statue_of_liberty\9a00e4033e.jpg,statue_of_liberty,real
dataset_synthetic\train\burj_khalifa\00291-2716773642.png,burj_khalifa,synthetic
dataset_synthetic\train\great_wall_of_china\00043-1177815132.png,great_wall_of_china,synthetic
dataset_real\train\roman_colosseum\acf7ad4b5b.jpg,roman_colosseum,real
dataset_synthetic\train\burj_khalifa\00283-2716773634.png,burj_khalifa,synthetic
dataset_synthetic\train\pyramids_of_giza\00053-2054659956.png,pyramids_of_giza,synthetic
dataset_synthetic\train\statue_of_liberty\00390-1169046301.png,statue_of_liberty,synthetic
dataset_synthetic\train\burj_khalifa\00172-2778414639.png,burj_khalifa,synthetic
dataset_synthetic\train\christ_the_reedemer\00204-1121220995.png,christ_the_reedemer,synthetic
dataset_real\train\pyramids_of_giza\929f3cc3ed.jpg,pyramids_of_giza,real
dataset_real\train\roman_colosseum\1d9f847eff.jpg,roman_colosseum,real
dataset_synthetic\train\eiffel_tower\00080-2409094514.png,eiffel_tower,synthetic
dataset_real\train\great_wall_of_china\c25edc9f18.jpg,great_wall_of_china,real
dataset_synthetic\train\roman_colosseum\00047-2283819996.png,roman_colosseum,synthetic
dataset_synthetic\train\christ_the_reedemer\00311-2284744760.png,christ_the_reedemer,synthetic
dataset_synthetic\train\chichen_itza\00167-1856050879.png,chichen_itza,synthetic
dataset_synthetic\train\pyramids_of_giza\00203-4087309982.png,pyramids_of_giza,synthetic
dataset_synthetic\train\great_wall_of_china\00009-1860489309.png,great_wall_of_china,synthetic
dataset_real\train\burj_khalifa\3eb3aecc41.jpg,burj_khalifa,real
dataset_synthetic\train\eiffel_tower\00281-162160942.png,eiffel_tower,synthetic
dataset_real\train\christ_the_reedemer\259c7983d9.jpg,christ_the_reedemer,real
dataset_synthetic\train\great_wall_of_china\00147-2449295050.png,great_wall_of_china,synthetic
dataset_synthetic\train\pyramids_of_giza\00087-2984508839.png,pyramids_of_giza,synthetic
dataset_synthetic\train\great_wall_of_china\00170-1607761950.png,great_wall_of_china,synthetic
dataset_synthetic\train\statue_of_liberty\00530-1791252972.png,statue_of_liberty,synthetic
dataset_synthetic\train\christ_the_reedemer\00119-3552515813.png,christ_the_reedemer,synthetic
dataset_synthetic\train\eiffel_tower\00116-3388316061.png,eiffel_tower,synthetic
dataset_synthetic\train\statue_of_liberty\00450-818305453.png,statue_of_liberty,synthetic
dataset_synthetic\train\chichen_itza\00195-1342241950.png,chichen_itza,synthetic
dataset_synthetic\train\pyramids_of_giza\00278-39524423.png,pyramids_of_giza,synthetic
dataset_synthetic\train\roman_colosseum\00038-2283819987.png,roman_colosseum,synthetic
dataset_synthetic\train\roman_colosseum\00015-3704602080.png,roman_colosseum,synthetic
dataset_synthetic\train\great_wall_of_china\00163-1607761943.png,great_wall_of_china,synthetic
dataset_synthetic\train\great_wall_of_china\00234-4011577249.png,great_wall_of_china,synthetic
dataset_real\train\eiffel_tower\1df2a601be.jpg,eiffel_tower,real
dataset_synthetic\train\chichen_itza\00024-817939099.png,chichen_itza,synthetic
dataset_synthetic\train\great_wall_of_china\00078-2389887074.png,great_wall_of_china,synthetic
dataset_real\train\statue_of_liberty\78c4b91566.jpg,statue_of_liberty,real
dataset_real\train\statue_of_liberty\65546d77bc.jpg,statue_of_liberty,real
dataset_synthetic\train\great_wall_of_china\00242-4085978408.png,great_wall_of_china,synthetic
dataset_real\train\statue_of_liberty\a1f6376f28.jpg,statue_of_liberty,real
dataset_real\train\chichen_itza\deac369f3e.jpg,chichen_itza,real
dataset_synthetic\train\roman_colosseum\00163-1009224261.png,roman_colosseum,synthetic
dataset_real\train\eiffel_tower\8f8e0ada7c.jpg,eiffel_tower,real
dataset_synthetic\train\pyramids_of_giza\00097-942607755.png,pyramids_of_giza,synthetic
dataset_synthetic\train\chichen_itza\00060-2079455153.png,chichen_itza,synthetic
dataset_synthetic\train\pyramids_of_giza\00011-4241466207.png,pyramids_of_giza,synthetic
dataset_real\train\burj_khalifa\7a73d9e23f.jpg,burj_khalifa,real
dataset_synthetic\train\great_wall_of_china\00075-2389887071.png,great_wall_of_china,synthetic
dataset_synthetic\train\burj_khalifa\00273-2716773624.png,burj_khalifa,synthetic
dataset_synthetic\train\roman_colosseum\00228-1225658206.png,roman_colosseum,synthetic
dataset_real\train\roman_colosseum\ac95ae38b3.jpg,roman_colosseum,real
dataset_real\train\great_wall_of_china\5101807fb7.jpg,great_wall_of_china,real
dataset_synthetic\train\pyramids_of_giza\00006-4241466202.png,pyramids_of_giza,synthetic
dataset_synthetic\train\chichen_itza\00161-1856050873.png,chichen_itza,synthetic
dataset_synthetic\train\christ_the_reedemer\00178-4094071604.png,christ_the_reedemer,synthetic
dataset_real\train\pyramids_of_giza\df900c69dd.jpg,pyramids_of_giza,real
dataset_real\train\burj_khalifa\f4a1dd562d.jpg,burj_khalifa,real
dataset_synthetic\train\christ_the_reedemer\00066-2397697051.png,christ_the_reedemer,synthetic
dataset_synthetic\train\great_wall_of_china\00173-1607761953.png,great_wall_of_china,synthetic
dataset_synthetic\train\burj_khalifa\00277-2716773628.png,burj_khalifa,synthetic
dataset_synthetic\train\pyramids_of_giza\00212-3159135351.png,pyramids_of_giza,synthetic
dataset_synthetic\train\pyramids_of_giza\00193-4087309972.png,pyramids_of_giza,synthetic
dataset_synthetic\train\chichen_itza\00028-817939103.png,chichen_itza,synthetic
dataset_synthetic\train\burj_khalifa\00033-3281528398.png,burj_khalifa,synthetic
dataset_real\train\christ_the_reedemer\3d6470e199.jpg,christ_the_reedemer,real
dataset_real\train\christ_the_reedemer\33ec5052cf.jpg,christ_the_reedemer,real
dataset_synthetic\train\chichen_itza\00197-1342241952.png,chichen_itza,synthetic
dataset_synthetic\train\burj_khalifa\00073-3346071109.png,burj_khalifa,synthetic
dataset_synthetic\train\burj_khalifa\00245-2863073455.png,burj_khalifa,synthetic
dataset_synthetic\train\pyramids_of_giza\00130-962878668.png,pyramids_of_giza,synthetic
dataset_synthetic\train\chichen_itza\00037-2669227191.png,chichen_itza,synthetic
dataset_real\train\christ_the_reedemer\1691033e8e.jpg,christ_the_reedemer,real
dataset_synthetic\train\roman_colosseum\00150-1009224248.png,roman_colosseum,synthetic
dataset_synthetic\train\eiffel_tower\00225-2386103700.png,eiffel_tower,synthetic
dataset_real\train\burj_khalifa\ccae0e0415.jpg,burj_khalifa,real
dataset_synthetic\train\eiffel_tower\00214-2386103689.png,eiffel_tower,synthetic
dataset_synthetic\train\roman_colosseum\00052-2283820001.png,roman_colosseum,synthetic
dataset_synthetic\train\eiffel_tower\00178-1848933977.png,eiffel_tower,synthetic
dataset_real\train\chichen_itza\57d270bf14.jpg,chichen_itza,real
dataset_real\train\roman_colosseum\16e025538f.jpg,roman_colosseum,real
dataset_synthetic\train\burj_khalifa\00194-2688549102.png,burj_khalifa,synthetic
dataset_real\train\pyramids_of_giza\ab3b853a85.jpg,pyramids_of_giza,real
dataset_real\train\roman_colosseum\da9aa7bb61.jpg,roman_colosseum,real
dataset_synthetic\train\christ_the_reedemer\00069-2397697054.png,christ_the_reedemer,synthetic
dataset_synthetic\train\pyramids_of_giza\00274-39524419.png,pyramids_of_giza,synthetic
dataset_real\train\pyramids_of_giza\1b2b067415.jpg,pyramids_of_giza,real
dataset_synthetic\train\christ_the_reedemer\00057-2397697042.png,christ_the_reedemer,synthetic
dataset_synthetic\train\chichen_itza\00038-2669227192.png,chichen_itza,synthetic
dataset_real\train\burj_khalifa\4e848e4819.jpg,burj_khalifa,real
dataset_synthetic\train\pyramids_of_giza\00060-2984508812.png,pyramids_of_giza,synthetic
dataset_synthetic\train\roman_colosseum\00223-1225658201.png,roman_colosseum,synthetic
dataset_synthetic\train\burj_khalifa\00222-2852982626.png,burj_khalifa,synthetic
dataset_synthetic\train\pyramids_of_giza\00235-3159135374.png,pyramids_of_giza,synthetic
dataset_synthetic\train\pyramids_of_giza\00176-2205670352.png,pyramids_of_giza,synthetic
dataset_synthetic\train\roman_colosseum\00265-1881496560.png,roman_colosseum,synthetic
dataset_synthetic\train\roman_colosseum\00132-4069228234.png,roman_colosseum,synthetic
dataset_synthetic\train\eiffel_tower\00195-45903241.png,eiffel_tower,synthetic
dataset_synthetic\train\roman_colosseum\00069-1525667159.png,roman_colosseum,synthetic
dataset_synthetic\train\burj_khalifa\00237-2852982641.png,burj_khalifa,synthetic
dataset_real\train\great_wall_of_china\f2006e3a63.jpg,great_wall_of_china,real
dataset_synthetic\train\christ_the_reedemer\00203-1121220994.png,christ_the_reedemer,synthetic
dataset_synthetic\train\eiffel_tower\00232-2386103707.png,eiffel_tower,synthetic
dataset_synthetic\train\chichen_itza\00174-1856050886.png,chichen_itza,synthetic
dataset_synthetic\train\burj_khalifa\00094-4109332462.png,burj_khalifa,synthetic
dataset_synthetic\train\burj_khalifa\00255-2863073465.png,burj_khalifa,synthetic
dataset_real\train\chichen_itza\d5b85454e5.jpg,chichen_itza,real
dataset_real\train\chichen_itza\de9bada65c.jpg,chichen_itza,real
dataset_synthetic\train\eiffel_tower\00208-45903254.png,eiffel_tower,synthetic
dataset_synthetic\train\great_wall_of_china\00182-2026541290.png,great_wall_of_china,synthetic
dataset_real\train\burj_khalifa\f76b1ec129.jpg,burj_khalifa,real
dataset_synthetic\train\chichen_itza\00001-354526588.png,chichen_itza,synthetic
dataset_synthetic\train\roman_colosseum\00041-2283819990.png,roman_colosseum,synthetic
dataset_synthetic\train\pyramids_of_giza\00028-4241466224.png,pyramids_of_giza,synthetic
dataset_synthetic\train\great_wall_of_china\00264-4085978430.png,great_wall_of_china,synthetic
dataset_synthetic\train\chichen_itza\00017-354526604.png,chichen_itza,synthetic
dataset_synthetic\train\roman_colosseum\00245-1881496540.png,roman_colosseum,synthetic
dataset_real\train\burj_khalifa\2b9d184edc.jpg,burj_khalifa,real
dataset_synthetic\train\pyramids_of_giza\00035-2054659938.png,pyramids_of_giza,synthetic
dataset_real\train\great_wall_of_china\82a031f8a2.jpg,great_wall_of_china,real
dataset_synthetic\train\roman_colosseum\00209-1225658187.png,roman_colosseum,synthetic
dataset_synthetic\train\statue_of_liberty\00520-1791252962.png,statue_of_liberty,synthetic
dataset_synthetic\train\statue_of_liberty\00622-4055323059.png,statue_of_liberty,synthetic
dataset_real\train\roman_colosseum\67b35379d2.jpg,roman_colosseum,real
dataset_synthetic\train\burj_khalifa\00020-2682522073.png,burj_khalifa,synthetic
dataset_synthetic\train\burj_khalifa\00191-2688549099.png,burj_khalifa,synthetic
dataset_real\train\burj_khalifa\2bb2ccff62.jpg,burj_khalifa,real
dataset_synthetic\train\roman_colosseum\00037-2283819986.png,roman_colosseum,synthetic
dataset_synthetic\train\great_wall_of_china\00114-920026945.png,great_wall_of_china,synthetic
dataset_synthetic\train\eiffel_tower\00062-2409094496.png,eiffel_tower,synthetic
dataset_synthetic\train\eiffel_tower\00125-70550496.png,eiffel_tower,synthetic
dataset_synthetic\train\christ_the_reedemer\00247-2017116363.png,christ_the_reedemer,synthetic
dataset_real\train\burj_khalifa\efc3137f40.jpg,burj_khalifa,real
dataset_real\train\burj_khalifa\67423bdc7a.jpg,burj_khalifa,real
dataset_real\train\great_wall_of_china\eb27250bfd.jpg,great_wall_of_china,real
dataset_synthetic\train\eiffel_tower\00265-1566552046.png,eiffel_tower,synthetic
dataset_synthetic\train\roman_colosseum\00023-3704602088.png,roman_colosseum,synthetic
dataset_synthetic\train\pyramids_of_giza\00272-39524417.png,pyramids_of_giza,synthetic
dataset_synthetic\train\christ_the_reedemer\00065-2397697050.png,christ_the_reedemer,synthetic
dataset_real\train\great_wall_of_china\e9d83f329a.jpg,great_wall_of_china,real
dataset_synthetic\train\burj_khalifa\00104-4109332472.png,burj_khalifa,synthetic
dataset_real\train\roman_colosseum\65ec210188.jpg,roman_colosseum,real
dataset_real\train\pyramids_of_giza\801196e195.jpg,pyramids_of_giza,real
dataset_real\train\eiffel_tower\0a762bf841.jpg,eiffel_tower,real
dataset_synthetic\train\christ_the_reedemer\00121-3552515815.png,christ_the_reedemer,synthetic
dataset_synthetic\train\chichen_itza\00126-1654904557.png,chichen_itza,synthetic
dataset_synthetic\train\christ_the_reedemer\00064-2397697049.png,christ_the_reedemer,synthetic
dataset_synthetic\train\roman_colosseum\00241-1881496536.png,roman_colosseum,synthetic
dataset_real\train\burj_khalifa\74b2259b32.jpg,burj_khalifa,real
dataset_synthetic\train\pyramids_of_giza\00104-942607762.png,pyramids_of_giza,synthetic
dataset_real\train\chichen_itza\51a0e354d1.jpg,chichen_itza,real
dataset_synthetic\train\burj_khalifa\00063-3346071099.png,burj_khalifa,synthetic
dataset_real\train\chichen_itza\ccaa3c0d5e.jpg,chichen_itza,real
dataset_synthetic\train\pyramids_of_giza\00170-2205670346.png,pyramids_of_giza,synthetic
dataset_synthetic\train\great_wall_of_china\00038-1177815127.png,great_wall_of_china,synthetic
dataset_synthetic\train\eiffel_tower\00094-3388316039.png,eiffel_tower,synthetic
dataset_synthetic\train\christ_the_reedemer\00219-1121221010.png,christ_the_reedemer,synthetic
dataset_synthetic\train\eiffel_tower\00207-45903253.png,eiffel_tower,synthetic
dataset_real\train\chichen_itza\aac0094ba3.jpg,chichen_itza,real
dataset_synthetic\train\roman_colosseum\00005-3704602070.png,roman_colosseum,synthetic
dataset_synthetic\train\pyramids_of_giza\00173-2205670349.png,pyramids_of_giza,synthetic
dataset_synthetic\train\burj_khalifa\00007-2682522060.png,burj_khalifa,synthetic
dataset_synthetic\train\pyramids_of_giza\00083-2984508835.png,pyramids_of_giza,synthetic
dataset_synthetic\train\christ_the_reedemer\00292-2284744741.png,christ_the_reedemer,synthetic
dataset_synthetic\train\great_wall_of_china\00237-4011577252.png,great_wall_of_china,synthetic
dataset_synthetic\train\burj_khalifa\00002-2682522055.png,burj_khalifa,synthetic
dataset_real\train\eiffel_tower\b9e497f546.jpg,eiffel_tower,real
dataset_synthetic\train\eiffel_tower\00182-45903228.png,eiffel_tower,synthetic
dataset_synthetic\train\christ_the_reedemer\00244-2017116360.png,christ_the_reedemer,synthetic
dataset_real\train\christ_the_reedemer\daa7d1baae.jpg,christ_the_reedemer,real
dataset_synthetic\train\chichen_itza\00248-1829905833.png,chichen_itza,synthetic
dataset_real\train\burj_khalifa\5347d837b9.jpg,burj_khalifa,real
dataset_synthetic\train\burj_khalifa\00225-2852982629.png,burj_khalifa,synthetic
dataset_synthetic\train\great_wall_of_china\00133-2449295036.png,great_wall_of_china,synthetic
dataset_synthetic\train\eiffel_tower\00297-162160958.png,eiffel_tower,synthetic
dataset_synthetic\train\burj_khalifa\00239-2852982643.png,burj_khalifa,synthetic
dataset_synthetic\train\pyramids_of_giza\00265-3340261375.png,pyramids_of_giza,synthetic
dataset_synthetic\train\pyramids_of_giza\00206-4087309985.png,pyramids_of_giza,synthetic
dataset_real\train\chichen_itza\7fe80f9c1b.jpg,chichen_itza,real
dataset_real\train\statue_of_liberty\3a4d2ac51d.jpg,statue_of_liberty,real
dataset_synthetic\train\great_wall_of_china\00048-1177815137.png,great_wall_of_china,synthetic
dataset_synthetic\train\great_wall_of_china\00123-2449295026.png,great_wall_of_china,synthetic
dataset_synthetic\train\great_wall_of_china\00145-2449295048.png,great_wall_of_china,synthetic
dataset_synthetic\train\chichen_itza\00166-1856050878.png,chichen_itza,synthetic
dataset_synthetic\train\pyramids_of_giza\00238-3159135377.png,pyramids_of_giza,synthetic
dataset_real\train\christ_the_reedemer\4dcddcda09.jpg,christ_the_reedemer,real
dataset_synthetic\train\chichen_itza\00069-2079455162.png,chichen_itza,synthetic
dataset_synthetic\train\pyramids_of_giza\00296-39524441.png,pyramids_of_giza,synthetic
dataset_real\train\christ_the_reedemer\a60bd44426.jpg,christ_the_reedemer,real
dataset_synthetic\train\eiffel_tower\00137-70550508.png,eiffel_tower,synthetic
dataset_synthetic\train\burj_khalifa\00168-2778414635.png,burj_khalifa,synthetic
dataset_real\train\roman_colosseum\986f6062d0.jpg,roman_colosseum,real
dataset_real\train\chichen_itza\6e17190bc8.jpg,chichen_itza,real
dataset_synthetic\train\chichen_itza\00249-1829905834.png,chichen_itza,synthetic
dataset_synthetic\train\roman_colosseum\00237-1225658215.png,roman_colosseum,synthetic
dataset_synthetic\train\christ_the_reedemer\00129-3552515823.png,christ_the_reedemer,synthetic
dataset_real\train\great_wall_of_china\cfd27840f5.jpg,great_wall_of_china,real
dataset_synthetic\train\chichen_itza\00091-3888410402.png,chichen_itza,synthetic
dataset_synthetic\train\christ_the_reedemer\00048-3006335911.png,christ_the_reedemer,synthetic
dataset_synthetic\train\statue_of_liberty\00490-3884271014.png,statue_of_liberty,synthetic
dataset_real\train\chichen_itza\9921f3cf8b.jpg,chichen_itza,real
dataset_synthetic\train\pyramids_of_giza\00260-3340261370.png,pyramids_of_giza,synthetic
dataset_synthetic\train\eiffel_tower\00176-1848933975.png,eiffel_tower,synthetic
dataset_real\train\pyramids_of_giza\4a0f0382ad.jpg,pyramids_of_giza,real
dataset_real\train\pyramids_of_giza\de2b28f4c0.jpg,pyramids_of_giza,real
dataset_real\train\great_wall_of_china\c3bdedb22a.jpg,great_wall_of_china,real
dataset_synthetic\train\roman_colosseum\00171-1009224269.png,roman_colosseum,synthetic
dataset_synthetic\train\eiffel_tower\00276-162160937.png,eiffel_tower,synthetic
dataset_synthetic\train\eiffel_tower\00252-1566552033.png,eiffel_tower,synthetic
dataset_synthetic\train\chichen_itza\00250-1829905835.png,chichen_itza,synthetic
dataset_synthetic\train\roman_colosseum\00100-2343411947.png,roman_colosseum,synthetic
dataset_synthetic\train\pyramids_of_giza\00207-4087309986.png,pyramids_of_giza,synthetic
dataset_synthetic\train\burj_khalifa\00045-3281528410.png,burj_khalifa,synthetic
dataset_synthetic\train\roman_colosseum\00130-4069228232.png,roman_colosseum,synthetic
dataset_synthetic\train\burj_khalifa\00198-2688549106.png,burj_khalifa,synthetic
dataset_real\train\christ_the_reedemer\2fae8facde.jpg,christ_the_reedemer,real
dataset_synthetic\train\great_wall_of_china\00181-2026541289.png,great_wall_of_china,synthetic
dataset_synthetic\train\roman_colosseum\00271-241878726.png,roman_colosseum,synthetic
dataset_synthetic\train\eiffel_tower\00042-1984749095.png,eiffel_tower,synthetic
dataset_synthetic\train\great_wall_of_china\00121-2449295024.png,great_wall_of_china,synthetic
dataset_real\train\statue_of_liberty\d06d833ec2.jpg,statue_of_liberty,real
dataset_synthetic\train\burj_khalifa\00089-3346071125.png,burj_khalifa,synthetic
dataset_synthetic\train\great_wall_of_china\00085-2389887081.png,great_wall_of_china,synthetic
dataset_synthetic\train\eiffel_tower\00234-2386103709.png,eiffel_tower,synthetic
dataset_synthetic\train\roman_colosseum\00159-1009224257.png,roman_colosseum,synthetic
dataset_synthetic\train\pyramids_of_giza\00162-2205670338.png,pyramids_of_giza,synthetic
dataset_synthetic\train\christ_the_reedemer\00079-2397697064.png,christ_the_reedemer,synthetic
dataset_synthetic\train\pyramids_of_giza\00177-2205670353.png,pyramids_of_giza,synthetic
dataset_real\train\statue_of_liberty\792e0b55c3.jpg,statue_of_liberty,real
dataset_synthetic\train\chichen_itza\00110-3888410421.png,chichen_itza,synthetic
dataset_real\train\great_wall_of_china\45584d4fa5.jpg,great_wall_of_china,real
dataset_synthetic\train\statue_of_liberty\00408-1169046319.png,statue_of_liberty,synthetic
dataset_synthetic\train\chichen_itza\00143-1654904574.png,chichen_itza,synthetic
dataset_synthetic\train\roman_colosseum\00020-3704602085.png,roman_colosseum,synthetic
dataset_synthetic\train\statue_of_liberty\00575-3964871324.png,statue_of_liberty,synthetic
dataset_synthetic\train\great_wall_of_china\00093-920026924.png,great_wall_of_china,synthetic
dataset_synthetic\train\eiffel_tower\00069-2409094503.png,eiffel_tower,synthetic
dataset_synthetic\train\roman_colosseum\00039-2283819988.png,roman_colosseum,synthetic
dataset_real\train\pyramids_of_giza\776b426e92.jpg,pyramids_of_giza,real
dataset_synthetic\train\burj_khalifa\00281-2716773632.png,burj_khalifa,synthetic
dataset_synthetic\train\roman_colosseum\00027-3704602092.png,roman_colosseum,synthetic
dataset_synthetic\train\burj_khalifa\00129-1813382817.png,burj_khalifa,synthetic
dataset_synthetic\train\chichen_itza\00046-2669227200.png,chichen_itza,synthetic
dataset_synthetic\train\pyramids_of_giza\00221-3159135360.png,pyramids_of_giza,synthetic
dataset_synthetic\train\chichen_itza\00263-1829905848.png,chichen_itza,synthetic
dataset_synthetic\train\roman_colosseum\00290-241878745.png,roman_colosseum,synthetic
dataset_synthetic\train\roman_colosseum\00114-2343411961.png,roman_colosseum,synthetic
dataset_synthetic\train\roman_colosseum\00058-1525667148.png,roman_colosseum,synthetic
dataset_synthetic\train\roman_colosseum\00118-4069228220.png,roman_colosseum,synthetic
dataset_synthetic\train\christ_the_reedemer\00261-2017116377.png,christ_the_reedemer,synthetic
dataset_synthetic\train\great_wall_of_china\00130-2449295033.png,great_wall_of_china,synthetic
dataset_real\train\pyramids_of_giza\10e1a6e916.jpg,pyramids_of_giza,real
dataset_synthetic\train\pyramids_of_giza\00023-4241466219.png,pyramids_of_giza,synthetic
dataset_synthetic\train\great_wall_of_china\00045-1177815134.png,great_wall_of_china,synthetic
dataset_synthetic\train\burj_khalifa\00117-4109332485.png,burj_khalifa,synthetic
dataset_synthetic\train\pyramids_of_giza\00122-962878660.png,pyramids_of_giza,synthetic
dataset_synthetic\train\statue_of_liberty\00569-3964871318.png,statue_of_liberty,synthetic
dataset_synthetic\train\statue_of_liberty\00544-3937903688.png,statue_of_liberty,synthetic
dataset_synthetic\train\burj_khalifa\00148-1813382836.png,burj_khalifa,synthetic
dataset_synthetic\train\chichen_itza\00082-2079455175.png,chichen_itza,synthetic
dataset_synthetic\train\burj_khalifa\00069-3346071105.png,burj_khalifa,synthetic
dataset_real\train\chichen_itza\e67c966027.jpg,chichen_itza,real
dataset_synthetic\train\roman_colosseum\00184-1974243503.png,roman_colosseum,synthetic
dataset_synthetic\train\chichen_itza\00207-1342241962.png,chichen_itza,synthetic
dataset_synthetic\train\pyramids_of_giza\00245-3340261355.png,pyramids_of_giza,synthetic
dataset_synthetic\train\burj_khalifa\00059-3281528424.png,burj_khalifa,synthetic
dataset_synthetic\train\christ_the_reedemer\00319-2284744768.png,christ_the_reedemer,synthetic
dataset_synthetic\train\burj_khalifa\00082-3346071118.png,burj_khalifa,synthetic
dataset_synthetic\train\eiffel_tower\00029-3137921714.png,eiffel_tower,synthetic
dataset_synthetic\train\chichen_itza\00056-2669227210.png,chichen_itza,synthetic
dataset_real\train\burj_khalifa\4ba4acc518.jpg,burj_khalifa,real
dataset_real\train\eiffel_tower\4db1e659ee.jpg,eiffel_tower,real
dataset_synthetic\train\great_wall_of_china\00258-4085978424.png,great_wall_of_china,synthetic
dataset_synthetic\train\eiffel_tower\00264-1566552045.png,eiffel_tower,synthetic
dataset_synthetic\train\chichen_itza\00061-2079455154.png,chichen_itza,synthetic
dataset_synthetic\train\roman_colosseum\00031-2283819980.png,roman_colosseum,synthetic
dataset_synthetic\train\burj_khalifa\00105-4109332473.png,burj_khalifa,synthetic
dataset_synthetic\train\great_wall_of_china\00250-4085978416.png,great_wall_of_china,synthetic
dataset_real\train\burj_khalifa\d9c2f4c542.jpg,burj_khalifa,real
dataset_synthetic\train\great_wall_of_china\00143-2449295046.png,great_wall_of_china,synthetic
dataset_real\train\burj_khalifa\b05514e581.jpg,burj_khalifa,real
dataset_real\train\pyramids_of_giza\bb3db0ad09.jpg,pyramids_of_giza,real
dataset_synthetic\train\chichen_itza\00075-2079455168.png,chichen_itza,synthetic
dataset_synthetic\train\burj_khalifa\00261-2863073471.png,burj_khalifa,synthetic
dataset_synthetic\train\chichen_itza\00049-2669227203.png,chichen_itza,synthetic
dataset_real\train\burj_khalifa\24dbf74fff.jpg,burj_khalifa,real
dataset_synthetic\train\eiffel_tower\00130-70550501.png,eiffel_tower,synthetic
dataset_synthetic\train\eiffel_tower\00010-3137921695.png,eiffel_tower,synthetic
dataset_synthetic\train\pyramids_of_giza\00064-2984508816.png,pyramids_of_giza,synthetic
dataset_real\train\christ_the_reedemer\6781bc5dd1.jpg,christ_the_reedemer,real
dataset_synthetic\train\christ_the_reedemer\00049-3006335912.png,christ_the_reedemer,synthetic
dataset_synthetic\train\statue_of_liberty\00613-4055323050.png,statue_of_liberty,synthetic
dataset_synthetic\train\chichen_itza\00052-2669227206.png,chichen_itza,synthetic
dataset_synthetic\train\statue_of_liberty\00454-818305457.png,statue_of_liberty,synthetic
dataset_synthetic\train\statue_of_liberty\00586-3964871335.png,statue_of_liberty,synthetic
dataset_synthetic\train\eiffel_tower\00066-2409094500.png,eiffel_tower,synthetic
dataset_synthetic\train\christ_the_reedemer\00252-2017116368.png,christ_the_reedemer,synthetic
dataset_synthetic\train\pyramids_of_giza\00199-4087309978.png,pyramids_of_giza,synthetic
dataset_synthetic\train\great_wall_of_china\00084-2389887080.png,great_wall_of_china,synthetic
dataset_real\train\eiffel_tower\beb6568a57.jpg,eiffel_tower,real
dataset_synthetic\train\eiffel_tower\00185-45903231.png,eiffel_tower,synthetic
dataset_synthetic\train\eiffel_tower\00089-3761364578.png,eiffel_tower,synthetic
dataset_synthetic\train\chichen_itza\00144-1654904575.png,chichen_itza,synthetic
dataset_synthetic\train\eiffel_tower\00155-1848933954.png,eiffel_tower,synthetic
dataset_synthetic\train\eiffel_tower\00028-3137921713.png,eiffel_tower,synthetic
dataset_synthetic\train\burj_khalifa\00144-1813382832.png,burj_khalifa,synthetic
dataset_synthetic\train\eiffel_tower\00289-162160950.png,eiffel_tower,synthetic
dataset_synthetic\train\pyramids_of_giza\00105-942607763.png,pyramids_of_giza,synthetic
dataset_synthetic\train\eiffel_tower\00191-45903237.png,eiffel_tower,synthetic
dataset_real\train\great_wall_of_china\7e25160f82.jpg,great_wall_of_china,real
dataset_synthetic\train\chichen_itza\00053-2669227207.png,chichen_itza,synthetic
dataset_real\train\christ_the_reedemer\5b0a839a57.jpg,christ_the_reedemer,real
dataset_synthetic\train\statue_of_liberty\00513-1791252955.png,statue_of_liberty,synthetic
dataset_synthetic\train\roman_colosseum\00249-1881496544.png,roman_colosseum,synthetic
dataset_synthetic\train\roman_colosseum\00297-241878752.png,roman_colosseum,synthetic
dataset_synthetic\train\roman_colosseum\00024-3704602089.png,roman_colosseum,synthetic
dataset_real\train\pyramids_of_giza\842a7f3f88.jpg,pyramids_of_giza,real
dataset_synthetic\train\pyramids_of_giza\00240-3340261350.png,pyramids_of_giza,synthetic
dataset_synthetic\train\roman_colosseum\00285-241878740.png,roman_colosseum,synthetic
dataset_synthetic\train\roman_colosseum\00057-2283820006.png,roman_colosseum,synthetic
dataset_synthetic\train\pyramids_of_giza\00048-2054659951.png,pyramids_of_giza,synthetic
dataset_synthetic\train\christ_the_reedemer\00023-3006335886.png,christ_the_reedemer,synthetic
dataset_synthetic\train\roman_colosseum\00284-241878739.png,roman_colosseum,synthetic
dataset_synthetic\train\burj_khalifa\00269-2863073479.png,burj_khalifa,synthetic
dataset_synthetic\train\pyramids_of_giza\00289-39524434.png,pyramids_of_giza,synthetic
dataset_synthetic\train\burj_khalifa\00224-2852982628.png,burj_khalifa,synthetic
dataset_real\train\great_wall_of_china\55d60dd591.jpg,great_wall_of_china,real
dataset_synthetic\train\eiffel_tower\00138-70550509.png,eiffel_tower,synthetic
dataset_synthetic\train\pyramids_of_giza\00211-3159135350.png,pyramids_of_giza,synthetic
dataset_synthetic\train\roman_colosseum\00104-2343411951.png,roman_colosseum,synthetic
dataset_synthetic\train\great_wall_of_china\00134-2449295037.png,great_wall_of_china,synthetic
dataset_real\train\burj_khalifa\7fb688266e.jpg,burj_khalifa,real
dataset_synthetic\train\chichen_itza\00093-3888410404.png,chichen_itza,synthetic
dataset_synthetic\train\chichen_itza\00236-4190620873.png,chichen_itza,synthetic
dataset_real\train\roman_colosseum\c9e8380d9e.jpg,roman_colosseum,real
dataset_synthetic\train\burj_khalifa\00142-1813382830.png,burj_khalifa,synthetic
dataset_synthetic\train\eiffel_tower\00161-1848933960.png,eiffel_tower,synthetic
dataset_synthetic\train\pyramids_of_giza\00267-3340261377.png,pyramids_of_giza,synthetic
dataset_synthetic\train\burj_khalifa\00078-3346071114.png,burj_khalifa,synthetic
dataset_synthetic\train\eiffel_tower\00103-3388316048.png,eiffel_tower,synthetic
dataset_synthetic\train\roman_colosseum\00032-2283819981.png,roman_colosseum,synthetic
dataset_synthetic\train\eiffel_tower\00092-3388316037.png,eiffel_tower,synthetic
dataset_synthetic\train\christ_the_reedemer\00165-423565303.png,christ_the_reedemer,synthetic
dataset_synthetic\train\pyramids_of_giza\00074-2984508826.png,pyramids_of_giza,synthetic
dataset_synthetic\train\pyramids_of_giza\00047-2054659950.png,pyramids_of_giza,synthetic
dataset_synthetic\train\pyramids_of_giza\00131-962878669.png,pyramids_of_giza,synthetic
dataset_synthetic\train\chichen_itza\00047-2669227201.png,chichen_itza,synthetic
dataset_real\train\pyramids_of_giza\7a1eb070f1.jpg,pyramids_of_giza,real
dataset_synthetic\train\burj_khalifa\00038-3281528403.png,burj_khalifa,synthetic
dataset_synthetic\train\christ_the_reedemer\00171-423565309.png,christ_the_reedemer,synthetic
dataset_synthetic\train\roman_colosseum\00256-1881496551.png,roman_colosseum,synthetic
dataset_synthetic\train\christ_the_reedemer\00288-3045517151.png,christ_the_reedemer,synthetic
dataset_synthetic\train\chichen_itza\00199-1342241954.png,chichen_itza,synthetic
dataset_synthetic\train\pyramids_of_giza\00268-3340261378.png,pyramids_of_giza,synthetic
dataset_synthetic\train\eiffel_tower\00073-2409094507.png,eiffel_tower,synthetic
dataset_synthetic\train\roman_colosseum\00217-1225658195.png,roman_colosseum,synthetic
dataset_synthetic\train\statue_of_liberty\00483-3884271007.png,statue_of_liberty,synthetic
dataset_synthetic\train\chichen_itza\00022-354526609.png,chichen_itza,synthetic
dataset_synthetic\train\pyramids_of_giza\00248-3340261358.png,pyramids_of_giza,synthetic
dataset_synthetic\train\eiffel_tower\00013-3137921698.png,eiffel_tower,synthetic
dataset_synthetic\train\eiffel_tower\00259-1566552040.png,eiffel_tower,synthetic
dataset_real\train\chichen_itza\9eed4adadd.jpg,chichen_itza,real
dataset_real\train\chichen_itza\d3e56df743.jpg,chichen_itza,real
dataset_real\train\great_wall_of_china\bb6143deb7.jpg,great_wall_of_china,real
dataset_real\train\burj_khalifa\18d0e3276e.jpg,burj_khalifa,real
dataset_synthetic\train\great_wall_of_china\00107-920026938.png,great_wall_of_china,synthetic
dataset_synthetic\train\roman_colosseum\00062-1525667152.png,roman_colosseum,synthetic
dataset_synthetic\train\great_wall_of_china\00194-2026541302.png,great_wall_of_china,synthetic
dataset_synthetic\train\statue_of_liberty\00652-2648309730.png,statue_of_liberty,synthetic
dataset_synthetic\train\great_wall_of_china\00286-1383148738.png,great_wall_of_china,synthetic
dataset_real\train\statue_of_liberty\d741f85251.jpg,statue_of_liberty,real
dataset_synthetic\train\pyramids_of_giza\00257-3340261367.png,pyramids_of_giza,synthetic
dataset_synthetic\train\great_wall_of_china\00240-4085978406.png,great_wall_of_china,synthetic
dataset_synthetic\train\chichen_itza\00134-1654904565.png,chichen_itza,synthetic
dataset_synthetic\train\roman_colosseum\00000-3704602065.png,roman_colosseum,synthetic
dataset_synthetic\train\eiffel_tower\00202-45903248.png,eiffel_tower,synthetic
dataset_real\train\eiffel_tower\3e821b7933.jpg,eiffel_tower,real
dataset_synthetic\train\burj_khalifa\00097-4109332465.png,burj_khalifa,synthetic
dataset_synthetic\train\pyramids_of_giza\00191-4087309970.png,pyramids_of_giza,synthetic
dataset_synthetic\train\statue_of_liberty\00541-3937903685.png,statue_of_liberty,synthetic
dataset_real\train\eiffel_tower\1f94335942.jpg,eiffel_tower,real
dataset_synthetic\train\roman_colosseum\00280-241878735.png,roman_colosseum,synthetic
dataset_real\train\burj_khalifa\ffabff3b21.jpg,burj_khalifa,real
dataset_synthetic\train\chichen_itza\00019-817939094.png,chichen_itza,synthetic
dataset_synthetic\train\pyramids_of_giza\00215-3159135354.png,pyramids_of_giza,synthetic
dataset_synthetic\train\christ_the_reedemer\00305-2284744754.png,christ_the_reedemer,synthetic
dataset_real\train\great_wall_of_china\aface0f3b2.jpg,great_wall_of_china,real
dataset_synthetic\train\chichen_itza\00265-1829905850.png,chichen_itza,synthetic
dataset_synthetic\train\statue_of_liberty\00380-174988338.png,statue_of_liberty,synthetic
dataset_synthetic\train\pyramids_of_giza\00024-4241466220.png,pyramids_of_giza,synthetic
dataset_synthetic\train\eiffel_tower\00189-45903235.png,eiffel_tower,synthetic
dataset_synthetic\train\burj_khalifa\00036-3281528401.png,burj_khalifa,synthetic
dataset_synthetic\train\eiffel_tower\00200-45903246.png,eiffel_tower,synthetic
dataset_synthetic\train\chichen_itza\00079-2079455172.png,chichen_itza,synthetic
dataset_synthetic\train\great_wall_of_china\00283-1383148735.png,great_wall_of_china,synthetic
dataset_synthetic\train\chichen_itza\00180-1342241935.png,chichen_itza,synthetic
dataset_synthetic\train\great_wall_of_china\00180-2026541288.png,great_wall_of_china,synthetic
dataset_synthetic\train\chichen_itza\00125-1654904556.png,chichen_itza,synthetic
dataset_synthetic\train\burj_khalifa\00179-2778414646.png,burj_khalifa,synthetic
dataset_synthetic\train\roman_colosseum\00292-241878747.png,roman_colosseum,synthetic
dataset_synthetic\train\eiffel_tower\00144-70550515.png,eiffel_tower,synthetic
dataset_real\train\roman_colosseum\4ac533865b.jpg,roman_colosseum,real
dataset_synthetic\train\roman_colosseum\00042-2283819991.png,roman_colosseum,synthetic
dataset_real\train\eiffel_tower\a12f3e9f54.jpg,eiffel_tower,real
dataset_synthetic\train\chichen_itza\00022-817939097.png,chichen_itza,synthetic
dataset_real\train\statue_of_liberty\be6714db13.jpg,statue_of_liberty,real
dataset_synthetic\train\eiffel_tower\00040-1984749093.png,eiffel_tower,synthetic
dataset_real\train\statue_of_liberty\1542216a69.jpg,statue_of_liberty,real
dataset_synthetic\train\chichen_itza\00171-1856050883.png,chichen_itza,synthetic
dataset_real\train\burj_khalifa\01f75e9545.jpg,burj_khalifa,real
dataset_synthetic\train\chichen_itza\00217-4190620854.png,chichen_itza,synthetic
dataset_synthetic\train\eiffel_tower\00106-3388316051.png,eiffel_tower,synthetic
dataset_synthetic\train\roman_colosseum\00043-2283819992.png,roman_colosseum,synthetic
dataset_real\train\burj_khalifa\e40c868946.jpg,burj_khalifa,real
dataset_synthetic\train\eiffel_tower\00192-45903238.png,eiffel_tower,synthetic
dataset_synthetic\train\roman_colosseum\00187-1974243506.png,roman_colosseum,synthetic
dataset_synthetic\train\great_wall_of_china\00042-1177815131.png,great_wall_of_china,synthetic
dataset_synthetic\train\chichen_itza\00064-2079455157.png,chichen_itza,synthetic
dataset_synthetic\train\burj_khalifa\00012-2682522065.png,burj_khalifa,synthetic
dataset_synthetic\train\burj_khalifa\00296-2716773647.png,burj_khalifa,synthetic
dataset_synthetic\train\christ_the_reedemer\00136-3552515830.png,christ_the_reedemer,synthetic
dataset_synthetic\train\roman_colosseum\00076-1525667166.png,roman_colosseum,synthetic
dataset_synthetic\train\chichen_itza\00227-4190620864.png,chichen_itza,synthetic
dataset_synthetic\train\pyramids_of_giza\00277-39524422.png,pyramids_of_giza,synthetic
dataset_synthetic\train\christ_the_reedemer\00125-3552515819.png,christ_the_reedemer,synthetic
dataset_synthetic\train\roman_colosseum\00176-1009224274.png,roman_colosseum,synthetic
dataset_synthetic\train\great_wall_of_china\00217-4011577232.png,great_wall_of_china,synthetic
dataset_synthetic\train\pyramids_of_giza\00271-39524416.png,pyramids_of_giza,synthetic
dataset_real\train\roman_colosseum\57feaf06f4.jpg,roman_colosseum,real
dataset_synthetic\train\eiffel_tower\00218-2386103693.png,eiffel_tower,synthetic
dataset_synthetic\train\christ_the_reedemer\00027-3006335890.png,christ_the_reedemer,synthetic
dataset_synthetic\train\chichen_itza\00145-1654904576.png,chichen_itza,synthetic
dataset_synthetic\train\roman_colosseum\00077-1525667167.png,roman_colosseum,synthetic
dataset_synthetic\train\great_wall_of_china\00197-2026541305.png,great_wall_of_china,synthetic
dataset_synthetic\train\christ_the_reedemer\00139-3552515833.png,christ_the_reedemer,synthetic
dataset_synthetic\train\eiffel_tower\00049-1984749102.png,eiffel_tower,synthetic
dataset_synthetic\train\great_wall_of_china\00158-1607761938.png,great_wall_of_china,synthetic
dataset_synthetic\train\great_wall_of_china\00188-2026541296.png,great_wall_of_china,synthetic
dataset_synthetic\train\burj_khalifa\00208-2688549116.png,burj_khalifa,synthetic
dataset_synthetic\train\roman_colosseum\00232-1225658210.png,roman_colosseum,synthetic
dataset_real\train\burj_khalifa\29363c293e.jpg,burj_khalifa,real
dataset_synthetic\train\burj_khalifa\00065-3346071101.png,burj_khalifa,synthetic
dataset_real\train\statue_of_liberty\f58ebb544c.jpg,statue_of_liberty,real
dataset_synthetic\train\statue_of_liberty\00430-3674376586.png,statue_of_liberty,synthetic
dataset_real\train\pyramids_of_giza\957a696429.jpg,pyramids_of_giza,real
dataset_synthetic\train\statue_of_liberty\00637-2648309715.png,statue_of_liberty,synthetic
dataset_synthetic\train\burj_khalifa\00140-1813382828.png,burj_khalifa,synthetic
dataset_synthetic\train\chichen_itza\00031-2669227185.png,chichen_itza,synthetic
dataset_synthetic\train\chichen_itza\00164-1856050876.png,chichen_itza,synthetic
dataset_synthetic\train\pyramids_of_giza\00282-39524427.png,pyramids_of_giza,synthetic
dataset_synthetic\train\christ_the_reedemer\00287-3045517150.png,christ_the_reedemer,synthetic
dataset_synthetic\train\burj_khalifa\00080-3346071116.png,burj_khalifa,synthetic
dataset_synthetic\train\eiffel_tower\00253-1566552034.png,eiffel_tower,synthetic
dataset_real\train\chichen_itza\a7e699a9ed.jpg,chichen_itza,real
dataset_real\train\christ_the_reedemer\613e362e50.jpg,christ_the_reedemer,real
dataset_synthetic\train\chichen_itza\00168-1856050880.png,chichen_itza,synthetic
dataset_synthetic\train\roman_colosseum\00272-241878727.png,roman_colosseum,synthetic
dataset_real\train\burj_khalifa\1d4da83ee3.jpg,burj_khalifa,real
dataset_synthetic\train\christ_the_reedemer\00088-2389616908.png,christ_the_reedemer,synthetic
dataset_synthetic\train\christ_the_reedemer\00173-4094071599.png,christ_the_reedemer,synthetic
dataset_synthetic\train\great_wall_of_china\00150-1607761930.png,great_wall_of_china,synthetic
dataset_synthetic\train\pyramids_of_giza\00068-2984508820.png,pyramids_of_giza,synthetic
dataset_real\train\eiffel_tower\abbf350d0c.jpg,eiffel_tower,real
dataset_real\train\great_wall_of_china\0b7d1f2f82.jpg,great_wall_of_china,real
dataset_synthetic\train\roman_colosseum\00295-241878750.png,roman_colosseum,synthetic
dataset_real\train\chichen_itza\c56a6ed2f4.jpg,chichen_itza,real
dataset_real\train\roman_colosseum\9a75a6f12d.jpg,roman_colosseum,real
dataset_real\train\burj_khalifa\e13127220c.jpg,burj_khalifa,real
dataset_synthetic\train\eiffel_tower\00239-2386103714.png,eiffel_tower,synthetic
dataset_synthetic\train\chichen_itza\00005-817939080.png,chichen_itza,synthetic
dataset_synthetic\train\eiffel_tower\00152-1848933951.png,eiffel_tower,synthetic
dataset_synthetic\train\eiffel_tower\00002-3137921687.png,eiffel_tower,synthetic
dataset_synthetic\train\chichen_itza\00244-1829905829.png,chichen_itza,synthetic
dataset_synthetic\train\roman_colosseum\00180-1974243499.png,roman_colosseum,synthetic
dataset_synthetic\train\eiffel_tower\00078-2409094512.png,eiffel_tower,synthetic
dataset_synthetic\train\pyramids_of_giza\00262-3340261372.png,pyramids_of_giza,synthetic
dataset_synthetic\train\burj_khalifa\00231-2852982635.png,burj_khalifa,synthetic
dataset_synthetic\train\great_wall_of_china\00204-2026541312.png,great_wall_of_china,synthetic
dataset_synthetic\train\statue_of_liberty\00624-4055323061.png,statue_of_liberty,synthetic
dataset_synthetic\train\great_wall_of_china\00000-1860489300.png,great_wall_of_china,synthetic
dataset_synthetic\train\great_wall_of_china\00073-2389887069.png,great_wall_of_china,synthetic
dataset_synthetic\train\statue_of_liberty\00379-174988337.png,statue_of_liberty,synthetic
dataset_synthetic\train\roman_colosseum\00281-241878736.png,roman_colosseum,synthetic
dataset_real\train\christ_the_reedemer\b704dec6f6.jpg,christ_the_reedemer,real
dataset_synthetic\train\christ_the_reedemer\00306-2284744755.png,christ_the_reedemer,synthetic
dataset_synthetic\train\burj_khalifa\00238-2852982642.png,burj_khalifa,synthetic
dataset_synthetic\train\burj_khalifa\00127-1813382815.png,burj_khalifa,synthetic
dataset_real\train\roman_colosseum\b440431a1e.jpg,roman_colosseum,real
dataset_synthetic\train\pyramids_of_giza\00026-4241466222.png,pyramids_of_giza,synthetic
dataset_synthetic\train\christ_the_reedemer\00026-3006335889.png,christ_the_reedemer,synthetic
dataset_synthetic\train\christ_the_reedemer\00163-423565301.png,christ_the_reedemer,synthetic
dataset_synthetic\train\chichen_itza\00108-3888410419.png,chichen_itza,synthetic
dataset_synthetic\train\roman_colosseum\00210-1225658188.png,roman_colosseum,synthetic
dataset_synthetic\train\eiffel_tower\00213-2386103688.png,eiffel_tower,synthetic
dataset_synthetic\train\roman_colosseum\00208-1225658186.png,roman_colosseum,synthetic
dataset_synthetic\train\chichen_itza\00133-1654904564.png,chichen_itza,synthetic
dataset_synthetic\train\christ_the_reedemer\00142-423565280.png,christ_the_reedemer,synthetic
dataset_synthetic\train\pyramids_of_giza\00241-3340261351.png,pyramids_of_giza,synthetic
dataset_synthetic\train\christ_the_reedemer\00272-3045517135.png,christ_the_reedemer,synthetic
dataset_real\train\roman_colosseum\e5ff5671c3.jpg,roman_colosseum,real
dataset_synthetic\train\christ_the_reedemer\00213-1121221004.png,christ_the_reedemer,synthetic
dataset_synthetic\train\great_wall_of_china\00136-2449295039.png,great_wall_of_china,synthetic
dataset_synthetic\train\burj_khalifa\00116-4109332484.png,burj_khalifa,synthetic
dataset_synthetic\train\chichen_itza\00153-1856050865.png,chichen_itza,synthetic
dataset_synthetic\train\great_wall_of_china\00111-920026942.png,great_wall_of_china,synthetic
dataset_synthetic\train\eiffel_tower\00117-3388316062.png,eiffel_tower,synthetic
dataset_real\train\christ_the_reedemer\c433e9ed27.jpg,christ_the_reedemer,real
dataset_synthetic\train\great_wall_of_china\00080-2389887076.png,great_wall_of_china,synthetic
dataset_synthetic\train\christ_the_reedemer\00076-2397697061.png,christ_the_reedemer,synthetic
dataset_synthetic\train\burj_khalifa\00135-1813382823.png,burj_khalifa,synthetic
dataset_real\train\eiffel_tower\3663188221.jpg,eiffel_tower,real
dataset_synthetic\train\pyramids_of_giza\00107-942607765.png,pyramids_of_giza,synthetic
dataset_synthetic\train\pyramids_of_giza\00061-2984508813.png,pyramids_of_giza,synthetic
dataset_real\train\roman_colosseum\cc73a9696e.jpg,roman_colosseum,real
dataset_synthetic\train\christ_the_reedemer\00059-2397697044.png,christ_the_reedemer,synthetic
dataset_synthetic\train\eiffel_tower\00147-70550518.png,eiffel_tower,synthetic
dataset_real\train\statue_of_liberty\e5c6d87fe1.jpg,statue_of_liberty,real
dataset_synthetic\train\statue_of_liberty\00420-3674376576.png,statue_of_liberty,synthetic
dataset_real\train\burj_khalifa\f5bbcaaa8a.jpg,burj_khalifa,real
dataset_synthetic\train\great_wall_of_china\00220-4011577235.png,great_wall_of_china,synthetic
dataset_synthetic\train\burj_khalifa\00211-2852982615.png,burj_khalifa,synthetic
dataset_synthetic\train\great_wall_of_china\00027-1860489327.png,great_wall_of_china,synthetic
dataset_synthetic\train\pyramids_of_giza\00190-4087309969.png,pyramids_of_giza,synthetic
dataset_synthetic\train\chichen_itza\00255-1829905840.png,chichen_itza,synthetic
dataset_synthetic\train\christ_the_reedemer\00087-2389616907.png,christ_the_reedemer,synthetic
dataset_synthetic\train\chichen_itza\00266-1829905851.png,chichen_itza,synthetic
dataset_synthetic\train\chichen_itza\00002-817939077.png,chichen_itza,synthetic
dataset_real\train\great_wall_of_china\6348d4b74f.jpg,great_wall_of_china,real
dataset_synthetic\train\christ_the_reedemer\00302-2284744751.png,christ_the_reedemer,synthetic
dataset_synthetic\train\great_wall_of_china\00205-2026541313.png,great_wall_of_china,synthetic
dataset_real\train\pyramids_of_giza\d641703d91.jpg,pyramids_of_giza,real
dataset_synthetic\train\eiffel_tower\00215-2386103690.png,eiffel_tower,synthetic
dataset_synthetic\train\christ_the_reedemer\00300-2284744749.png,christ_the_reedemer,synthetic
dataset_synthetic\train\roman_colosseum\00139-4069228241.png,roman_colosseum,synthetic
dataset_synthetic\train\chichen_itza\00139-1654904570.png,chichen_itza,synthetic
dataset_synthetic\train\burj_khalifa\00004-2682522057.png,burj_khalifa,synthetic
dataset_real\train\eiffel_tower\bd4c8437bd.jpg,eiffel_tower,real
dataset_synthetic\train\roman_colosseum\00192-1974243511.png,roman_colosseum,synthetic
dataset_synthetic\train\burj_khalifa\00298-2716773649.png,burj_khalifa,synthetic
dataset_synthetic\train\statue_of_liberty\00421-3674376577.png,statue_of_liberty,synthetic
dataset_synthetic\train\statue_of_liberty\00438-3674376594.png,statue_of_liberty,synthetic
dataset_synthetic\train\christ_the_reedemer\00054-2397697039.png,christ_the_reedemer,synthetic
dataset_synthetic\train\chichen_itza\00066-2079455159.png,chichen_itza,synthetic
dataset_synthetic\train\eiffel_tower\00007-3137921692.png,eiffel_tower,synthetic
dataset_synthetic\train\roman_colosseum\00084-1525667174.png,roman_colosseum,synthetic
dataset_synthetic\train\pyramids_of_giza\00092-942607750.png,pyramids_of_giza,synthetic
dataset_synthetic\train\statue_of_liberty\00534-1791252976.png,statue_of_liberty,synthetic
dataset_synthetic\train\statue_of_liberty\00455-818305458.png,statue_of_liberty,synthetic
dataset_synthetic\train\roman_colosseum\00174-1009224272.png,roman_colosseum,synthetic
dataset_synthetic\train\christ_the_reedemer\00094-2389616914.png,christ_the_reedemer,synthetic
dataset_synthetic\train\roman_colosseum\00170-1009224268.png,roman_colosseum,synthetic
dataset_synthetic\train\burj_khalifa\00183-2688549091.png,burj_khalifa,synthetic
dataset_synthetic\train\christ_the_reedemer\00205-1121220996.png,christ_the_reedemer,synthetic
dataset_synthetic\train\chichen_itza\00163-1856050875.png,chichen_itza,synthetic
dataset_synthetic\train\eiffel_tower\00186-45903232.png,eiffel_tower,synthetic
dataset_real\train\pyramids_of_giza\7f1f29ff35.jpg,pyramids_of_giza,real
dataset_synthetic\train\chichen_itza\00107-3888410418.png,chichen_itza,synthetic
dataset_real\train\christ_the_reedemer\4e7b01671e.jpg,christ_the_reedemer,real
dataset_synthetic\train\burj_khalifa\00095-4109332463.png,burj_khalifa,synthetic
dataset_real\train\roman_colosseum\e74be32f9d.jpg,roman_colosseum,real
dataset_synthetic\train\statue_of_liberty\00518-1791252960.png,statue_of_liberty,synthetic
dataset_real\train\statue_of_liberty\7f68ffa2ee.jpg,statue_of_liberty,real
dataset_real\train\christ_the_reedemer\8e049808ff.jpg,christ_the_reedemer,real
dataset_synthetic\train\burj_khalifa\00057-3281528422.png,burj_khalifa,synthetic
dataset_synthetic\train\burj_khalifa\00046-3281528411.png,burj_khalifa,synthetic
dataset_real\train\pyramids_of_giza\ca8c63f498.jpg,pyramids_of_giza,real
dataset_synthetic\train\eiffel_tower\00101-3388316046.png,eiffel_tower,synthetic
dataset_real\train\roman_colosseum\376f16987c.jpg,roman_colosseum,real
dataset_synthetic\train\burj_khalifa\00289-2716773640.png,burj_khalifa,synthetic
dataset_synthetic\train\pyramids_of_giza\00151-2205670327.png,pyramids_of_giza,synthetic
dataset_synthetic\train\eiffel_tower\00051-1984749104.png,eiffel_tower,synthetic
dataset_synthetic\train\pyramids_of_giza\00040-2054659943.png,pyramids_of_giza,synthetic
dataset_synthetic\train\christ_the_reedemer\00235-2017116351.png,christ_the_reedemer,synthetic
dataset_synthetic\train\eiffel_tower\00003-3137921688.png,eiffel_tower,synthetic
dataset_synthetic\train\great_wall_of_china\00014-1860489314.png,great_wall_of_china,synthetic
dataset_synthetic\train\burj_khalifa\00099-4109332467.png,burj_khalifa,synthetic
dataset_real\train\great_wall_of_china\2726da7f5e.jpg,great_wall_of_china,real
dataset_synthetic\train\burj_khalifa\00250-2863073460.png,burj_khalifa,synthetic
dataset_real\train\eiffel_tower\3a6f69c123.jpg,eiffel_tower,real
dataset_real\train\pyramids_of_giza\99e5e6cb69.jpg,pyramids_of_giza,real
dataset_synthetic\train\chichen_itza\00039-2669227193.png,chichen_itza,synthetic
dataset_synthetic\train\roman_colosseum\00103-2343411950.png,roman_colosseum,synthetic
dataset_synthetic\train\christ_the_reedemer\00192-4094071618.png,christ_the_reedemer,synthetic
dataset_real\train\christ_the_reedemer\915307ad0e.jpg,christ_the_reedemer,real
dataset_real\train\roman_colosseum\e1dc8e5d52.jpg,roman_colosseum,real
dataset_synthetic\train\great_wall_of_china\00209-2026541317.png,great_wall_of_china,synthetic
dataset_synthetic\train\burj_khalifa\00058-3281528423.png,burj_khalifa,synthetic
dataset_real\train\christ_the_reedemer\f4580fd624.jpg,christ_the_reedemer,real
dataset_synthetic\train\eiffel_tower\00180-45903226.png,eiffel_tower,synthetic
dataset_real\train\great_wall_of_china\1076938ea2.jpg,great_wall_of_china,real
dataset_real\train\roman_colosseum\c336c55bc4.jpg,roman_colosseum,real
dataset_synthetic\train\burj_khalifa\00133-1813382821.png,burj_khalifa,synthetic
dataset_synthetic\train\eiffel_tower\00110-3388316055.png,eiffel_tower,synthetic
dataset_real\train\roman_colosseum\3d2ffab16d.jpg,roman_colosseum,real
dataset_synthetic\train\roman_colosseum\00135-4069228237.png,roman_colosseum,synthetic
dataset_synthetic\train\chichen_itza\00179-1856050891.png,chichen_itza,synthetic
dataset_real\train\burj_khalifa\3d5b6ebd84.jpg,burj_khalifa,real
dataset_synthetic\train\burj_khalifa\00019-2682522072.png,burj_khalifa,synthetic
dataset_real\train\great_wall_of_china\603b1fe496.jpg,great_wall_of_china,real
dataset_synthetic\train\pyramids_of_giza\00113-942607771.png,pyramids_of_giza,synthetic
dataset_synthetic\train\chichen_itza\00129-1654904560.png,chichen_itza,synthetic
dataset_real\train\great_wall_of_china\76e91bd4a2.jpg,great_wall_of_china,real
dataset_synthetic\train\burj_khalifa\00025-2682522078.png,burj_khalifa,synthetic
dataset_synthetic\train\burj_khalifa\00072-3346071108.png,burj_khalifa,synthetic
dataset_synthetic\train\roman_colosseum\00002-3704602067.png,roman_colosseum,synthetic
dataset_synthetic\train\pyramids_of_giza\00003-4241466199.png,pyramids_of_giza,synthetic
dataset_real\train\burj_khalifa\0b738f98bb.jpg,burj_khalifa,real
dataset_synthetic\train\christ_the_reedemer\00131-3552515825.png,christ_the_reedemer,synthetic
dataset_real\train\statue_of_liberty\63b1c9dd7f.jpg,statue_of_liberty,real
dataset_synthetic\train\burj_khalifa\00123-1813382811.png,burj_khalifa,synthetic
dataset_synthetic\train\chichen_itza\00239-4190620876.png,chichen_itza,synthetic
dataset_synthetic\train\christ_the_reedemer\00208-1121220999.png,christ_the_reedemer,synthetic
dataset_synthetic\train\great_wall_of_china\00116-920026947.png,great_wall_of_china,synthetic
dataset_synthetic\train\pyramids_of_giza\00051-2054659954.png,pyramids_of_giza,synthetic
dataset_synthetic\train\pyramids_of_giza\00189-4087309968.png,pyramids_of_giza,synthetic
dataset_real\train\burj_khalifa\5356697831.jpg,burj_khalifa,real
dataset_synthetic\train\pyramids_of_giza\00013-4241466209.png,pyramids_of_giza,synthetic
dataset_synthetic\train\roman_colosseum\00022-3704602087.png,roman_colosseum,synthetic
dataset_synthetic\train\eiffel_tower\00194-45903240.png,eiffel_tower,synthetic
dataset_real\train\pyramids_of_giza\685e95d748.jpg,pyramids_of_giza,real
dataset_synthetic\train\pyramids_of_giza\00021-4241466217.png,pyramids_of_giza,synthetic
dataset_real\train\burj_khalifa\2bf04632bc.jpg,burj_khalifa,real
dataset_synthetic\train\pyramids_of_giza\00093-942607751.png,pyramids_of_giza,synthetic
dataset_synthetic\train\statue_of_liberty\00400-1169046311.png,statue_of_liberty,synthetic
dataset_synthetic\train\eiffel_tower\00114-3388316059.png,eiffel_tower,synthetic
dataset_synthetic\train\pyramids_of_giza\00142-962878680.png,pyramids_of_giza,synthetic
dataset_real\train\christ_the_reedemer\a716bb9f85.jpg,christ_the_reedemer,real
dataset_synthetic\train\statue_of_liberty\00545-3937903689.png,statue_of_liberty,synthetic
dataset_synthetic\train\pyramids_of_giza\00281-39524426.png,pyramids_of_giza,synthetic
dataset_synthetic\train\great_wall_of_china\00192-2026541300.png,great_wall_of_china,synthetic
dataset_synthetic\train\burj_khalifa\00280-2716773631.png,burj_khalifa,synthetic
dataset_synthetic\train\christ_the_reedemer\00122-3552515816.png,christ_the_reedemer,synthetic
dataset_synthetic\train\pyramids_of_giza\00169-2205670345.png,pyramids_of_giza,synthetic
dataset_synthetic\train\pyramids_of_giza\00124-962878662.png,pyramids_of_giza,synthetic
dataset_synthetic\train\chichen_itza\00245-1829905830.png,chichen_itza,synthetic
dataset_synthetic\train\chichen_itza\00253-1829905838.png,chichen_itza,synthetic
dataset_synthetic\train\statue_of_liberty\00590-3964871339.png,statue_of_liberty,synthetic
dataset_real\train\eiffel_tower\2ed08fc098.jpg,eiffel_tower,real
dataset_synthetic\train\roman_colosseum\00145-4069228247.png,roman_colosseum,synthetic
dataset_real\train\eiffel_tower\8d610302a1.jpg,eiffel_tower,real
dataset_real\train\roman_colosseum\3204077f16.jpg,roman_colosseum,real
dataset_real\train\great_wall_of_china\c1516efd5b.jpg,great_wall_of_china,real
dataset_real\train\chichen_itza\14a2811999.jpg,chichen_itza,real
dataset_synthetic\train\christ_the_reedemer\00296-2284744745.png,christ_the_reedemer,synthetic
dataset_synthetic\train\christ_the_reedemer\00113-3552515807.png,christ_the_reedemer,synthetic
dataset_synthetic\train\burj_khalifa\00024-2682522077.png,burj_khalifa,synthetic
dataset_real\train\great_wall_of_china\c052a4883a.jpg,great_wall_of_china,real
dataset_synthetic\train\statue_of_liberty\00451-818305454.png,statue_of_liberty,synthetic
dataset_real\train\eiffel_tower\dc4b0a717a.jpg,eiffel_tower,real
dataset_synthetic\train\statue_of_liberty\00608-4055323045.png,statue_of_liberty,synthetic
dataset_synthetic\train\pyramids_of_giza\00084-2984508836.png,pyramids_of_giza,synthetic
dataset_synthetic\train\christ_the_reedemer\00188-4094071614.png,christ_the_reedemer,synthetic
dataset_synthetic\train\burj_khalifa\00252-2863073462.png,burj_khalifa,synthetic
dataset_real\train\burj_khalifa\2c577f512c.jpg,burj_khalifa,real
dataset_synthetic\train\great_wall_of_china\00247-4085978413.png,great_wall_of_china,synthetic
dataset_synthetic\train\eiffel_tower\00016-3137921701.png,eiffel_tower,synthetic
dataset_real\train\chichen_itza\b2e11de210.jpg,chichen_itza,real
dataset_synthetic\train\roman_colosseum\00261-1881496556.png,roman_colosseum,synthetic
dataset_synthetic\train\eiffel_tower\00296-162160957.png,eiffel_tower,synthetic
dataset_real\train\statue_of_liberty\178e13da05.jpg,statue_of_liberty,real
dataset_synthetic\train\chichen_itza\00183-1342241938.png,chichen_itza,synthetic
dataset_real\train\roman_colosseum\6748ffa6ef.jpg,roman_colosseum,real
dataset_synthetic\train\great_wall_of_china\00272-1383148724.png,great_wall_of_china,synthetic
dataset_synthetic\train\statue_of_liberty\00614-4055323051.png,statue_of_liberty,synthetic
dataset_synthetic\train\burj_khalifa\00204-2688549112.png,burj_khalifa,synthetic
dataset_synthetic\train\statue_of_liberty\00635-2648309713.png,statue_of_liberty,synthetic
dataset_synthetic\train\statue_of_liberty\00529-1791252971.png,statue_of_liberty,synthetic
dataset_real\train\chichen_itza\5e2425e89f.jpg,chichen_itza,real
dataset_synthetic\train\chichen_itza\00149-1654904580.png,chichen_itza,synthetic
dataset_synthetic\train\pyramids_of_giza\00120-962878658.png,pyramids_of_giza,synthetic
dataset_synthetic\train\christ_the_reedemer\00293-2284744742.png,christ_the_reedemer,synthetic
dataset_synthetic\train\statue_of_liberty\00416-1169046327.png,statue_of_liberty,synthetic
dataset_synthetic\train\pyramids_of_giza\00197-4087309976.png,pyramids_of_giza,synthetic
dataset_real\train\eiffel_tower\286c0464bd.jpg,eiffel_tower,real
dataset_synthetic\train\eiffel_tower\00151-1848933950.png,eiffel_tower,synthetic
dataset_synthetic\train\chichen_itza\00176-1856050888.png,chichen_itza,synthetic
dataset_synthetic\train\great_wall_of_china\00132-2449295035.png,great_wall_of_china,synthetic
dataset_synthetic\train\eiffel_tower\00036-1984749089.png,eiffel_tower,synthetic
dataset_real\train\statue_of_liberty\a8090553d1.jpg,statue_of_liberty,real
dataset_synthetic\train\great_wall_of_china\00252-4085978418.png,great_wall_of_china,synthetic
dataset_real\train\burj_khalifa\920dd79025.jpg,burj_khalifa,real
dataset_synthetic\train\roman_colosseum\00035-2283819984.png,roman_colosseum,synthetic
dataset_real\train\chichen_itza\c8f2526e38.jpg,chichen_itza,real
dataset_synthetic\train\roman_colosseum\00233-1225658211.png,roman_colosseum,synthetic
dataset_synthetic\train\christ_the_reedemer\00172-4094071598.png,christ_the_reedemer,synthetic
dataset_synthetic\train\great_wall_of_china\00122-2449295025.png,great_wall_of_china,synthetic
dataset_synthetic\train\chichen_itza\00114-3888410425.png,chichen_itza,synthetic
dataset_real\train\chichen_itza\cbc0896021.jpg,chichen_itza,real
dataset_synthetic\train\roman_colosseum\00123-4069228225.png,roman_colosseum,synthetic
dataset_real\train\roman_colosseum\cc495a3ebe.jpg,roman_colosseum,real
dataset_synthetic\train\burj_khalifa\00077-3346071113.png,burj_khalifa,synthetic
dataset_real\train\christ_the_reedemer\f6954ee29a.jpg,christ_the_reedemer,real
dataset_synthetic\train\christ_the_reedemer\00308-2284744757.png,christ_the_reedemer,synthetic
dataset_synthetic\train\burj_khalifa\00051-3281528416.png,burj_khalifa,synthetic
dataset_synthetic\train\chichen_itza\00203-1342241958.png,chichen_itza,synthetic
dataset_synthetic\train\chichen_itza\00229-4190620866.png,chichen_itza,synthetic
dataset_synthetic\train\great_wall_of_china\00017-1860489317.png,great_wall_of_china,synthetic
dataset_synthetic\train\great_wall_of_china\00104-920026935.png,great_wall_of_china,synthetic
dataset_synthetic\train\roman_colosseum\00144-4069228246.png,roman_colosseum,synthetic
dataset_synthetic\train\pyramids_of_giza\00247-3340261357.png,pyramids_of_giza,synthetic
dataset_synthetic\train\christ_the_reedemer\00126-3552515820.png,christ_the_reedemer,synthetic
dataset_real\train\roman_colosseum\d101b4e8e1.jpg,roman_colosseum,real
dataset_synthetic\train\pyramids_of_giza\00153-2205670329.png,pyramids_of_giza,synthetic
dataset_synthetic\train\roman_colosseum\00189-1974243508.png,roman_colosseum,synthetic
dataset_synthetic\train\statue_of_liberty\00653-2648309731.png,statue_of_liberty,synthetic
dataset_synthetic\train\eiffel_tower\00018-3137921703.png,eiffel_tower,synthetic
dataset_synthetic\train\pyramids_of_giza\00182-4087309961.png,pyramids_of_giza,synthetic
dataset_real\train\great_wall_of_china\cc3b2a53ac.jpg,great_wall_of_china,real
dataset_synthetic\train\christ_the_reedemer\00249-2017116365.png,christ_the_reedemer,synthetic
dataset_real\train\great_wall_of_china\89abdcc4e4.jpg,great_wall_of_china,real
dataset_real\train\great_wall_of_china\30af964641.jpg,great_wall_of_china,real
dataset_synthetic\train\pyramids_of_giza\00001-4241466197.png,pyramids_of_giza,synthetic
dataset_real\train\chichen_itza\445124265c.jpg,chichen_itza,real
dataset_synthetic\train\chichen_itza\00238-4190620875.png,chichen_itza,synthetic
dataset_synthetic\train\christ_the_reedemer\00301-2284744750.png,christ_the_reedemer,synthetic
dataset_synthetic\train\great_wall_of_china\00177-1607761957.png,great_wall_of_china,synthetic
dataset_synthetic\train\eiffel_tower\00122-70550493.png,eiffel_tower,synthetic
dataset_real\train\burj_khalifa\9f73e1b414.jpg,burj_khalifa,real
dataset_synthetic\train\eiffel_tower\00044-1984749097.png,eiffel_tower,synthetic
dataset_synthetic\train\roman_colosseum\00275-241878730.png,roman_colosseum,synthetic
dataset_synthetic\train\great_wall_of_china\00015-1860489315.png,great_wall_of_china,synthetic
dataset_synthetic\train\burj_khalifa\00276-2716773627.png,burj_khalifa,synthetic
dataset_synthetic\train\statue_of_liberty\00434-3674376590.png,statue_of_liberty,synthetic
dataset_synthetic\train\burj_khalifa\00013-2682522066.png,burj_khalifa,synthetic
dataset_synthetic\train\burj_khalifa\00265-2863073475.png,burj_khalifa,synthetic
dataset_synthetic\train\burj_khalifa\00027-2682522080.png,burj_khalifa,synthetic
dataset_synthetic\train\great_wall_of_china\00146-2449295049.png,great_wall_of_china,synthetic
dataset_synthetic\train\eiffel_tower\00286-162160947.png,eiffel_tower,synthetic
dataset_real\train\roman_colosseum\99a2ac13a0.jpg,roman_colosseum,real
dataset_synthetic\train\pyramids_of_giza\00184-4087309963.png,pyramids_of_giza,synthetic
dataset_synthetic\train\eiffel_tower\00021-3137921706.png,eiffel_tower,synthetic
dataset_synthetic\train\chichen_itza\00106-3888410417.png,chichen_itza,synthetic
dataset_synthetic\train\pyramids_of_giza\00279-39524424.png,pyramids_of_giza,synthetic
dataset_real\train\eiffel_tower\613738eb7b.jpg,eiffel_tower,real
dataset_synthetic\train\eiffel_tower\00098-3388316043.png,eiffel_tower,synthetic
dataset_synthetic\train\great_wall_of_china\00032-1177815121.png,great_wall_of_china,synthetic
dataset_synthetic\train\burj_khalifa\00257-2863073467.png,burj_khalifa,synthetic
dataset_synthetic\train\pyramids_of_giza\00014-4241466210.png,pyramids_of_giza,synthetic
dataset_synthetic\train\christ_the_reedemer\00310-2284744759.png,christ_the_reedemer,synthetic
dataset_synthetic\train\pyramids_of_giza\00100-942607758.png,pyramids_of_giza,synthetic
dataset_real\train\roman_colosseum\b4a3d0542d.jpg,roman_colosseum,real
dataset_synthetic\train\roman_colosseum\00158-1009224256.png,roman_colosseum,synthetic
dataset_real\train\chichen_itza\33cb7caa5d.jpg,chichen_itza,real
dataset_synthetic\train\roman_colosseum\00066-1525667156.png,roman_colosseum,synthetic
dataset_synthetic\train\pyramids_of_giza\00134-962878672.png,pyramids_of_giza,synthetic
dataset_real\train\great_wall_of_china\06302f21b8.jpg,great_wall_of_china,real
dataset_real\train\great_wall_of_china\953841af91.jpg,great_wall_of_china,real
dataset_synthetic\train\christ_the_reedemer\00134-3552515828.png,christ_the_reedemer,synthetic
dataset_synthetic\train\roman_colosseum\00134-4069228236.png,roman_colosseum,synthetic
dataset_synthetic\train\pyramids_of_giza\00033-2054659936.png,pyramids_of_giza,synthetic
dataset_synthetic\train\statue_of_liberty\00419-3674376575.png,statue_of_liberty,synthetic
dataset_synthetic\train\chichen_itza\00251-1829905836.png,chichen_itza,synthetic
dataset_synthetic\train\statue_of_liberty\00628-2648309706.png,statue_of_liberty,synthetic
dataset_synthetic\train\chichen_itza\00067-2079455160.png,chichen_itza,synthetic
dataset_synthetic\train\burj_khalifa\00096-4109332464.png,burj_khalifa,synthetic
dataset_synthetic\train\statue_of_liberty\00527-1791252969.png,statue_of_liberty,synthetic
dataset_synthetic\train\roman_colosseum\00243-1881496538.png,roman_colosseum,synthetic
dataset_synthetic\train\eiffel_tower\00026-3137921711.png,eiffel_tower,synthetic
dataset_synthetic\train\great_wall_of_china\00259-4085978425.png,great_wall_of_china,synthetic
dataset_real\train\eiffel_tower\ef39d605ed.jpg,eiffel_tower,real
dataset_synthetic\train\great_wall_of_china\00212-4011577227.png,great_wall_of_china,synthetic
dataset_synthetic\train\pyramids_of_giza\00205-4087309984.png,pyramids_of_giza,synthetic
dataset_synthetic\train\great_wall_of_china\00053-1177815142.png,great_wall_of_china,synthetic
dataset_synthetic\train\roman_colosseum\00260-1881496555.png,roman_colosseum,synthetic
dataset_synthetic\train\chichen_itza\00232-4190620869.png,chichen_itza,synthetic
dataset_synthetic\train\christ_the_reedemer\00246-2017116362.png,christ_the_reedemer,synthetic
dataset_synthetic\train\great_wall_of_china\00089-2389887085.png,great_wall_of_china,synthetic
dataset_synthetic\train\burj_khalifa\00052-3281528417.png,burj_khalifa,synthetic
dataset_synthetic\train\great_wall_of_china\00049-1177815138.png,great_wall_of_china,synthetic
dataset_synthetic\train\christ_the_reedemer\00226-1121221017.png,christ_the_reedemer,synthetic
dataset_real\train\roman_colosseum\1730c92872.jpg,roman_colosseum,real
dataset_real\train\great_wall_of_china\66eb0f0562.jpg,great_wall_of_china,real
dataset_real\train\burj_khalifa\291295ce93.jpg,burj_khalifa,real
dataset_synthetic\train\christ_the_reedemer\00124-3552515818.png,christ_the_reedemer,synthetic
dataset_synthetic\train\roman_colosseum\00269-241878724.png,roman_colosseum,synthetic
dataset_synthetic\train\roman_colosseum\00025-3704602090.png,roman_colosseum,synthetic
dataset_synthetic\train\christ_the_reedemer\00186-4094071612.png,christ_the_reedemer,synthetic
dataset_real\train\pyramids_of_giza\c9553321b8.jpg,pyramids_of_giza,real
dataset_synthetic\train\burj_khalifa\00039-3281528404.png,burj_khalifa,synthetic
dataset_synthetic\train\christ_the_reedemer\00146-423565284.png,christ_the_reedemer,synthetic
dataset_real\train\statue_of_liberty\0eeddca2a6.jpg,statue_of_liberty,real
dataset_synthetic\train\roman_colosseum\00178-1974243497.png,roman_colosseum,synthetic
dataset_synthetic\train\statue_of_liberty\00596-3964871345.png,statue_of_liberty,synthetic
dataset_synthetic\train\burj_khalifa\00118-4109332486.png,burj_khalifa,synthetic
dataset_real\train\roman_colosseum\071fadc01d.jpg,roman_colosseum,real
dataset_synthetic\train\christ_the_reedemer\00193-4094071619.png,christ_the_reedemer,synthetic
dataset_synthetic\train\statue_of_liberty\00501-3884271025.png,statue_of_liberty,synthetic
dataset_synthetic\train\eiffel_tower\00050-1984749103.png,eiffel_tower,synthetic
dataset_synthetic\train\christ_the_reedemer\00221-1121221012.png,christ_the_reedemer,synthetic
dataset_synthetic\train\burj_khalifa\00010-2682522063.png,burj_khalifa,synthetic
dataset_real\train\chichen_itza\63b812f73c.jpg,chichen_itza,real
dataset_synthetic\train\pyramids_of_giza\00220-3159135359.png,pyramids_of_giza,synthetic
dataset_real\train\eiffel_tower\6bfa9a264b.jpg,eiffel_tower,real
dataset_synthetic\train\statue_of_liberty\00447-3674376603.png,statue_of_liberty,synthetic
dataset_synthetic\train\chichen_itza\00008-817939083.png,chichen_itza,synthetic
dataset_synthetic\train\christ_the_reedemer\00220-1121221011.png,christ_the_reedemer,synthetic
dataset_real\train\eiffel_tower\8c3b25af89.jpg,eiffel_tower,real
dataset_synthetic\train\burj_khalifa\00009-2682522062.png,burj_khalifa,synthetic
dataset_synthetic\train\statue_of_liberty\00395-1169046306.png,statue_of_liberty,synthetic
dataset_synthetic\train\statue_of_liberty\00492-3884271016.png,statue_of_liberty,synthetic
dataset_synthetic\train\roman_colosseum\00080-1525667170.png,roman_colosseum,synthetic
dataset_synthetic\train\eiffel_tower\00060-2409094494.png,eiffel_tower,synthetic
dataset_synthetic\train\great_wall_of_china\00186-2026541294.png,great_wall_of_china,synthetic
dataset_synthetic\train\burj_khalifa\00050-3281528415.png,burj_khalifa,synthetic
dataset_synthetic\train\christ_the_reedemer\00108-2389616928.png,christ_the_reedemer,synthetic
dataset_real\train\great_wall_of_china\a37e27cce9.jpg,great_wall_of_china,real
dataset_synthetic\train\eiffel_tower\00033-1984749086.png,eiffel_tower,synthetic
dataset_synthetic\train\christ_the_reedemer\00245-2017116361.png,christ_the_reedemer,synthetic
dataset_synthetic\train\roman_colosseum\00240-1881496535.png,roman_colosseum,synthetic
dataset_synthetic\train\great_wall_of_china\00249-4085978415.png,great_wall_of_china,synthetic
dataset_real\train\pyramids_of_giza\3b3c04439d.jpg,pyramids_of_giza,real
dataset_synthetic\train\chichen_itza\00016-354526603.png,chichen_itza,synthetic
dataset_synthetic\train\roman_colosseum\00181-1974243500.png,roman_colosseum,synthetic
dataset_synthetic\train\chichen_itza\00026-817939101.png,chichen_itza,synthetic
dataset_real\train\great_wall_of_china\5b82b2a7c4.jpg,great_wall_of_china,real
dataset_synthetic\train\statue_of_liberty\00426-3674376582.png,statue_of_liberty,synthetic
dataset_real\train\roman_colosseum\d0b9ede882.jpg,roman_colosseum,real
dataset_synthetic\train\great_wall_of_china\00263-4085978429.png,great_wall_of_china,synthetic
dataset_synthetic\train\chichen_itza\00178-1856050890.png,chichen_itza,synthetic
dataset_real\train\pyramids_of_giza\05b68cee55.jpg,pyramids_of_giza,real
dataset_real\train\eiffel_tower\3a36573e15.jpg,eiffel_tower,real
dataset_real\train\pyramids_of_giza\12af36d7ba.jpg,pyramids_of_giza,real
dataset_synthetic\train\eiffel_tower\00273-162160934.png,eiffel_tower,synthetic
dataset_synthetic\train\roman_colosseum\00012-3704602077.png,roman_colosseum,synthetic
dataset_synthetic\train\eiffel_tower\00011-3137921696.png,eiffel_tower,synthetic
