image_id,file_name,class_name,split,source
1,0005487c0b.jpg,burj_khalifa,train,real
2,00d4a42317.jpg,burj_khalifa,train,real
3,01f75e9545.jpg,burj_khalifa,train,real
4,020f2c752c.jpg,burj_khalifa,train,real
5,0305f7ae7d.jpg,burj_khalifa,train,real
6,04d516ea7d.jpg,burj_khalifa,train,real
7,04ecd64815.jpg,burj_khalifa,train,real
8,05168ad704.jpg,burj_khalifa,train,real
9,053b092881.jpg,burj_khalifa,train,real
10,0584420541.jpg,burj_khalifa,train,real
11,05a99296d0.jpg,burj_khalifa,train,real
12,066f9aec57.jpg,burj_khalifa,train,real
13,0676bc5d63.jpg,burj_khalifa,train,real
14,08c7c677a9.jpg,burj_khalifa,train,real
15,096c418030.jpg,burj_khalifa,train,real
16,096e9abf57.jpg,burj_khalifa,train,real
17,0acec17a29.jpg,burj_khalifa,train,real
18,0b43bb429b.jpg,burj_khalifa,train,real
19,0b738f98bb.jpg,burj_khalifa,train,real
20,0fd307e2fe.jpg,burj_khalifa,train,real
21,0fff5c5959.jpg,burj_khalifa,train,real
22,1152feeac0.jpg,burj_khalifa,train,real
23,124b6d2856.jpg,burj_khalifa,train,real
24,1461ce3074.jpg,burj_khalifa,train,real
25,1543ad4d7c.jpg,burj_khalifa,train,real
26,15fc2d4645.jpg,burj_khalifa,train,real
27,16a5e9b12a.jpg,burj_khalifa,train,real
28,18d0e3276e.jpg,burj_khalifa,train,real
29,194c0c33c1.jpg,burj_khalifa,train,real
30,1973b3cb71.jpg,burj_khalifa,train,real
31,19b08575e1.jpg,burj_khalifa,train,real
32,1a67bd317b.jpg,burj_khalifa,train,real
33,1a81fe9ecb.jpg,burj_khalifa,train,real
34,1a8bec2b8d.jpg,burj_khalifa,train,real
35,1c772f558f.jpg,burj_khalifa,train,real
36,1d33e68a48.jpg,burj_khalifa,train,real
37,1d4da83ee3.jpg,burj_khalifa,train,real
38,1e906e0e39.jpg,burj_khalifa,train,real
39,203a8a413a.jpg,burj_khalifa,train,real
40,208f7bd86a.jpg,burj_khalifa,train,real
41,2240fed2dd.jpg,burj_khalifa,train,real
42,237a706017.jpg,burj_khalifa,train,real
43,237bcae843.jpg,burj_khalifa,train,real
44,23a03674d4.jpg,burj_khalifa,train,real
45,248edd395c.jpg,burj_khalifa,train,real
46,24a32bc937.jpg,burj_khalifa,train,real
47,24dbf74fff.jpg,burj_khalifa,train,real
48,280ed22c98.jpg,burj_khalifa,train,real
49,291295ce93.jpg,burj_khalifa,train,real
50,29363c293e.jpg,burj_khalifa,train,real
51,29e446f509.jpg,burj_khalifa,train,real
52,2aca1617cc.jpg,burj_khalifa,train,real
53,2af80fb0c6.jpg,burj_khalifa,train,real
54,2b71aa169f.jpg,burj_khalifa,train,real
55,2b9d184edc.jpg,burj_khalifa,train,real
56,2bb2ccff62.jpg,burj_khalifa,train,real
57,2bf04632bc.jpg,burj_khalifa,train,real
58,2c577f512c.jpg,burj_khalifa,train,real
59,2f175481b3.jpg,burj_khalifa,train,real
60,2fa5e9103f.jpg,burj_khalifa,train,real
61,2ff7077a11.jpg,burj_khalifa,train,real
62,2ffc67ce94.jpg,burj_khalifa,train,real
63,301d26d9e9.jpg,burj_khalifa,train,real
64,30f617e913.jpg,burj_khalifa,train,real
65,311bd008f4.jpg,burj_khalifa,train,real
66,3378ec195d.jpg,burj_khalifa,train,real
67,33f0dfe5af.jpg,burj_khalifa,train,real
68,34ef2b16d4.jpg,burj_khalifa,train,real
69,357b6f2ddd.jpg,burj_khalifa,train,real
70,35de78ee3f.jpg,burj_khalifa,train,real
71,3636892765.jpg,burj_khalifa,train,real
72,3736b34793.jpg,burj_khalifa,train,real
73,379cc156c5.jpg,burj_khalifa,train,real
74,38af4aa48c.jpg,burj_khalifa,train,real
75,3963035323.jpg,burj_khalifa,train,real
76,3a800dfcd5.jpg,burj_khalifa,train,real
77,3afd543286.jpg,burj_khalifa,train,real
78,3b5a0083df.jpg,burj_khalifa,train,real
79,3d42125b29.jpg,burj_khalifa,train,real
80,3d5b6ebd84.jpg,burj_khalifa,train,real
81,3eb3aecc41.jpg,burj_khalifa,train,real
82,41ee1bbd47.jpg,burj_khalifa,train,real
83,432adf1b23.jpg,burj_khalifa,train,real
84,44438a0fa9.jpg,burj_khalifa,train,real
85,449f17a1a5.jpg,burj_khalifa,train,real
86,4597b268ec.jpg,burj_khalifa,train,real
87,462accb957.jpg,burj_khalifa,train,real
88,4760aea9e7.jpg,burj_khalifa,train,real
89,4993e9d4e6.jpg,burj_khalifa,train,real
90,4a21c706b3.jpg,burj_khalifa,train,real
91,4a7cfc94b2.jpg,burj_khalifa,train,real
92,4ae399a2b7.jpg,burj_khalifa,train,real
93,4b8ec72cb0.jpg,burj_khalifa,train,real
94,4ba4acc518.jpg,burj_khalifa,train,real
95,4bccd6da38.jpg,burj_khalifa,train,real
96,4bfa94cffd.jpg,burj_khalifa,train,real
97,4c290d10e5.jpg,burj_khalifa,train,real
98,4c82676443.jpg,burj_khalifa,train,real
99,4d2c89de07.jpg,burj_khalifa,train,real
100,4dca5e7716.jpg,burj_khalifa,train,real
101,4e848e4819.jpg,burj_khalifa,train,real
102,5011d79f48.jpg,burj_khalifa,train,real
103,50302374fc.jpg,burj_khalifa,train,real
104,50fad8df17.jpg,burj_khalifa,train,real
105,52231c5a0c.jpg,burj_khalifa,train,real
106,5347d837b9.jpg,burj_khalifa,train,real
107,5356697831.jpg,burj_khalifa,train,real
108,563b718da6.jpg,burj_khalifa,train,real
109,5683bf6592.jpg,burj_khalifa,train,real
110,5718650b2f.jpg,burj_khalifa,train,real
111,5746ac67c6.jpg,burj_khalifa,train,real
112,58c554aa68.jpg,burj_khalifa,train,real
113,58d618d685.jpg,burj_khalifa,train,real
114,58f2d3c10c.jpg,burj_khalifa,train,real
115,5b5ec7e9c7.jpg,burj_khalifa,train,real
116,5c134ac7e8.jpg,burj_khalifa,train,real
117,5d3ef1f668.jpg,burj_khalifa,train,real
118,5d4ebc6c1f.jpg,burj_khalifa,train,real
119,5e8dfdd74c.jpg,burj_khalifa,train,real
120,5f553775b2.jpg,burj_khalifa,train,real
121,61b6d2a58a.jpg,burj_khalifa,train,real
122,61cb69bc2a.jpg,burj_khalifa,train,real
123,642468ebf6.jpg,burj_khalifa,train,real
124,6532e3111e.jpg,burj_khalifa,train,real
125,65d27a42cb.jpg,burj_khalifa,train,real
126,6620217edb.jpg,burj_khalifa,train,real
127,6642cd4968.jpg,burj_khalifa,train,real
128,66b7d12341.jpg,burj_khalifa,train,real
129,67423bdc7a.jpg,burj_khalifa,train,real
130,6787f355b3.jpg,burj_khalifa,train,real
131,67da8c89bd.jpg,burj_khalifa,train,real
132,69397dfb72.jpg,burj_khalifa,train,real
133,6941977bff.jpg,burj_khalifa,train,real
134,69e06c0670.jpg,burj_khalifa,train,real
135,6a034e67d5.jpg,burj_khalifa,train,real
136,6b469a57c8.jpg,burj_khalifa,train,real
137,6b769d6f01.jpg,burj_khalifa,train,real
138,6c1c0425be.jpg,burj_khalifa,train,real
139,6d0cac7e48.jpg,burj_khalifa,train,real
140,6d47f76fdc.jpg,burj_khalifa,train,real
141,6fcaeb9c69.jpg,burj_khalifa,train,real
142,7077c9a1df.jpg,burj_khalifa,train,real
143,710733a6d7.jpg,burj_khalifa,train,real
144,73114ff74a.jpg,burj_khalifa,train,real
145,74b2259b32.jpg,burj_khalifa,train,real
146,79ae8da86c.jpg,burj_khalifa,train,real
147,7a73d9e23f.jpg,burj_khalifa,train,real
148,7af74d71a8.jpg,burj_khalifa,train,real
149,7f9c2b4780.jpg,burj_khalifa,train,real
150,7fb688266e.jpg,burj_khalifa,train,real
151,80314937d1.jpg,burj_khalifa,train,real
152,815fc3b3dc.jpg,burj_khalifa,train,real
153,8243a32f7e.jpg,burj_khalifa,train,real
154,82b59a21cc.jpg,burj_khalifa,train,real
155,834b071a2d.jpg,burj_khalifa,train,real
156,83508a5138.jpg,burj_khalifa,train,real
157,84853b9816.jpg,burj_khalifa,train,real
158,84c1a14745.jpg,burj_khalifa,train,real
159,851ef360cd.jpg,burj_khalifa,train,real
160,8687b0d09f.jpg,burj_khalifa,train,real
161,87337d1e62.jpg,burj_khalifa,train,real
162,876f37117d.jpg,burj_khalifa,train,real
163,883f2843d5.jpg,burj_khalifa,train,real
164,89cd50f28a.jpg,burj_khalifa,train,real
165,8ab28eb8c7.jpg,burj_khalifa,train,real
166,8bd6df5e9f.jpg,burj_khalifa,train,real
167,8df724e471.jpg,burj_khalifa,train,real
168,8e1ec69e83.jpg,burj_khalifa,train,real
169,90a4305c6e.jpg,burj_khalifa,train,real
170,91daf6e14c.jpg,burj_khalifa,train,real
171,920dd79025.jpg,burj_khalifa,train,real
172,92904d8d31.jpg,burj_khalifa,train,real
173,929d1904af.jpg,burj_khalifa,train,real
174,92eed9dbad.jpg,burj_khalifa,train,real
175,93ca26fa1b.jpg,burj_khalifa,train,real
176,94070a9c6e.jpg,burj_khalifa,train,real
177,9481e8c7e6.jpg,burj_khalifa,train,real
178,957522dd9e.jpg,burj_khalifa,train,real
179,97029103de.jpg,burj_khalifa,train,real
180,97fefbff37.jpg,burj_khalifa,train,real
181,997852f296.jpg,burj_khalifa,train,real
182,99d153a3f6.jpg,burj_khalifa,train,real
183,9a8434b9b3.jpg,burj_khalifa,train,real
184,9bc46b05fc.jpg,burj_khalifa,train,real
185,9c1c7613c0.jpg,burj_khalifa,train,real
186,9f73e1b414.jpg,burj_khalifa,train,real
187,9fcf9ae2c3.jpg,burj_khalifa,train,real
188,a04fc5fdb7.jpg,burj_khalifa,train,real
189,a0737c4eec.jpg,burj_khalifa,train,real
190,a26f1c6687.jpg,burj_khalifa,train,real
191,a3662fa504.jpg,burj_khalifa,train,real
192,a5794f0c69.jpg,burj_khalifa,train,real
193,a59d2dea08.jpg,burj_khalifa,train,real
194,a5b18dd425.jpg,burj_khalifa,train,real
195,a6006baa22.jpg,burj_khalifa,train,real
196,a62155b4fb.jpg,burj_khalifa,train,real
197,a85964dc04.jpg,burj_khalifa,train,real
198,a8984dabd1.jpg,burj_khalifa,train,real
199,a89fe71fee.jpg,burj_khalifa,train,real
200,a9608e6c88.jpg,burj_khalifa,train,real
201,a9894a8a42.jpg,burj_khalifa,train,real
202,aa0042aafd.jpg,burj_khalifa,train,real
203,aab32734e6.jpg,burj_khalifa,train,real
204,ab0fc9bd4b.jpg,burj_khalifa,train,real
205,aba23ce155.jpg,burj_khalifa,train,real
206,ac535dbef2.jpg,burj_khalifa,train,real
207,aca7b38030.jpg,burj_khalifa,train,real
208,aef3b58a74.jpg,burj_khalifa,train,real
209,b05514e581.jpg,burj_khalifa,train,real
210,b137adaca4.jpg,burj_khalifa,train,real
211,b17fbfe5d4.jpg,burj_khalifa,train,real
212,b1a2328f2f.jpg,burj_khalifa,train,real
213,b1bcfdd342.jpg,burj_khalifa,train,real
214,b26202a4ec.jpg,burj_khalifa,train,real
215,b299d5b709.jpg,burj_khalifa,train,real
216,b3041d146f.jpg,burj_khalifa,train,real
217,b3137af8fb.jpg,burj_khalifa,train,real
218,b345fdf815.jpg,burj_khalifa,train,real
219,b4271b8179.jpg,burj_khalifa,train,real
220,b4b4aa5aee.jpg,burj_khalifa,train,real
221,b4b880f524.jpg,burj_khalifa,train,real
222,b5b1ab2c08.jpg,burj_khalifa,train,real
223,b617a45810.jpg,burj_khalifa,train,real
224,b67773fb09.jpg,burj_khalifa,train,real
225,b6aad1aa18.jpg,burj_khalifa,train,real
226,b7875642b4.jpg,burj_khalifa,train,real
227,b7ed10d93d.jpg,burj_khalifa,train,real
228,b845526fac.jpg,burj_khalifa,train,real
229,ba1f994d0c.jpg,burj_khalifa,train,real
230,bab8569e75.jpg,burj_khalifa,train,real
231,bc28c40828.jpg,burj_khalifa,train,real
232,bd3c85679a.jpg,burj_khalifa,train,real
233,bdc36c7212.jpg,burj_khalifa,train,real
234,bdc93badbf.jpg,burj_khalifa,train,real
235,be19149ea6.jpg,burj_khalifa,train,real
236,bf2b351508.jpg,burj_khalifa,train,real
237,c13b4e84cb.jpg,burj_khalifa,train,real
238,c1500c7def.jpg,burj_khalifa,train,real
239,c16cf7c119.jpg,burj_khalifa,train,real
240,c18066d664.jpg,burj_khalifa,train,real
241,c20d1748c5.jpg,burj_khalifa,train,real
242,c2e4e0c60f.jpg,burj_khalifa,train,real
243,c337c69099.jpg,burj_khalifa,train,real
244,c6005f5527.jpg,burj_khalifa,train,real
245,c6348cfa39.jpg,burj_khalifa,train,real
246,c69277f391.jpg,burj_khalifa,train,real
247,c72f4d7382.jpg,burj_khalifa,train,real
248,c775cba119.jpg,burj_khalifa,train,real
249,c7d17d0d29.jpg,burj_khalifa,train,real
250,cabe50741f.jpg,burj_khalifa,train,real
251,cac1ff6043.jpg,burj_khalifa,train,real
252,cb3e7dc36d.jpg,burj_khalifa,train,real
253,cb8280356b.jpg,burj_khalifa,train,real
254,cb97acb7c6.jpg,burj_khalifa,train,real
255,cbc500b52e.jpg,burj_khalifa,train,real
256,cbfc94b99d.jpg,burj_khalifa,train,real
257,ccae0e0415.jpg,burj_khalifa,train,real
258,cee569860e.jpg,burj_khalifa,train,real
259,cf668db3ad.jpg,burj_khalifa,train,real
260,cfbbc602db.jpg,burj_khalifa,train,real
261,d002416c64.jpg,burj_khalifa,train,real
262,d1895ba144.jpg,burj_khalifa,train,real
263,d1c2ddf4af.jpg,burj_khalifa,train,real
264,d21d8fd2e3.jpg,burj_khalifa,train,real
265,d455e8f765.jpg,burj_khalifa,train,real
266,d5a3e44f1c.jpg,burj_khalifa,train,real
267,d5e2057fff.jpg,burj_khalifa,train,real
268,d6e3960c72.jpg,burj_khalifa,train,real
269,d7b84dba37.jpg,burj_khalifa,train,real
270,d9c2f4c542.jpg,burj_khalifa,train,real
271,d9d143eaaf.jpg,burj_khalifa,train,real
272,d9fabcc483.jpg,burj_khalifa,train,real
273,da8142207f.jpg,burj_khalifa,train,real
274,da89352db7.jpg,burj_khalifa,train,real
275,dab5bf98d7.jpg,burj_khalifa,train,real
276,db0f0e8be5.jpg,burj_khalifa,train,real
277,db39498828.jpg,burj_khalifa,train,real
278,db81194f2e.jpg,burj_khalifa,train,real
279,dbd91cc0ac.jpg,burj_khalifa,train,real
280,dc48ed490e.jpg,burj_khalifa,train,real
281,dc6c93dfc9.jpg,burj_khalifa,train,real
282,dce2599e63.jpg,burj_khalifa,train,real
283,df2d3229c3.jpg,burj_khalifa,train,real
284,dfca739e93.jpg,burj_khalifa,train,real
285,e0022a596e.jpg,burj_khalifa,train,real
286,e0bb60818b.jpg,burj_khalifa,train,real
287,e13127220c.jpg,burj_khalifa,train,real
288,e24a79a178.jpg,burj_khalifa,train,real
289,e3303501cc.jpg,burj_khalifa,train,real
290,e36f0bd579.jpg,burj_khalifa,train,real
291,e3e73e0de9.jpg,burj_khalifa,train,real
292,e40c868946.jpg,burj_khalifa,train,real
293,e7132245a9.jpg,burj_khalifa,train,real
294,e832d763f9.jpg,burj_khalifa,train,real
295,e866f8a83d.jpg,burj_khalifa,train,real
296,e924f29394.jpg,burj_khalifa,train,real
297,e9b9a20250.jpg,burj_khalifa,train,real
298,ea5a06804c.jpg,burj_khalifa,train,real
299,efc3137f40.jpg,burj_khalifa,train,real
300,f08e31b755.jpg,burj_khalifa,train,real
301,f0e54b09b4.jpg,burj_khalifa,train,real
302,f1b270fd6b.jpg,burj_khalifa,train,real
303,f273b2e3e0.jpg,burj_khalifa,train,real
304,f32fbeb896.jpg,burj_khalifa,train,real
305,f36da1f174.jpg,burj_khalifa,train,real
306,f42fe52e26.jpg,burj_khalifa,train,real
307,f4a1dd562d.jpg,burj_khalifa,train,real
308,f511119ac2.jpg,burj_khalifa,train,real
309,f56d29bf4c.jpg,burj_khalifa,train,real
310,f5bbcaaa8a.jpg,burj_khalifa,train,real
311,f5f0ca6dcc.jpg,burj_khalifa,train,real
312,f6c97547a7.jpg,burj_khalifa,train,real
313,f733e6161a.jpg,burj_khalifa,train,real
314,f76b1ec129.jpg,burj_khalifa,train,real
315,f80723e2ad.jpg,burj_khalifa,train,real
316,f8565e228d.jpg,burj_khalifa,train,real
317,f8f7f27cdd.jpg,burj_khalifa,train,real
318,f950da0d2f.jpg,burj_khalifa,train,real
319,f970c83605.jpg,burj_khalifa,train,real
320,f99ab3c1ac.jpg,burj_khalifa,train,real
321,f9fed30cb2.jpg,burj_khalifa,train,real
322,fadd5bf615.jpg,burj_khalifa,train,real
323,fb0de86583.jpg,burj_khalifa,train,real
324,fbac552124.jpg,burj_khalifa,train,real
325,fbb37a8046.jpg,burj_khalifa,train,real
326,fc9f68a3bd.jpg,burj_khalifa,train,real
327,ffabff3b21.jpg,burj_khalifa,train,real
328,009d3edc08.jpg,chichen_itza,train,real
329,0164d69c35.jpg,chichen_itza,train,real
330,02e66d36ca.jpg,chichen_itza,train,real
331,0520c73d20.jpg,chichen_itza,train,real
332,06ba691ad9.jpg,chichen_itza,train,real
333,074c7f9999.jpg,chichen_itza,train,real
334,0815e950f9.jpg,chichen_itza,train,real
335,092bf1cec3.jpg,chichen_itza,train,real
336,09d43020a7.jpg,chichen_itza,train,real
337,0a66edf951.jpg,chichen_itza,train,real
338,0b04a8cbfe.jpg,chichen_itza,train,real
339,0bcee0d77f.jpg,chichen_itza,train,real
340,102255bcf6.jpg,chichen_itza,train,real
341,10381cc757.jpg,chichen_itza,train,real
342,128447c447.jpg,chichen_itza,train,real
343,133d166bb9.jpg,chichen_itza,train,real
344,137c81c2e0.jpg,chichen_itza,train,real
345,146d3638b7.jpg,chichen_itza,train,real
346,14a2811999.jpg,chichen_itza,train,real
347,14c27c681d.jpg,chichen_itza,train,real
348,182b4ed0d6.jpg,chichen_itza,train,real
349,188af5d8f7.jpg,chichen_itza,train,real
350,192afc50d8.jpg,chichen_itza,train,real
351,1989793613.jpg,chichen_itza,train,real
352,19d69a598e.jpg,chichen_itza,train,real
353,1b678785ad.jpg,chichen_itza,train,real
354,1e88b4a8c5.jpg,chichen_itza,train,real
355,1ec5bc38aa.jpg,chichen_itza,train,real
356,1ecfd82522.jpg,chichen_itza,train,real
357,1ee0ea34de.jpg,chichen_itza,train,real
358,1f02697610.jpg,chichen_itza,train,real
359,21adc62f13.jpg,chichen_itza,train,real
360,222a84e9f5.jpg,chichen_itza,train,real
361,24c3388b1d.jpg,chichen_itza,train,real
362,2530e0fd44.jpg,chichen_itza,train,real
363,25a6b3d52e.jpg,chichen_itza,train,real
364,2614f7a5c7.jpg,chichen_itza,train,real
365,265314296c.jpg,chichen_itza,train,real
366,27160acbb7.jpg,chichen_itza,train,real
367,28006c09b3.jpg,chichen_itza,train,real
368,2929f91f5e.jpg,chichen_itza,train,real
369,297bd10d1e.jpg,chichen_itza,train,real
370,29ee7deb0c.jpg,chichen_itza,train,real
371,2b1fc6424e.jpg,chichen_itza,train,real
372,2b6df3e70c.jpg,chichen_itza,train,real
373,2d792d8337.jpg,chichen_itza,train,real
374,2f7ba05373.jpg,chichen_itza,train,real
375,2f8fb9139e.jpg,chichen_itza,train,real
376,32bca01d7a.jpg,chichen_itza,train,real
377,3326ece81d.jpg,chichen_itza,train,real
378,334efed51e.jpg,chichen_itza,train,real
379,33adf19554.jpg,chichen_itza,train,real
380,33cb7caa5d.jpg,chichen_itza,train,real
381,34e3f7ec56.jpg,chichen_itza,train,real
382,35c66d8faa.jpg,chichen_itza,train,real
383,3817037662.jpg,chichen_itza,train,real
384,3b2fe00c56.jpg,chichen_itza,train,real
385,3b7c811f32.jpg,chichen_itza,train,real
386,3ea368371f.jpg,chichen_itza,train,real
387,3fd9717053.jpg,chichen_itza,train,real
388,4048cb39e7.jpg,chichen_itza,train,real
389,40a42cba6a.jpg,chichen_itza,train,real
390,40cac344b6.jpg,chichen_itza,train,real
391,418164bc79.jpg,chichen_itza,train,real
392,4410e29bae.jpg,chichen_itza,train,real
393,445124265c.jpg,chichen_itza,train,real
394,44cb625a72.jpg,chichen_itza,train,real
395,451b2de9a8.jpg,chichen_itza,train,real
396,45de7c16c9.jpg,chichen_itza,train,real
397,46562d1e87.jpg,chichen_itza,train,real
398,46624ccf35.jpg,chichen_itza,train,real
399,482c7fd7d3.jpg,chichen_itza,train,real
400,498414d443.jpg,chichen_itza,train,real
401,4a45d3a6df.jpg,chichen_itza,train,real
402,4cfc94e3d3.jpg,chichen_itza,train,real
403,4e1756aae7.jpg,chichen_itza,train,real
404,4e194bbe49.jpg,chichen_itza,train,real
405,4e33f0793d.jpg,chichen_itza,train,real
406,4f4dcddb67.jpg,chichen_itza,train,real
407,4ffa5f8334.jpg,chichen_itza,train,real
408,50841fa5a1.jpg,chichen_itza,train,real
409,51a0e354d1.jpg,chichen_itza,train,real
410,51cc1d41c6.jpg,chichen_itza,train,real
411,534775f0d0.jpg,chichen_itza,train,real
412,53e24f7289.jpg,chichen_itza,train,real
413,577f97f437.jpg,chichen_itza,train,real
414,57d270bf14.jpg,chichen_itza,train,real
415,58c5d7abbb.jpg,chichen_itza,train,real
416,59a9abb96b.jpg,chichen_itza,train,real
417,59b69eec94.jpg,chichen_itza,train,real
418,5abf5d4e63.jpg,chichen_itza,train,real
419,5c1723040a.jpg,chichen_itza,train,real
420,5da14d6526.jpg,chichen_itza,train,real
421,5e1d59d983.jpg,chichen_itza,train,real
422,5e2425e89f.jpg,chichen_itza,train,real
423,6069a7927a.jpg,chichen_itza,train,real
424,608d93d5c2.jpg,chichen_itza,train,real
425,619727a75a.jpg,chichen_itza,train,real
426,63b812f73c.jpg,chichen_itza,train,real
427,646408c7b0.jpg,chichen_itza,train,real
428,6532050dd3.jpg,chichen_itza,train,real
429,65e134bbe7.jpg,chichen_itza,train,real
430,66158bf4d4.jpg,chichen_itza,train,real
431,666a76bcfb.jpg,chichen_itza,train,real
432,669fe43555.jpg,chichen_itza,train,real
433,66a64136ff.jpg,chichen_itza,train,real
434,67c3f7dd5e.jpg,chichen_itza,train,real
435,687ece74c3.jpg,chichen_itza,train,real
436,689c510571.jpg,chichen_itza,train,real
437,696bf42411.jpg,chichen_itza,train,real
438,698d8002fe.jpg,chichen_itza,train,real
439,6be8a487e6.jpg,chichen_itza,train,real
440,6c096c25a4.jpg,chichen_itza,train,real
441,6cec6dd5da.jpg,chichen_itza,train,real
442,6ddd3a9b97.jpg,chichen_itza,train,real
443,6e17190bc8.jpg,chichen_itza,train,real
444,6e2fb6b730.jpg,chichen_itza,train,real
445,6fa24f8dc9.jpg,chichen_itza,train,real
446,7035feed71.jpg,chichen_itza,train,real
447,70665b1f65.jpg,chichen_itza,train,real
448,718e8a326e.jpg,chichen_itza,train,real
449,719520eae8.jpg,chichen_itza,train,real
450,724eff0ef1.jpg,chichen_itza,train,real
451,738af97371.jpg,chichen_itza,train,real
452,7523331910.jpg,chichen_itza,train,real
453,762124a1bc.jpg,chichen_itza,train,real
454,762c159d47.jpg,chichen_itza,train,real
455,763fee21f5.jpg,chichen_itza,train,real
456,77dc6ac0b0.jpg,chichen_itza,train,real
457,7869e81f7c.jpg,chichen_itza,train,real
458,786e72091b.jpg,chichen_itza,train,real
459,7c57d05a52.jpg,chichen_itza,train,real
460,7cc766d3bc.jpg,chichen_itza,train,real
461,7d7e441656.jpg,chichen_itza,train,real
462,7eb994d484.jpg,chichen_itza,train,real
463,7f3fa3cc30.jpg,chichen_itza,train,real
464,7fe03ffb4d.jpg,chichen_itza,train,real
465,7fe80f9c1b.jpg,chichen_itza,train,real
466,80bb7f3934.jpg,chichen_itza,train,real
467,823a944e54.jpg,chichen_itza,train,real
468,84cb194960.jpg,chichen_itza,train,real
469,84d6c1a7fd.jpg,chichen_itza,train,real
470,84e218d6ed.jpg,chichen_itza,train,real
471,858e542a0d.jpg,chichen_itza,train,real
472,886afd69b5.jpg,chichen_itza,train,real
473,88fbfc1b57.jpg,chichen_itza,train,real
474,89670c9767.jpg,chichen_itza,train,real
475,89717eb77c.jpg,chichen_itza,train,real
476,89ef335542.jpg,chichen_itza,train,real
477,8a39dcce68.jpg,chichen_itza,train,real
478,8abad0d5f2.jpg,chichen_itza,train,real
479,8adf6f6c8d.jpg,chichen_itza,train,real
480,8ba971db31.jpg,chichen_itza,train,real
481,8c7cdd6ed0.jpg,chichen_itza,train,real
482,8cfd6cdc14.jpg,chichen_itza,train,real
483,8dba332964.jpg,chichen_itza,train,real
484,8e198f0118.jpg,chichen_itza,train,real
485,908f8bf9f9.jpg,chichen_itza,train,real
486,909e4747d3.jpg,chichen_itza,train,real
487,92671b87ee.jpg,chichen_itza,train,real
488,92dd44f031.jpg,chichen_itza,train,real
489,97767e703b.jpg,chichen_itza,train,real
490,9921f3cf8b.jpg,chichen_itza,train,real
491,9ad8b33170.jpg,chichen_itza,train,real
492,9ae954c240.jpg,chichen_itza,train,real
493,9cb654a471.jpg,chichen_itza,train,real
494,9eed4adadd.jpg,chichen_itza,train,real
495,9fce9093e5.jpg,chichen_itza,train,real
496,a03575ebe2.jpg,chichen_itza,train,real
497,a0b4222819.jpg,chichen_itza,train,real
498,a25aa203b5.jpg,chichen_itza,train,real
499,a380918f87.jpg,chichen_itza,train,real
500,a4908ccaa5.jpg,chichen_itza,train,real
501,a61fcc9809.jpg,chichen_itza,train,real
502,a6f6795202.jpg,chichen_itza,train,real
503,a7057010a6.jpg,chichen_itza,train,real
504,a7e699a9ed.jpg,chichen_itza,train,real
505,a81a93b4cd.jpg,chichen_itza,train,real
506,a83e19aabb.jpg,chichen_itza,train,real
507,aac0094ba3.jpg,chichen_itza,train,real
508,aaf568acf9.jpg,chichen_itza,train,real
509,ac85b99e35.jpg,chichen_itza,train,real
510,acab3cb8dd.jpg,chichen_itza,train,real
511,b2e11de210.jpg,chichen_itza,train,real
512,b3e967b6ae.jpg,chichen_itza,train,real
513,b44a670c65.jpg,chichen_itza,train,real
514,b6593a5c36.jpg,chichen_itza,train,real
515,b7f89e4db2.jpg,chichen_itza,train,real
516,b8a00574de.jpg,chichen_itza,train,real
517,ba8aedcc77.jpg,chichen_itza,train,real
518,bb3f6d65c2.jpg,chichen_itza,train,real
519,bbf8282f26.jpg,chichen_itza,train,real
520,bc33c08d0f.jpg,chichen_itza,train,real
521,c05ebb86ba.jpg,chichen_itza,train,real
522,c18176b6b4.jpg,chichen_itza,train,real
523,c1dcf37489.jpg,chichen_itza,train,real
524,c395c5a7d6.jpg,chichen_itza,train,real
525,c56a6ed2f4.jpg,chichen_itza,train,real
526,c58d298534.jpg,chichen_itza,train,real
527,c5983a99b9.jpg,chichen_itza,train,real
528,c5d22f6d7c.jpg,chichen_itza,train,real
529,c6345f9ee3.jpg,chichen_itza,train,real
530,c6a1598d04.jpg,chichen_itza,train,real
531,c756018121.jpg,chichen_itza,train,real
532,c76114bd73.jpg,chichen_itza,train,real
533,c8f2526e38.jpg,chichen_itza,train,real
534,c97cf15a24.jpg,chichen_itza,train,real
535,c9906677e1.jpg,chichen_itza,train,real
536,ca5d7b3fad.jpg,chichen_itza,train,real
537,cbbd9a4e70.jpg,chichen_itza,train,real
538,cbc0896021.jpg,chichen_itza,train,real
539,cbf09b934c.jpg,chichen_itza,train,real
540,cc89ae6754.jpg,chichen_itza,train,real
541,cca15cb57e.jpg,chichen_itza,train,real
542,ccaa3c0d5e.jpg,chichen_itza,train,real
543,cdd74da44c.jpg,chichen_itza,train,real
544,ce161ed02d.jpg,chichen_itza,train,real
545,cef5c7d05b.jpg,chichen_itza,train,real
546,d08aeef861.jpg,chichen_itza,train,real
547,d17ddfd954.jpg,chichen_itza,train,real
548,d1a8b033aa.jpg,chichen_itza,train,real
549,d32880411e.jpg,chichen_itza,train,real
550,d3c9c67ecb.jpg,chichen_itza,train,real
551,d3e56df743.jpg,chichen_itza,train,real
552,d4054a7c3b.jpg,chichen_itza,train,real
553,d4387e8c34.jpg,chichen_itza,train,real
554,d5b8168e80.jpg,chichen_itza,train,real
555,d5b85454e5.jpg,chichen_itza,train,real
556,d6211fe627.jpg,chichen_itza,train,real
557,d6f451b0c6.jpg,chichen_itza,train,real
558,d7c278d964.jpg,chichen_itza,train,real
559,d7d3aa7612.jpg,chichen_itza,train,real
560,d8b97f7b24.jpg,chichen_itza,train,real
561,d9c1d3054f.jpg,chichen_itza,train,real
562,db73f60cc4.jpg,chichen_itza,train,real
563,dbf445096c.jpg,chichen_itza,train,real
564,dcac16ed4c.jpg,chichen_itza,train,real
565,dd30579669.jpg,chichen_itza,train,real
566,dd5c16977f.jpg,chichen_itza,train,real
567,de013f227c.jpg,chichen_itza,train,real
568,de4485a08d.jpg,chichen_itza,train,real
569,de7192be53.jpg,chichen_itza,train,real
570,de9bada65c.jpg,chichen_itza,train,real
571,deac369f3e.jpg,chichen_itza,train,real
572,df0eab5946.jpg,chichen_itza,train,real
573,dfe2543e70.jpg,chichen_itza,train,real
574,e0150dde0f.jpg,chichen_itza,train,real
575,e027adb44b.jpg,chichen_itza,train,real
576,e22119068d.jpg,chichen_itza,train,real
577,e2419de786.jpg,chichen_itza,train,real
578,e27599a7fd.jpg,chichen_itza,train,real
579,e3a7af0b16.jpg,chichen_itza,train,real
580,e3d70f7415.jpg,chichen_itza,train,real
581,e42899ba36.jpg,chichen_itza,train,real
582,e5df7fa577.jpg,chichen_itza,train,real
583,e5fd400898.jpg,chichen_itza,train,real
584,e65a25495e.jpg,chichen_itza,train,real
585,e67c966027.jpg,chichen_itza,train,real
586,e7499a206e.jpg,chichen_itza,train,real
587,e7d0960390.jpg,chichen_itza,train,real
588,ea759401b4.jpg,chichen_itza,train,real
589,eeba4ea988.jpg,chichen_itza,train,real
590,eebe634d70.jpg,chichen_itza,train,real
591,efa20eeb1b.jpg,chichen_itza,train,real
592,efc02d7aec.jpg,chichen_itza,train,real
593,f0098cbeaf.jpg,chichen_itza,train,real
594,f171673afd.jpg,chichen_itza,train,real
595,f2b821eda9.jpg,chichen_itza,train,real
596,f3914f1067.jpg,chichen_itza,train,real
597,f3cb6662e5.jpg,chichen_itza,train,real
598,f70cb0525d.jpg,chichen_itza,train,real
599,fa2f1b5339.jpg,chichen_itza,train,real
600,fb74240f96.jpg,chichen_itza,train,real
601,fb9ff3f07b.jpg,chichen_itza,train,real
602,fbe5acae3f.jpg,chichen_itza,train,real
603,fd4e98075b.jpg,chichen_itza,train,real
604,fd5ad942c6.jpg,chichen_itza,train,real
605,fe3c406fe9.jpg,chichen_itza,train,real
606,fe7093eda8.jpg,chichen_itza,train,real
607,ff4f369bb1.jpg,chichen_itza,train,real
608,0055f98d2f.jpg,christ_the_reedemer,train,real
609,00b9b0a3ca.jpg,christ_the_reedemer,train,real
610,00d2585f75.jpg,christ_the_reedemer,train,real
611,0159a932dc.jpg,christ_the_reedemer,train,real
612,03a1d6f79a.jpg,christ_the_reedemer,train,real
613,03ae4f2fad.jpg,christ_the_reedemer,train,real
614,03c5f703b5.jpg,christ_the_reedemer,train,real
615,05fc038979.jpg,christ_the_reedemer,train,real
616,06ed855b8f.jpg,christ_the_reedemer,train,real
617,07c4bd3759.jpg,christ_the_reedemer,train,real
618,0ca3b8d570.jpg,christ_the_reedemer,train,real
619,0cf7c33e16.jpg,christ_the_reedemer,train,real
620,0d00878384.jpg,christ_the_reedemer,train,real
621,0e0236c5be.jpg,christ_the_reedemer,train,real
622,0ec562b1ba.jpg,christ_the_reedemer,train,real
623,0f6487db5b.jpg,christ_the_reedemer,train,real
624,100be00023.jpg,christ_the_reedemer,train,real
625,100ff59d51.jpg,christ_the_reedemer,train,real
626,10d04f4650.jpg,christ_the_reedemer,train,real
627,10fd694a01.jpg,christ_the_reedemer,train,real
628,1399f5befd.jpg,christ_the_reedemer,train,real
629,152b894c93.jpg,christ_the_reedemer,train,real
630,15f7dd0d2a.jpg,christ_the_reedemer,train,real
631,1625b6a023.jpg,christ_the_reedemer,train,real
632,1664dfaedc.jpg,christ_the_reedemer,train,real
633,1691033e8e.jpg,christ_the_reedemer,train,real
634,185baab42c.jpg,christ_the_reedemer,train,real
635,18fcb3b69c.jpg,christ_the_reedemer,train,real
636,1a9859d5d6.jpg,christ_the_reedemer,train,real
637,1acf33bd82.jpg,christ_the_reedemer,train,real
638,1fecb00390.jpg,christ_the_reedemer,train,real
639,210ba74414.jpg,christ_the_reedemer,train,real
640,21283baf94.jpg,christ_the_reedemer,train,real
641,21b9937532.jpg,christ_the_reedemer,train,real
642,22951b7757.jpg,christ_the_reedemer,train,real
643,22b69a9145.jpg,christ_the_reedemer,train,real
644,233d10e52d.jpg,christ_the_reedemer,train,real
645,259c7983d9.jpg,christ_the_reedemer,train,real
646,27020a9b7c.jpg,christ_the_reedemer,train,real
647,27761eb329.jpg,christ_the_reedemer,train,real
648,2a5fab9f9d.jpg,christ_the_reedemer,train,real
649,2ab08a71d6.jpg,christ_the_reedemer,train,real
650,2bb1d0a8e4.jpg,christ_the_reedemer,train,real
651,2c8dab432d.jpg,christ_the_reedemer,train,real
652,2fae8facde.jpg,christ_the_reedemer,train,real
653,2fb91f84ce.jpg,christ_the_reedemer,train,real
654,31115412c0.jpg,christ_the_reedemer,train,real
655,31a69a5597.jpg,christ_the_reedemer,train,real
656,324aee0832.jpg,christ_the_reedemer,train,real
657,33ec5052cf.jpg,christ_the_reedemer,train,real
658,34afb8df98.jpg,christ_the_reedemer,train,real
659,34b186265c.jpg,christ_the_reedemer,train,real
660,359fef2bc9.jpg,christ_the_reedemer,train,real
661,36f397c38d.jpg,christ_the_reedemer,train,real
662,39f3f7063f.jpg,christ_the_reedemer,train,real
663,39f8c2fc79.jpg,christ_the_reedemer,train,real
664,3b7428ec69.jpg,christ_the_reedemer,train,real
665,3b9974faa3.jpg,christ_the_reedemer,train,real
666,3bd41606ca.jpg,christ_the_reedemer,train,real
667,3d6470e199.jpg,christ_the_reedemer,train,real
668,3d78346aa8.jpg,christ_the_reedemer,train,real
669,3e144c461b.jpg,christ_the_reedemer,train,real
670,407d73bdec.jpg,christ_the_reedemer,train,real
671,40ade64c1e.jpg,christ_the_reedemer,train,real
672,4212f76cfc.jpg,christ_the_reedemer,train,real
673,425ae18366.jpg,christ_the_reedemer,train,real
674,4282cd1c31.jpg,christ_the_reedemer,train,real
675,4357930c7a.jpg,christ_the_reedemer,train,real
676,4362dea956.jpg,christ_the_reedemer,train,real
677,439f31fcaa.jpg,christ_the_reedemer,train,real
678,457c97a726.jpg,christ_the_reedemer,train,real
679,45fcb7ef2d.jpg,christ_the_reedemer,train,real
680,476abe9ced.jpg,christ_the_reedemer,train,real
681,49427a3725.jpg,christ_the_reedemer,train,real
682,4a017e8111.jpg,christ_the_reedemer,train,real
683,4a70608046.jpg,christ_the_reedemer,train,real
684,4aff519454.jpg,christ_the_reedemer,train,real
685,4c375bb4d8.jpg,christ_the_reedemer,train,real
686,4db3010416.jpg,christ_the_reedemer,train,real
687,4dc20e55a0.jpg,christ_the_reedemer,train,real
688,4dcddcda09.jpg,christ_the_reedemer,train,real
689,4e09777e7e.jpg,christ_the_reedemer,train,real
690,4e7b01671e.jpg,christ_the_reedemer,train,real
691,515fa4e2ea.jpg,christ_the_reedemer,train,real
692,5339bc9c82.jpg,christ_the_reedemer,train,real
693,554d2a59e1.jpg,christ_the_reedemer,train,real
694,56bca278a9.jpg,christ_the_reedemer,train,real
695,56febc0887.jpg,christ_the_reedemer,train,real
696,571c809eae.jpg,christ_the_reedemer,train,real
697,580eebd4fc.jpg,christ_the_reedemer,train,real
698,58a4935e74.jpg,christ_the_reedemer,train,real
699,58c6a92b8a.jpg,christ_the_reedemer,train,real
700,597d5960f9.jpg,christ_the_reedemer,train,real
701,5ae059b7a0.jpg,christ_the_reedemer,train,real
702,5b0a839a57.jpg,christ_the_reedemer,train,real
703,5e609b9019.jpg,christ_the_reedemer,train,real
704,5e8e2fc6f5.jpg,christ_the_reedemer,train,real
705,6067eba537.jpg,christ_the_reedemer,train,real
706,609ff64712.jpg,christ_the_reedemer,train,real
707,613e362e50.jpg,christ_the_reedemer,train,real
708,61f488a52f.jpg,christ_the_reedemer,train,real
709,622ad5a1a8.jpg,christ_the_reedemer,train,real
710,62926f692b.jpg,christ_the_reedemer,train,real
711,62f953fe53.jpg,christ_the_reedemer,train,real
712,630de83ac4.jpg,christ_the_reedemer,train,real
713,63706359ea.jpg,christ_the_reedemer,train,real
714,639c5f57fb.jpg,christ_the_reedemer,train,real
715,6515f17651.jpg,christ_the_reedemer,train,real
716,66e1f90a34.jpg,christ_the_reedemer,train,real
717,67218b252f.jpg,christ_the_reedemer,train,real
718,6781bc5dd1.jpg,christ_the_reedemer,train,real
719,6817e8faae.jpg,christ_the_reedemer,train,real
720,682c298d1c.jpg,christ_the_reedemer,train,real
721,685b03ebad.jpg,christ_the_reedemer,train,real
722,690ca68392.jpg,christ_the_reedemer,train,real
723,69b19d521b.jpg,christ_the_reedemer,train,real
724,69b439fca9.jpg,christ_the_reedemer,train,real
725,6a19038293.jpg,christ_the_reedemer,train,real
726,6acef1793c.jpg,christ_the_reedemer,train,real
727,6c32f5b030.jpg,christ_the_reedemer,train,real
728,6d8a037055.jpg,christ_the_reedemer,train,real
729,6df17e0331.jpg,christ_the_reedemer,train,real
730,705bd1666d.jpg,christ_the_reedemer,train,real
731,71a766dfa9.jpg,christ_the_reedemer,train,real
732,72cb559ead.jpg,christ_the_reedemer,train,real
733,7305be81b6.jpg,christ_the_reedemer,train,real
734,7390405e66.jpg,christ_the_reedemer,train,real
735,74641750cf.jpg,christ_the_reedemer,train,real
736,74fc726154.jpg,christ_the_reedemer,train,real
737,75e6c6f113.jpg,christ_the_reedemer,train,real
738,771171dcba.jpg,christ_the_reedemer,train,real
739,7738d132ca.jpg,christ_the_reedemer,train,real
740,774492cfd3.jpg,christ_the_reedemer,train,real
741,774632e09f.jpg,christ_the_reedemer,train,real
742,799c0d200b.jpg,christ_the_reedemer,train,real
743,79e9755e4d.jpg,christ_the_reedemer,train,real
744,7a2444d399.jpg,christ_the_reedemer,train,real
745,7af03f67ef.jpg,christ_the_reedemer,train,real
746,7ccb403e1c.jpg,christ_the_reedemer,train,real
747,8069387632.jpg,christ_the_reedemer,train,real
748,80c46f30a7.jpg,christ_the_reedemer,train,real
749,811c13681a.jpg,christ_the_reedemer,train,real
750,81285cdbd1.jpg,christ_the_reedemer,train,real
751,812df26853.jpg,christ_the_reedemer,train,real
752,83467a6646.jpg,christ_the_reedemer,train,real
753,83922f1936.jpg,christ_the_reedemer,train,real
754,851a254199.jpg,christ_the_reedemer,train,real
755,851ad52088.jpg,christ_the_reedemer,train,real
756,8525fcf6d0.jpg,christ_the_reedemer,train,real
757,8546f56928.jpg,christ_the_reedemer,train,real
758,87449ceee5.jpg,christ_the_reedemer,train,real
759,88d2d69380.jpg,christ_the_reedemer,train,real
760,8a30f1d2e9.jpg,christ_the_reedemer,train,real
761,8b13a6c1e7.jpg,christ_the_reedemer,train,real
762,8cfc33abec.jpg,christ_the_reedemer,train,real
763,8e049808ff.jpg,christ_the_reedemer,train,real
764,8f0e1706d4.jpg,christ_the_reedemer,train,real
765,8f72749b3b.jpg,christ_the_reedemer,train,real
766,8f861431d3.jpg,christ_the_reedemer,train,real
767,8fa0f7585a.jpg,christ_the_reedemer,train,real
768,9019b4d582.jpg,christ_the_reedemer,train,real
769,915307ad0e.jpg,christ_the_reedemer,train,real
770,9190c20ebc.jpg,christ_the_reedemer,train,real
771,92d2d32daf.jpg,christ_the_reedemer,train,real
772,98c0b63734.jpg,christ_the_reedemer,train,real
773,9a4de398b4.jpg,christ_the_reedemer,train,real
774,9a6e663f5f.jpg,christ_the_reedemer,train,real
775,9ced7331ca.jpg,christ_the_reedemer,train,real
776,9eab5170dd.jpg,christ_the_reedemer,train,real
777,9fb4f29072.jpg,christ_the_reedemer,train,real
778,9ffbf21353.jpg,christ_the_reedemer,train,real
779,a111300d9d.jpg,christ_the_reedemer,train,real
780,a11ff20717.jpg,christ_the_reedemer,train,real
781,a4cc5736ba.jpg,christ_the_reedemer,train,real
782,a516675ddd.jpg,christ_the_reedemer,train,real
783,a56800b488.jpg,christ_the_reedemer,train,real
784,a58b3ffeb8.jpg,christ_the_reedemer,train,real
785,a60bd44426.jpg,christ_the_reedemer,train,real
786,a716bb9f85.jpg,christ_the_reedemer,train,real
787,a788563b46.jpg,christ_the_reedemer,train,real
788,a9c627686f.jpg,christ_the_reedemer,train,real
789,aaef52ded5.jpg,christ_the_reedemer,train,real
790,ac3f9ab4fb.jpg,christ_the_reedemer,train,real
791,ad3b5fb0a3.jpg,christ_the_reedemer,train,real
792,af183b659a.jpg,christ_the_reedemer,train,real
793,b12d4ac951.jpg,christ_the_reedemer,train,real
794,b2b6be0971.jpg,christ_the_reedemer,train,real
795,b3109baff8.jpg,christ_the_reedemer,train,real
796,b3feb7dd1a.jpg,christ_the_reedemer,train,real
797,b45376dc33.jpg,christ_the_reedemer,train,real
798,b704dec6f6.jpg,christ_the_reedemer,train,real
799,b91bf5165f.jpg,christ_the_reedemer,train,real
800,b9f1c1bae2.jpg,christ_the_reedemer,train,real
801,b9fb367877.jpg,christ_the_reedemer,train,real
802,bac01cdab7.jpg,christ_the_reedemer,train,real
803,bc292a4c0a.jpg,christ_the_reedemer,train,real
804,bc72c24a4e.jpg,christ_the_reedemer,train,real
805,bde250825c.jpg,christ_the_reedemer,train,real
806,bed942ec92.jpg,christ_the_reedemer,train,real
807,bf1ce82755.jpg,christ_the_reedemer,train,real
808,bfe3eacc80.jpg,christ_the_reedemer,train,real
809,c188fb4c7f.jpg,christ_the_reedemer,train,real
810,c2b3cdeb0d.jpg,christ_the_reedemer,train,real
811,c2c32dc7a4.jpg,christ_the_reedemer,train,real
812,c382751b09.jpg,christ_the_reedemer,train,real
813,c433e9ed27.jpg,christ_the_reedemer,train,real
814,c4a54afd6d.jpg,christ_the_reedemer,train,real
815,c67ff43f6c.jpg,christ_the_reedemer,train,real
816,c85a4b2299.jpg,christ_the_reedemer,train,real
817,c9078e7244.jpg,christ_the_reedemer,train,real
818,c947b3910a.jpg,christ_the_reedemer,train,real
819,ca6af661c7.jpg,christ_the_reedemer,train,real
820,cb3a4e981b.jpg,christ_the_reedemer,train,real
821,cc7287ab51.jpg,christ_the_reedemer,train,real
822,ce7f867b41.jpg,christ_the_reedemer,train,real
823,cf137be24b.jpg,christ_the_reedemer,train,real
824,d03dfdc85b.jpg,christ_the_reedemer,train,real
825,d07a4ca091.jpg,christ_the_reedemer,train,real
826,d0d8f236eb.jpg,christ_the_reedemer,train,real
827,d0f59a3aaf.jpg,christ_the_reedemer,train,real
828,d1e0d9a316.jpg,christ_the_reedemer,train,real
829,d20d898886.jpg,christ_the_reedemer,train,real
830,d24aa5897d.jpg,christ_the_reedemer,train,real
831,d3eec296fd.jpg,christ_the_reedemer,train,real
832,d4c7b8d9ab.jpg,christ_the_reedemer,train,real
833,d55311638c.jpg,christ_the_reedemer,train,real
834,d5dc2e3c26.jpg,christ_the_reedemer,train,real
835,d5dd90b0fd.jpg,christ_the_reedemer,train,real
836,d8616f6e1e.jpg,christ_the_reedemer,train,real
837,da65b7ec6f.jpg,christ_the_reedemer,train,real
838,daa7d1baae.jpg,christ_the_reedemer,train,real
839,dad36f7aeb.jpg,christ_the_reedemer,train,real
840,daec5aab3e.jpg,christ_the_reedemer,train,real
841,db124fa59d.jpg,christ_the_reedemer,train,real
842,db1f314e4a.jpg,christ_the_reedemer,train,real
843,db6afdb118.jpg,christ_the_reedemer,train,real
844,dd7fefa685.jpg,christ_the_reedemer,train,real
845,ddd2b3de40.jpg,christ_the_reedemer,train,real
846,ddfc73ea22.jpg,christ_the_reedemer,train,real
847,df0cf59154.jpg,christ_the_reedemer,train,real
848,df41733056.jpg,christ_the_reedemer,train,real
849,e5f894d9c0.jpg,christ_the_reedemer,train,real
850,eb1be924c7.jpg,christ_the_reedemer,train,real
851,ee0ed0f698.jpg,christ_the_reedemer,train,real
852,ee99f9af98.jpg,christ_the_reedemer,train,real
853,eeec425db1.jpg,christ_the_reedemer,train,real
854,eefd9badab.jpg,christ_the_reedemer,train,real
855,f186ada32f.jpg,christ_the_reedemer,train,real
856,f201c758fa.jpg,christ_the_reedemer,train,real
857,f362c1df68.jpg,christ_the_reedemer,train,real
858,f4580fd624.jpg,christ_the_reedemer,train,real
859,f50290d940.jpg,christ_the_reedemer,train,real
860,f5c091cdaf.jpg,christ_the_reedemer,train,real
861,f6078a3b0c.jpg,christ_the_reedemer,train,real
862,f6954ee29a.jpg,christ_the_reedemer,train,real
863,f83a4dad42.jpg,christ_the_reedemer,train,real
864,f85a54bb69.jpg,christ_the_reedemer,train,real
865,f87c1ba0c0.jpg,christ_the_reedemer,train,real
866,f8dbee7d04.jpg,christ_the_reedemer,train,real
867,f9027f50a9.jpg,christ_the_reedemer,train,real
868,f981f5ce8e.jpg,christ_the_reedemer,train,real
869,fb0e23c75a.jpg,christ_the_reedemer,train,real
870,fce32691a9.jpg,christ_the_reedemer,train,real
871,0170656bec.jpg,eiffel_tower,train,real
872,01c365e719.jpg,eiffel_tower,train,real
873,01de31a300.jpg,eiffel_tower,train,real
874,01e2f36bd9.jpg,eiffel_tower,train,real
875,02d74069fc.jpg,eiffel_tower,train,real
876,0390cf61f1.jpg,eiffel_tower,train,real
877,053dbbfc98.jpg,eiffel_tower,train,real
878,07e2fb6c6c.jpg,eiffel_tower,train,real
879,09317df0a0.jpg,eiffel_tower,train,real
880,096ca11d0f.jpg,eiffel_tower,train,real
881,0970ee8661.jpg,eiffel_tower,train,real
882,0a071709df.jpg,eiffel_tower,train,real
883,0a3362b2c7.jpg,eiffel_tower,train,real
884,0a762bf841.jpg,eiffel_tower,train,real
885,0a9e227ca7.jpg,eiffel_tower,train,real
886,0bc691cbcc.jpg,eiffel_tower,train,real
887,0c157ad222.jpg,eiffel_tower,train,real
888,0e70c2acf7.jpg,eiffel_tower,train,real
889,0ebd10d3a4.jpg,eiffel_tower,train,real
890,11039e9ec9.jpg,eiffel_tower,train,real
891,16bca5f59f.jpg,eiffel_tower,train,real
892,17323c1092.jpg,eiffel_tower,train,real
893,17f0d90d62.jpg,eiffel_tower,train,real
894,18640ca306.jpg,eiffel_tower,train,real
895,186a61eb8c.jpg,eiffel_tower,train,real
896,188c8949c6.jpg,eiffel_tower,train,real
897,1921a00c87.jpg,eiffel_tower,train,real
898,1a2d5256fc.jpg,eiffel_tower,train,real
899,1a4c052723.jpg,eiffel_tower,train,real
900,1b9753fb06.jpg,eiffel_tower,train,real
901,1df2a601be.jpg,eiffel_tower,train,real
902,1e66e436ff.jpg,eiffel_tower,train,real
903,1f94335942.jpg,eiffel_tower,train,real
904,2137089d89.jpg,eiffel_tower,train,real
905,23931da021.jpg,eiffel_tower,train,real
906,24a499f5cf.jpg,eiffel_tower,train,real
907,274a4dbf5c.jpg,eiffel_tower,train,real
908,27b526287e.jpg,eiffel_tower,train,real
909,27de29068c.jpg,eiffel_tower,train,real
910,286c0464bd.jpg,eiffel_tower,train,real
911,28fed072f9.jpg,eiffel_tower,train,real
912,2a4680b7b0.jpg,eiffel_tower,train,real
913,2c24cdbd80.jpg,eiffel_tower,train,real
914,2ed08fc098.jpg,eiffel_tower,train,real
915,2f01029245.jpg,eiffel_tower,train,real
916,2f2f4b351e.jpg,eiffel_tower,train,real
917,2f4a069d27.jpg,eiffel_tower,train,real
918,304c42f98d.jpg,eiffel_tower,train,real
919,30e2522357.jpg,eiffel_tower,train,real
920,3195c24761.jpg,eiffel_tower,train,real
921,31a99a3151.jpg,eiffel_tower,train,real
922,329a737e80.jpg,eiffel_tower,train,real
923,32bbbd89d5.jpg,eiffel_tower,train,real
924,350a5ec75f.jpg,eiffel_tower,train,real
925,3627e0cc93.jpg,eiffel_tower,train,real
926,36280135a1.jpg,eiffel_tower,train,real
927,3663188221.jpg,eiffel_tower,train,real
928,38ec4924a5.jpg,eiffel_tower,train,real
929,3a33921677.jpg,eiffel_tower,train,real
930,3a36573e15.jpg,eiffel_tower,train,real
931,3a578dae57.jpg,eiffel_tower,train,real
932,3a6f69c123.jpg,eiffel_tower,train,real
933,3b44751ab6.jpg,eiffel_tower,train,real
934,3b94b960f5.jpg,eiffel_tower,train,real
935,3dd70ebde9.jpg,eiffel_tower,train,real
936,3e821b7933.jpg,eiffel_tower,train,real
937,3f62e1ab1a.jpg,eiffel_tower,train,real
938,3fad3a8e5a.jpg,eiffel_tower,train,real
939,404c5c0be6.jpg,eiffel_tower,train,real
940,41563e01dc.jpg,eiffel_tower,train,real
941,41f2c7e0b6.jpg,eiffel_tower,train,real
942,439d5f4581.jpg,eiffel_tower,train,real
943,43cf0ca34e.jpg,eiffel_tower,train,real
944,4459a7f143.jpg,eiffel_tower,train,real
945,4498a19509.jpg,eiffel_tower,train,real
946,454de3455f.jpg,eiffel_tower,train,real
947,4965357e5a.jpg,eiffel_tower,train,real
948,4ac4474a96.jpg,eiffel_tower,train,real
949,4ade3f4ad8.jpg,eiffel_tower,train,real
950,4ae2a66ad6.jpg,eiffel_tower,train,real
951,4aef8af349.jpg,eiffel_tower,train,real
952,4b9fdce923.jpg,eiffel_tower,train,real
953,4bcdd55ed5.jpg,eiffel_tower,train,real
954,4c3971d467.jpg,eiffel_tower,train,real
955,4c726172a2.jpg,eiffel_tower,train,real
956,4db1e659ee.jpg,eiffel_tower,train,real
957,4e8267c0ad.jpg,eiffel_tower,train,real
958,4eb8373b68.jpg,eiffel_tower,train,real
959,502172ae51.jpg,eiffel_tower,train,real
960,529f2c5833.jpg,eiffel_tower,train,real
961,53e3ad7e68.jpg,eiffel_tower,train,real
962,5481635176.jpg,eiffel_tower,train,real
963,5482926863.jpg,eiffel_tower,train,real
964,56a8ec7d31.jpg,eiffel_tower,train,real
965,56f1b73fbd.jpg,eiffel_tower,train,real
966,57102ee349.jpg,eiffel_tower,train,real
967,5886f0fdcf.jpg,eiffel_tower,train,real
968,58e8781e02.jpg,eiffel_tower,train,real
969,59a03ff71a.jpg,eiffel_tower,train,real
970,5ac53d220a.jpg,eiffel_tower,train,real
971,5b7d0d7ace.jpg,eiffel_tower,train,real
972,5bf0ec8641.jpg,eiffel_tower,train,real
973,5c2b4bb39a.jpg,eiffel_tower,train,real
974,5cb98fa219.jpg,eiffel_tower,train,real
975,5ddb9d4360.jpg,eiffel_tower,train,real
976,5e9c307445.jpg,eiffel_tower,train,real
977,5eb482edae.jpg,eiffel_tower,train,real
978,5eb6d2075c.jpg,eiffel_tower,train,real
979,5f213e2db5.jpg,eiffel_tower,train,real
980,5f6609ecee.jpg,eiffel_tower,train,real
981,601d402775.jpg,eiffel_tower,train,real
982,60bdc27448.jpg,eiffel_tower,train,real
983,61181c9227.jpg,eiffel_tower,train,real
984,613738eb7b.jpg,eiffel_tower,train,real
985,613a42aa99.jpg,eiffel_tower,train,real
986,61c2e26452.jpg,eiffel_tower,train,real
987,62145cc44e.jpg,eiffel_tower,train,real
988,639d371d54.jpg,eiffel_tower,train,real
989,676d66a41b.jpg,eiffel_tower,train,real
990,68b544dbfd.jpg,eiffel_tower,train,real
991,69627fd85b.jpg,eiffel_tower,train,real
992,6bd6bb7cab.jpg,eiffel_tower,train,real
993,6bfa9a264b.jpg,eiffel_tower,train,real
994,6bfda71059.jpg,eiffel_tower,train,real
995,6cfe909b12.jpg,eiffel_tower,train,real
996,6d58833ab9.jpg,eiffel_tower,train,real
997,6dc6d42663.jpg,eiffel_tower,train,real
998,6dc85d1a13.jpg,eiffel_tower,train,real
999,6f34f44839.jpg,eiffel_tower,train,real
1000,6ff4a47762.jpg,eiffel_tower,train,real
1001,7040304c45.jpg,eiffel_tower,train,real
1002,70534a1d53.jpg,eiffel_tower,train,real
1003,71103ecbe5.jpg,eiffel_tower,train,real
1004,720b377570.jpg,eiffel_tower,train,real
1005,7215039568.jpg,eiffel_tower,train,real
1006,7219545b14.jpg,eiffel_tower,train,real
1007,731b32faec.jpg,eiffel_tower,train,real
1008,739eaea0a2.jpg,eiffel_tower,train,real
1009,73a692b33d.jpg,eiffel_tower,train,real
1010,747740da05.jpg,eiffel_tower,train,real
1011,74fb9be35c.jpg,eiffel_tower,train,real
1012,7504a57fc4.jpg,eiffel_tower,train,real
1013,7540a70620.jpg,eiffel_tower,train,real
1014,7593f48a92.jpg,eiffel_tower,train,real
1015,765fc55acc.jpg,eiffel_tower,train,real
1016,772c4e8d83.jpg,eiffel_tower,train,real
1017,777f58de17.jpg,eiffel_tower,train,real
1018,78d02205ab.jpg,eiffel_tower,train,real
1019,795f26f60c.jpg,eiffel_tower,train,real
1020,79a789a49c.jpg,eiffel_tower,train,real
1021,7a087786ca.jpg,eiffel_tower,train,real
1022,7aa652503b.jpg,eiffel_tower,train,real
1023,7ae7f330c1.jpg,eiffel_tower,train,real
1024,7c54bb12d6.jpg,eiffel_tower,train,real
1025,7d4bbcc6de.jpg,eiffel_tower,train,real
1026,7de8ac6578.jpg,eiffel_tower,train,real
1027,7e8a6b209a.jpg,eiffel_tower,train,real
1028,7ed19565a7.jpg,eiffel_tower,train,real
1029,82a105b59e.jpg,eiffel_tower,train,real
1030,82e1bc1e0a.jpg,eiffel_tower,train,real
1031,832dd88e03.jpg,eiffel_tower,train,real
1032,8351606a65.jpg,eiffel_tower,train,real
1033,83edf16aa6.jpg,eiffel_tower,train,real
1034,8490cae8d4.jpg,eiffel_tower,train,real
1035,849b0bf591.jpg,eiffel_tower,train,real
1036,852e9995ef.jpg,eiffel_tower,train,real
1037,85b94fd46f.jpg,eiffel_tower,train,real
1038,85f5188324.jpg,eiffel_tower,train,real
1039,87bf8bb5b8.jpg,eiffel_tower,train,real
1040,88f6bdb4f4.jpg,eiffel_tower,train,real
1041,894c615a89.jpg,eiffel_tower,train,real
1042,8aabdfe30d.jpg,eiffel_tower,train,real
1043,8c3b25af89.jpg,eiffel_tower,train,real
1044,8c5a028087.jpg,eiffel_tower,train,real
1045,8d610302a1.jpg,eiffel_tower,train,real
1046,8d753ed5c9.jpg,eiffel_tower,train,real
1047,8e6fe7cfef.jpg,eiffel_tower,train,real
1048,8ee8182bb3.jpg,eiffel_tower,train,real
1049,8f8e0ada7c.jpg,eiffel_tower,train,real
1050,8fc4938a9d.jpg,eiffel_tower,train,real
1051,907dbaa5ac.jpg,eiffel_tower,train,real
1052,926d33dca3.jpg,eiffel_tower,train,real
1053,92b17d7d47.jpg,eiffel_tower,train,real
1054,9326871ae7.jpg,eiffel_tower,train,real
1055,936c74b6b3.jpg,eiffel_tower,train,real
1056,937231f451.jpg,eiffel_tower,train,real
1057,93ac48c62d.jpg,eiffel_tower,train,real
1058,93df9dd7c7.jpg,eiffel_tower,train,real
1059,9434fc769a.jpg,eiffel_tower,train,real
1060,9500395ea2.jpg,eiffel_tower,train,real
1061,95e4cd720c.jpg,eiffel_tower,train,real
1062,968ee9b6b3.jpg,eiffel_tower,train,real
1063,971b9df7ec.jpg,eiffel_tower,train,real
1064,97a1dda21e.jpg,eiffel_tower,train,real
1065,99869360b3.jpg,eiffel_tower,train,real
1066,9b265dec35.jpg,eiffel_tower,train,real
1067,9b36ea2d9d.jpg,eiffel_tower,train,real
1068,9bf2d501d4.jpg,eiffel_tower,train,real
1069,9d091d1981.jpg,eiffel_tower,train,real
1070,9d8be1396f.jpg,eiffel_tower,train,real
1071,9e7a10af0f.jpg,eiffel_tower,train,real
1072,9edc4a25d9.jpg,eiffel_tower,train,real
1073,9f058b14f4.jpg,eiffel_tower,train,real
1074,9f0e5caad3.jpg,eiffel_tower,train,real
1075,9f1960558d.jpg,eiffel_tower,train,real
1076,9fd72068a7.jpg,eiffel_tower,train,real
1077,a046ed5707.jpg,eiffel_tower,train,real
1078,a12f3e9f54.jpg,eiffel_tower,train,real
1079,a1e1d6fc88.jpg,eiffel_tower,train,real
1080,a4667188b5.jpg,eiffel_tower,train,real
1081,a47359b041.jpg,eiffel_tower,train,real
1082,a535791529.jpg,eiffel_tower,train,real
1083,a5c0183f6d.jpg,eiffel_tower,train,real
1084,a659c067a8.jpg,eiffel_tower,train,real
1085,a725e8440b.jpg,eiffel_tower,train,real
1086,a76f908095.jpg,eiffel_tower,train,real
1087,a8870c8ff3.jpg,eiffel_tower,train,real
1088,a94881a3c8.jpg,eiffel_tower,train,real
1089,aa457fd968.jpg,eiffel_tower,train,real
1090,abbf350d0c.jpg,eiffel_tower,train,real
1091,af065fa5ab.jpg,eiffel_tower,train,real
1092,afac94d805.jpg,eiffel_tower,train,real
1093,afad9031c8.jpg,eiffel_tower,train,real
1094,b112c7e338.jpg,eiffel_tower,train,real
1095,b357712d02.jpg,eiffel_tower,train,real
1096,b6a5f9e88c.jpg,eiffel_tower,train,real
1097,b6e6ae6e60.jpg,eiffel_tower,train,real
1098,b70ded6f6b.jpg,eiffel_tower,train,real
1099,b7950fd135.jpg,eiffel_tower,train,real
1100,b847ee74b0.jpg,eiffel_tower,train,real
1101,b85dc7d2cc.jpg,eiffel_tower,train,real
1102,b8634fc89f.jpg,eiffel_tower,train,real
1103,b9e497f546.jpg,eiffel_tower,train,real
1104,baddc5e71c.jpg,eiffel_tower,train,real
1105,bb09df3081.jpg,eiffel_tower,train,real
1106,bcac358921.jpg,eiffel_tower,train,real
1107,bd4c8437bd.jpg,eiffel_tower,train,real
1108,bd75b5963e.jpg,eiffel_tower,train,real
1109,beb6568a57.jpg,eiffel_tower,train,real
1110,bf518b8829.jpg,eiffel_tower,train,real
1111,bff33e66d0.jpg,eiffel_tower,train,real
1112,c0b3592514.jpg,eiffel_tower,train,real
1113,c242d69058.jpg,eiffel_tower,train,real
1114,c2b24cebed.jpg,eiffel_tower,train,real
1115,c3d97f9ab1.jpg,eiffel_tower,train,real
1116,c4a56f9ae0.jpg,eiffel_tower,train,real
1117,c4b10f15f8.jpg,eiffel_tower,train,real
1118,c64a0d7b26.jpg,eiffel_tower,train,real
1119,c652b53f0e.jpg,eiffel_tower,train,real
1120,c68b7093da.jpg,eiffel_tower,train,real
1121,c6b32e0835.jpg,eiffel_tower,train,real
1122,c6f3509e4c.jpg,eiffel_tower,train,real
1123,c80910ae49.jpg,eiffel_tower,train,real
1124,c823845e97.jpg,eiffel_tower,train,real
1125,c83f47ce86.jpg,eiffel_tower,train,real
1126,c8bed5098d.jpg,eiffel_tower,train,real
1127,c93ce4b3f3.jpg,eiffel_tower,train,real
1128,c9797cd9c2.jpg,eiffel_tower,train,real
1129,c9d0a3da4b.jpg,eiffel_tower,train,real
1130,c9e537d7ee.jpg,eiffel_tower,train,real
1131,ca0ecd48c1.jpg,eiffel_tower,train,real
1132,cb79c1db9e.jpg,eiffel_tower,train,real
1133,cc5e09d698.jpg,eiffel_tower,train,real
1134,ccd9e91047.jpg,eiffel_tower,train,real
1135,cd0d9d3278.jpg,eiffel_tower,train,real
1136,cde85f3125.jpg,eiffel_tower,train,real
1137,ce07cbee0c.jpg,eiffel_tower,train,real
1138,ce3a61ad1a.jpg,eiffel_tower,train,real
1139,cea8960bf5.jpg,eiffel_tower,train,real
1140,d0bba9b575.jpg,eiffel_tower,train,real
1141,d13b95f24a.jpg,eiffel_tower,train,real
1142,d143e7a939.jpg,eiffel_tower,train,real
1143,d34ac2c771.jpg,eiffel_tower,train,real
1144,d45ad221b3.jpg,eiffel_tower,train,real
1145,d48ebfe991.jpg,eiffel_tower,train,real
1146,d542f029d2.jpg,eiffel_tower,train,real
1147,d552705561.jpg,eiffel_tower,train,real
1148,d60c378d0a.jpg,eiffel_tower,train,real
1149,d60c486c0c.jpg,eiffel_tower,train,real
1150,d60cca8cba.jpg,eiffel_tower,train,real
1151,d6ef410cfc.jpg,eiffel_tower,train,real
1152,d90d95774e.jpg,eiffel_tower,train,real
1153,d95cde2cce.jpg,eiffel_tower,train,real
1154,d97d14f896.jpg,eiffel_tower,train,real
1155,da260973fc.jpg,eiffel_tower,train,real
1156,daa2a6a856.jpg,eiffel_tower,train,real
1157,dc4b0a717a.jpg,eiffel_tower,train,real
1158,de12f40f4f.jpg,eiffel_tower,train,real
1159,df813f0329.jpg,eiffel_tower,train,real
1160,dfc710d54f.jpg,eiffel_tower,train,real
1161,e01a64748e.jpg,eiffel_tower,train,real
1162,e09b84396d.jpg,eiffel_tower,train,real
1163,e207fa3115.jpg,eiffel_tower,train,real
1164,e2d27036a9.jpg,eiffel_tower,train,real
1165,e2f6bb9932.jpg,eiffel_tower,train,real
1166,e34bcaa200.jpg,eiffel_tower,train,real
1167,e359656db2.jpg,eiffel_tower,train,real
1168,e36e0774e1.jpg,eiffel_tower,train,real
1169,e49df1fc55.jpg,eiffel_tower,train,real
1170,e4df377c48.jpg,eiffel_tower,train,real
1171,e4e7d71d95.jpg,eiffel_tower,train,real
1172,e4ea62ca0c.jpg,eiffel_tower,train,real
1173,e573e4b976.jpg,eiffel_tower,train,real
1174,e581742e65.jpg,eiffel_tower,train,real
1175,e63f6a1cfe.jpg,eiffel_tower,train,real
1176,e73d7078cc.jpg,eiffel_tower,train,real
1177,e742658e17.jpg,eiffel_tower,train,real
1178,e74869c145.jpg,eiffel_tower,train,real
1179,e9629093c1.jpg,eiffel_tower,train,real
1180,e9dbe28098.jpg,eiffel_tower,train,real
1181,eb04847f4f.jpg,eiffel_tower,train,real
1182,ec4d06527e.jpg,eiffel_tower,train,real
1183,ec75764eb4.jpg,eiffel_tower,train,real
1184,ee13954adb.jpg,eiffel_tower,train,real
1185,ee1a353f80.jpg,eiffel_tower,train,real
1186,ee8bf58e3e.jpg,eiffel_tower,train,real
1187,ef39d605ed.jpg,eiffel_tower,train,real
1188,f00150af81.jpg,eiffel_tower,train,real
1189,f2acf08b98.jpg,eiffel_tower,train,real
1190,f45f26e48f.jpg,eiffel_tower,train,real
1191,f67acd8c15.jpg,eiffel_tower,train,real
1192,f76813eda9.jpg,eiffel_tower,train,real
1193,f790eaaee4.jpg,eiffel_tower,train,real
1194,f7fe42b6ea.jpg,eiffel_tower,train,real
1195,f81ad385d2.jpg,eiffel_tower,train,real
1196,f94f63a993.jpg,eiffel_tower,train,real
1197,f96c7b2c95.jpg,eiffel_tower,train,real
1198,fb7209bf8e.jpg,eiffel_tower,train,real
1199,fb728ec9cb.jpg,eiffel_tower,train,real
1200,fb921b596c.jpg,eiffel_tower,train,real
1201,ff2cb84a91.jpg,eiffel_tower,train,real
1202,01af05b441.jpg,great_wall_of_china,train,real
1203,027bc051a7.jpg,great_wall_of_china,train,real
1204,0309f8674f.jpg,great_wall_of_china,train,real
1205,0394697363.jpg,great_wall_of_china,train,real
1206,044c6b5c92.jpg,great_wall_of_china,train,real
1207,04fc79df99.jpg,great_wall_of_china,train,real
1208,0526000442.jpg,great_wall_of_china,train,real
1209,06302f21b8.jpg,great_wall_of_china,train,real
1210,06ee855d59.jpg,great_wall_of_china,train,real
1211,0859cceb85.jpg,great_wall_of_china,train,real
1212,09f1d7913c.jpg,great_wall_of_china,train,real
1213,0ac0152353.jpg,great_wall_of_china,train,real
1214,0afc6f3371.jpg,great_wall_of_china,train,real
1215,0b7d1f2f82.jpg,great_wall_of_china,train,real
1216,0c00c2ff24.jpg,great_wall_of_china,train,real
1217,0c257b5375.jpg,great_wall_of_china,train,real
1218,0c2ea8d7a2.jpg,great_wall_of_china,train,real
1219,0ee525e660.jpg,great_wall_of_china,train,real
1220,0fa8b9efe1.jpg,great_wall_of_china,train,real
1221,1076938ea2.jpg,great_wall_of_china,train,real
1222,11047390e1.jpg,great_wall_of_china,train,real
1223,11444f610d.jpg,great_wall_of_china,train,real
1224,121166d834.jpg,great_wall_of_china,train,real
1225,1393233ecd.jpg,great_wall_of_china,train,real
1226,13bbbc2349.jpg,great_wall_of_china,train,real
1227,1560a00599.jpg,great_wall_of_china,train,real
1228,163dc076ab.jpg,great_wall_of_china,train,real
1229,1684708419.jpg,great_wall_of_china,train,real
1230,16cb6bea9a.jpg,great_wall_of_china,train,real
1231,16d77ae652.jpg,great_wall_of_china,train,real
1232,172602f7d9.jpg,great_wall_of_china,train,real
1233,174c8a70ae.jpg,great_wall_of_china,train,real
1234,17628dd30d.jpg,great_wall_of_china,train,real
1235,184e5cf9b3.jpg,great_wall_of_china,train,real
1236,188adbaa13.jpg,great_wall_of_china,train,real
1237,18ae9fd69e.jpg,great_wall_of_china,train,real
1238,19e8c68ed8.jpg,great_wall_of_china,train,real
1239,1c37035bff.jpg,great_wall_of_china,train,real
1240,1c3c437354.jpg,great_wall_of_china,train,real
1241,1e63549b51.jpg,great_wall_of_china,train,real
1242,1eab8d7c47.jpg,great_wall_of_china,train,real
1243,1fd912db0f.jpg,great_wall_of_china,train,real
1244,20066e8954.jpg,great_wall_of_china,train,real
1245,202f2cf7c5.jpg,great_wall_of_china,train,real
1246,207018cddb.jpg,great_wall_of_china,train,real
1247,20b27edc62.jpg,great_wall_of_china,train,real
1248,231781bde0.jpg,great_wall_of_china,train,real
1249,2438ed1698.jpg,great_wall_of_china,train,real
1250,245e70df4a.jpg,great_wall_of_china,train,real
1251,249da8a9e6.jpg,great_wall_of_china,train,real
1252,2726da7f5e.jpg,great_wall_of_china,train,real
1253,27429cb1ca.jpg,great_wall_of_china,train,real
1254,2802a5897d.jpg,great_wall_of_china,train,real
1255,28bcb6b53a.jpg,great_wall_of_china,train,real
1256,2954245fa5.jpg,great_wall_of_china,train,real
1257,2b7de47436.jpg,great_wall_of_china,train,real
1258,2c3ba076dc.jpg,great_wall_of_china,train,real
1259,2d118386f3.jpg,great_wall_of_china,train,real
1260,2d8af13afa.jpg,great_wall_of_china,train,real
1261,2e76626e1b.jpg,great_wall_of_china,train,real
1262,2e83d3c061.jpg,great_wall_of_china,train,real
1263,2f884e4106.jpg,great_wall_of_china,train,real
1264,2fd26ca2a8.jpg,great_wall_of_china,train,real
1265,30af964641.jpg,great_wall_of_china,train,real
1266,30cf40da9c.jpg,great_wall_of_china,train,real
1267,30fb097819.jpg,great_wall_of_china,train,real
1268,315db234b0.jpg,great_wall_of_china,train,real
1269,31abb6f27e.jpg,great_wall_of_china,train,real
1270,321c3bd1b2.jpg,great_wall_of_china,train,real
1271,32ed4c99c9.jpg,great_wall_of_china,train,real
1272,335dc2d52e.jpg,great_wall_of_china,train,real
1273,343302f215.jpg,great_wall_of_china,train,real
1274,35d15499b2.jpg,great_wall_of_china,train,real
1275,38e796e88b.jpg,great_wall_of_china,train,real
1276,3918282d25.jpg,great_wall_of_china,train,real
1277,3a5db412fb.jpg,great_wall_of_china,train,real
1278,3c9198342e.jpg,great_wall_of_china,train,real
1279,3cbdc66bb6.jpg,great_wall_of_china,train,real
1280,3d09f12361.jpg,great_wall_of_china,train,real
1281,3d144987c7.jpg,great_wall_of_china,train,real
1282,3d468e977e.jpg,great_wall_of_china,train,real
1283,3d87a07793.jpg,great_wall_of_china,train,real
1284,3e4f177763.jpg,great_wall_of_china,train,real
1285,41e7f47c74.jpg,great_wall_of_china,train,real
1286,420d224418.jpg,great_wall_of_china,train,real
1287,44fb69047d.jpg,great_wall_of_china,train,real
1288,45584d4fa5.jpg,great_wall_of_china,train,real
1289,46f15c53e7.jpg,great_wall_of_china,train,real
1290,483e8af8ed.jpg,great_wall_of_china,train,real
1291,49000469bf.jpg,great_wall_of_china,train,real
1292,490cfa8ff9.jpg,great_wall_of_china,train,real
1293,4a7e45725e.jpg,great_wall_of_china,train,real
1294,4aa85ea323.jpg,great_wall_of_china,train,real
1295,4ad509749b.jpg,great_wall_of_china,train,real
1296,4d3b9fd67d.jpg,great_wall_of_china,train,real
1297,4d67fedd35.jpg,great_wall_of_china,train,real
1298,4db2accbbe.jpg,great_wall_of_china,train,real
1299,4eef28abe6.jpg,great_wall_of_china,train,real
1300,4ef46363c0.jpg,great_wall_of_china,train,real
1301,4f223a2771.jpg,great_wall_of_china,train,real
1302,4f587d7ff1.jpg,great_wall_of_china,train,real
1303,4f638a8df1.jpg,great_wall_of_china,train,real
1304,507b720d09.jpg,great_wall_of_china,train,real
1305,5101807fb7.jpg,great_wall_of_china,train,real
1306,5149550220.jpg,great_wall_of_china,train,real
1307,51af248853.jpg,great_wall_of_china,train,real
1308,539c545cbd.jpg,great_wall_of_china,train,real
1309,545adff321.jpg,great_wall_of_china,train,real
1310,54770ca268.jpg,great_wall_of_china,train,real
1311,54cc92b39b.jpg,great_wall_of_china,train,real
1312,5539ca65a5.jpg,great_wall_of_china,train,real
1313,55d60dd591.jpg,great_wall_of_china,train,real
1314,5735a9a170.jpg,great_wall_of_china,train,real
1315,57d5d9e450.jpg,great_wall_of_china,train,real
1316,58107ee307.jpg,great_wall_of_china,train,real
1317,581bc9d456.jpg,great_wall_of_china,train,real
1318,58a27f1424.jpg,great_wall_of_china,train,real
1319,58e5081c48.jpg,great_wall_of_china,train,real
1320,5962b989cc.jpg,great_wall_of_china,train,real
1321,5aedd4d3f9.jpg,great_wall_of_china,train,real
1322,5b82b2a7c4.jpg,great_wall_of_china,train,real
1323,5b9b29a127.jpg,great_wall_of_china,train,real
1324,5bcc69d401.jpg,great_wall_of_china,train,real
1325,5bfc5fd2f2.jpg,great_wall_of_china,train,real
1326,5cbeba5d0e.jpg,great_wall_of_china,train,real
1327,5d1f55b7d8.jpg,great_wall_of_china,train,real
1328,5d96bcaac0.jpg,great_wall_of_china,train,real
1329,5e0837b52e.jpg,great_wall_of_china,train,real
1330,5f07f845d0.jpg,great_wall_of_china,train,real
1331,603b1fe496.jpg,great_wall_of_china,train,real
1332,6072247ce4.jpg,great_wall_of_china,train,real
1333,61154098a1.jpg,great_wall_of_china,train,real
1334,618c74d8a3.jpg,great_wall_of_china,train,real
1335,61aa4144a4.jpg,great_wall_of_china,train,real
1336,6348d4b74f.jpg,great_wall_of_china,train,real
1337,66d86b95e9.jpg,great_wall_of_china,train,real
1338,66eb0f0562.jpg,great_wall_of_china,train,real
1339,67c260fe74.jpg,great_wall_of_china,train,real
1340,67c54c43fe.jpg,great_wall_of_china,train,real
1341,6813f55474.jpg,great_wall_of_china,train,real
1342,683f90fba8.jpg,great_wall_of_china,train,real
1343,686037f4ed.jpg,great_wall_of_china,train,real
1344,693554ad10.jpg,great_wall_of_china,train,real
1345,69f9f8c211.jpg,great_wall_of_china,train,real
1346,6a6d84b7de.jpg,great_wall_of_china,train,real
1347,6a7ea68bc4.jpg,great_wall_of_china,train,real
1348,6bb46fa29f.jpg,great_wall_of_china,train,real
1349,6d4d2db281.jpg,great_wall_of_china,train,real
1350,6df960b5fd.jpg,great_wall_of_china,train,real
1351,70989984ce.jpg,great_wall_of_china,train,real
1352,7275769bd7.jpg,great_wall_of_china,train,real
1353,7294870974.jpg,great_wall_of_china,train,real
1354,730b1ffc1e.jpg,great_wall_of_china,train,real
1355,739cdd5e42.jpg,great_wall_of_china,train,real
1356,73a92ea9ae.jpg,great_wall_of_china,train,real
1357,752f265d72.jpg,great_wall_of_china,train,real
1358,755afb26b8.jpg,great_wall_of_china,train,real
1359,758bb61af1.jpg,great_wall_of_china,train,real
1360,76df5ab4f6.jpg,great_wall_of_china,train,real
1361,76e91bd4a2.jpg,great_wall_of_china,train,real
1362,770b556613.jpg,great_wall_of_china,train,real
1363,77e0b647dc.jpg,great_wall_of_china,train,real
1364,77f8019298.jpg,great_wall_of_china,train,real
1365,7a3381181f.jpg,great_wall_of_china,train,real
1366,7b95db879e.jpg,great_wall_of_china,train,real
1367,7bb3741400.jpg,great_wall_of_china,train,real
1368,7d7f3ca45a.jpg,great_wall_of_china,train,real
1369,7dfcbbefaa.jpg,great_wall_of_china,train,real
1370,7e25160f82.jpg,great_wall_of_china,train,real
1371,7faff79242.jpg,great_wall_of_china,train,real
1372,80087c6e6d.jpg,great_wall_of_china,train,real
1373,81246ed24c.jpg,great_wall_of_china,train,real
1374,8137ce4ade.jpg,great_wall_of_china,train,real
1375,81844d1ccb.jpg,great_wall_of_china,train,real
1376,819754dbd5.jpg,great_wall_of_china,train,real
1377,82a031f8a2.jpg,great_wall_of_china,train,real
1378,82a8b8120d.jpg,great_wall_of_china,train,real
1379,845b24e83e.jpg,great_wall_of_china,train,real
1380,858e19422f.jpg,great_wall_of_china,train,real
1381,86115457bb.jpg,great_wall_of_china,train,real
1382,87e702018c.jpg,great_wall_of_china,train,real
1383,886683b325.jpg,great_wall_of_china,train,real
1384,887dd90649.jpg,great_wall_of_china,train,real
1385,88932c5720.jpg,great_wall_of_china,train,real
1386,88a0cc0105.jpg,great_wall_of_china,train,real
1387,89abc80782.jpg,great_wall_of_china,train,real
1388,89abdcc4e4.jpg,great_wall_of_china,train,real
1389,89dbd8d9b4.jpg,great_wall_of_china,train,real
1390,8a42bf036f.jpg,great_wall_of_china,train,real
1391,8a62b87c5c.jpg,great_wall_of_china,train,real
1392,8a77d0722a.jpg,great_wall_of_china,train,real
1393,8b228ed187.jpg,great_wall_of_china,train,real
1394,8b9aebdf79.jpg,great_wall_of_china,train,real
1395,8d4308805c.jpg,great_wall_of_china,train,real
1396,8e4f00ffc9.jpg,great_wall_of_china,train,real
1397,8e541f7340.jpg,great_wall_of_china,train,real
1398,90ef37ceff.jpg,great_wall_of_china,train,real
1399,9258e2ce31.jpg,great_wall_of_china,train,real
1400,92dfbce88d.jpg,great_wall_of_china,train,real
1401,94b375e8d9.jpg,great_wall_of_china,train,real
1402,953841af91.jpg,great_wall_of_china,train,real
1403,96ebb99118.jpg,great_wall_of_china,train,real
1404,974caa9b5b.jpg,great_wall_of_china,train,real
1405,97f381c0a2.jpg,great_wall_of_china,train,real
1406,98cc5c4a4f.jpg,great_wall_of_china,train,real
1407,9913e4fe7d.jpg,great_wall_of_china,train,real
1408,9c2fe7d210.jpg,great_wall_of_china,train,real
1409,9cedc23c36.jpg,great_wall_of_china,train,real
1410,9cf96cb325.jpg,great_wall_of_china,train,real
1411,9ed00bd82a.jpg,great_wall_of_china,train,real
1412,9fbbcc3ec6.jpg,great_wall_of_china,train,real
1413,9fcab33fff.jpg,great_wall_of_china,train,real
1414,a0abbf10e2.jpg,great_wall_of_china,train,real
1415,a0da6c005b.jpg,great_wall_of_china,train,real
1416,a1bf35a16e.jpg,great_wall_of_china,train,real
1417,a2f63cb709.jpg,great_wall_of_china,train,real
1418,a37e27cce9.jpg,great_wall_of_china,train,real
1419,a41cf0740a.jpg,great_wall_of_china,train,real
1420,a4483e978a.jpg,great_wall_of_china,train,real
1421,a4f7c97d50.jpg,great_wall_of_china,train,real
1422,a62a3926d0.jpg,great_wall_of_china,train,real
1423,a6dc1083cc.jpg,great_wall_of_china,train,real
1424,a9079de918.jpg,great_wall_of_china,train,real
1425,a934b21868.jpg,great_wall_of_china,train,real
1426,aa929c5d94.jpg,great_wall_of_china,train,real
1427,ab069f65de.jpg,great_wall_of_china,train,real
1428,ad76445bb4.jpg,great_wall_of_china,train,real
1429,ae5c72a45e.jpg,great_wall_of_china,train,real
1430,aec63bb32d.jpg,great_wall_of_china,train,real
1431,af10103055.jpg,great_wall_of_china,train,real
1432,af51e8d08c.jpg,great_wall_of_china,train,real
1433,aface0f3b2.jpg,great_wall_of_china,train,real
1434,b09f73025e.jpg,great_wall_of_china,train,real
1435,b0c83725f7.jpg,great_wall_of_china,train,real
1436,b1ab14dd7a.jpg,great_wall_of_china,train,real
1437,b610e14349.jpg,great_wall_of_china,train,real
1438,b6b329d76e.jpg,great_wall_of_china,train,real
1439,b6c752d90e.jpg,great_wall_of_china,train,real
1440,b77a3fc826.jpg,great_wall_of_china,train,real
1441,b84e0e0e54.jpg,great_wall_of_china,train,real
1442,b866e5005a.jpg,great_wall_of_china,train,real
1443,b9c9ea2b9c.jpg,great_wall_of_china,train,real
1444,ba7f33bd61.jpg,great_wall_of_china,train,real
1445,bb6143deb7.jpg,great_wall_of_china,train,real
1446,bde5500c47.jpg,great_wall_of_china,train,real
1447,bdfd13d6d6.jpg,great_wall_of_china,train,real
1448,bf05c4248e.jpg,great_wall_of_china,train,real
1449,c052a4883a.jpg,great_wall_of_china,train,real
1450,c05cd4b68a.jpg,great_wall_of_china,train,real
1451,c1122eb84b.jpg,great_wall_of_china,train,real
1452,c1516efd5b.jpg,great_wall_of_china,train,real
1453,c25edc9f18.jpg,great_wall_of_china,train,real
1454,c297c38a75.jpg,great_wall_of_china,train,real
1455,c2e632bbaa.jpg,great_wall_of_china,train,real
1456,c37f1d775a.jpg,great_wall_of_china,train,real
1457,c3814216a7.jpg,great_wall_of_china,train,real
1458,c3bdedb22a.jpg,great_wall_of_china,train,real
1459,c4aad6f5e2.jpg,great_wall_of_china,train,real
1460,c6345746dd.jpg,great_wall_of_china,train,real
1461,c76b1aa396.jpg,great_wall_of_china,train,real
1462,c7db945b45.jpg,great_wall_of_china,train,real
1463,c837739262.jpg,great_wall_of_china,train,real
1464,c842215fde.jpg,great_wall_of_china,train,real
1465,c8f45205f4.jpg,great_wall_of_china,train,real
1466,c939bcb0ed.jpg,great_wall_of_china,train,real
1467,ca00f6fe94.jpg,great_wall_of_china,train,real
1468,ca504ba3f6.jpg,great_wall_of_china,train,real
1469,cbe71cbba4.jpg,great_wall_of_china,train,real
1470,cc3b2a53ac.jpg,great_wall_of_china,train,real
1471,cd318b2fe9.jpg,great_wall_of_china,train,real
1472,cdf16e2879.jpg,great_wall_of_china,train,real
1473,cfcaa6d618.jpg,great_wall_of_china,train,real
1474,cfd27840f5.jpg,great_wall_of_china,train,real
1475,d0277ce3ba.jpg,great_wall_of_china,train,real
1476,d0d206979b.jpg,great_wall_of_china,train,real
1477,d0db2f30e5.jpg,great_wall_of_china,train,real
1478,d265a59fa4.jpg,great_wall_of_china,train,real
1479,d26d15c08e.jpg,great_wall_of_china,train,real
1480,d287f4e145.jpg,great_wall_of_china,train,real
1481,d42bdbcb78.jpg,great_wall_of_china,train,real
1482,d4c1eb9138.jpg,great_wall_of_china,train,real
1483,d4d20e833e.jpg,great_wall_of_china,train,real
1484,d4e7346d3c.jpg,great_wall_of_china,train,real
1485,d51517b70d.jpg,great_wall_of_china,train,real
1486,d6838aad77.jpg,great_wall_of_china,train,real
1487,d7fcff93e4.jpg,great_wall_of_china,train,real
1488,d92626bc45.jpg,great_wall_of_china,train,real
1489,da91434428.jpg,great_wall_of_china,train,real
1490,db2d051ad9.jpg,great_wall_of_china,train,real
1491,dc2e77c812.jpg,great_wall_of_china,train,real
1492,dd14eb46c0.jpg,great_wall_of_china,train,real
1493,dd2515c501.jpg,great_wall_of_china,train,real
1494,dd3c569511.jpg,great_wall_of_china,train,real
1495,ddc25d99b5.jpg,great_wall_of_china,train,real
1496,df4884144a.jpg,great_wall_of_china,train,real
1497,df705d67b6.jpg,great_wall_of_china,train,real
1498,dffabd21f0.jpg,great_wall_of_china,train,real
1499,e225c36217.jpg,great_wall_of_china,train,real
1500,e2f47a558d.jpg,great_wall_of_china,train,real
1501,e486f91122.jpg,great_wall_of_china,train,real
1502,e56e439f69.jpg,great_wall_of_china,train,real
1503,e5cb5f1d31.jpg,great_wall_of_china,train,real
1504,e6ea7e2dbe.jpg,great_wall_of_china,train,real
1505,e76d5a46fe.jpg,great_wall_of_china,train,real
1506,e7856b9b36.jpg,great_wall_of_china,train,real
1507,e857aeb042.jpg,great_wall_of_china,train,real
1508,e8a727d55e.jpg,great_wall_of_china,train,real
1509,e93d171578.jpg,great_wall_of_china,train,real
1510,e977173a0d.jpg,great_wall_of_china,train,real
1511,e9d83f329a.jpg,great_wall_of_china,train,real
1512,ea35e4ccaa.jpg,great_wall_of_china,train,real
1513,ea35f03fd4.jpg,great_wall_of_china,train,real
1514,eb27250bfd.jpg,great_wall_of_china,train,real
1515,ec3ba4a31a.jpg,great_wall_of_china,train,real
1516,ec48be8838.jpg,great_wall_of_china,train,real
1517,ed89b21af8.jpg,great_wall_of_china,train,real
1518,ee0986001f.jpg,great_wall_of_china,train,real
1519,effa400d2a.jpg,great_wall_of_china,train,real
1520,f19f470754.jpg,great_wall_of_china,train,real
1521,f2006e3a63.jpg,great_wall_of_china,train,real
1522,f2d1d21e79.jpg,great_wall_of_china,train,real
1523,f3fbfa90fc.jpg,great_wall_of_china,train,real
1524,f586a0a8d1.jpg,great_wall_of_china,train,real
1525,f61b1da390.jpg,great_wall_of_china,train,real
1526,f75839d88a.jpg,great_wall_of_china,train,real
1527,f7e3feb0c5.jpg,great_wall_of_china,train,real
1528,f8305672c5.jpg,great_wall_of_china,train,real
1529,fba17d71cf.jpg,great_wall_of_china,train,real
1530,fc0396bb6b.jpg,great_wall_of_china,train,real
1531,fe75722d59.jpg,great_wall_of_china,train,real
1532,feba20e146.jpg,great_wall_of_china,train,real
1533,feefda42b1.jpg,great_wall_of_china,train,real
1534,00934c8096.jpg,pyramids_of_giza,train,real
1535,017ac6ad36.jpg,pyramids_of_giza,train,real
1536,01a3ada063.jpg,pyramids_of_giza,train,real
1537,059228ac99.jpg,pyramids_of_giza,train,real
1538,05a0d4adb6.jpg,pyramids_of_giza,train,real
1539,05b68cee55.jpg,pyramids_of_giza,train,real
1540,088a4c6f5e.jpg,pyramids_of_giza,train,real
1541,093af282b3.jpg,pyramids_of_giza,train,real
1542,09b385af40.jpg,pyramids_of_giza,train,real
1543,0c126ad20d.jpg,pyramids_of_giza,train,real
1544,0c177ef40e.jpg,pyramids_of_giza,train,real
1545,0d5b848c6b.jpg,pyramids_of_giza,train,real
1546,0d90e99ddf.jpg,pyramids_of_giza,train,real
1547,0dcc8dfa14.jpg,pyramids_of_giza,train,real
1548,0e23030f49.jpg,pyramids_of_giza,train,real
1549,0fdf496d65.jpg,pyramids_of_giza,train,real
1550,103831340d.jpg,pyramids_of_giza,train,real
1551,10e1a6e916.jpg,pyramids_of_giza,train,real
1552,1118710a8e.jpg,pyramids_of_giza,train,real
1553,114a211640.jpg,pyramids_of_giza,train,real
1554,121df715e0.jpg,pyramids_of_giza,train,real
1555,12af36d7ba.jpg,pyramids_of_giza,train,real
1556,131a423ca2.jpg,pyramids_of_giza,train,real
1557,13714ec7f7.jpg,pyramids_of_giza,train,real
1558,141e5ab296.jpg,pyramids_of_giza,train,real
1559,14cbf9828e.jpg,pyramids_of_giza,train,real
1560,14d24cc926.jpg,pyramids_of_giza,train,real
1561,1518293699.jpg,pyramids_of_giza,train,real
1562,15d6cfb997.jpg,pyramids_of_giza,train,real
1563,160cfc7e9d.jpg,pyramids_of_giza,train,real
1564,167b54d62c.jpg,pyramids_of_giza,train,real
1565,177cf60b87.jpg,pyramids_of_giza,train,real
1566,18b497b720.jpg,pyramids_of_giza,train,real
1567,195b37380a.jpg,pyramids_of_giza,train,real
1568,19ac6cfb83.jpg,pyramids_of_giza,train,real
1569,1a5213bc99.jpg,pyramids_of_giza,train,real
1570,1b2b067415.jpg,pyramids_of_giza,train,real
1571,1b3229ba68.jpg,pyramids_of_giza,train,real
1572,1bac074893.jpg,pyramids_of_giza,train,real
1573,1dcae08391.jpg,pyramids_of_giza,train,real
1574,1f3aedf317.jpg,pyramids_of_giza,train,real
1575,1f90d7bed3.jpg,pyramids_of_giza,train,real
1576,1fbab6c0d0.jpg,pyramids_of_giza,train,real
1577,21388e5e7a.jpg,pyramids_of_giza,train,real
1578,219ce83c90.jpg,pyramids_of_giza,train,real
1579,21ff3d9116.jpg,pyramids_of_giza,train,real
1580,2704ff6ec2.jpg,pyramids_of_giza,train,real
1581,27304e8c2c.jpg,pyramids_of_giza,train,real
1582,28f366ca88.jpg,pyramids_of_giza,train,real
1583,2a84681c79.jpg,pyramids_of_giza,train,real
1584,2acbe12fd8.jpg,pyramids_of_giza,train,real
1585,2bf9b97de6.jpg,pyramids_of_giza,train,real
1586,2c585af73a.jpg,pyramids_of_giza,train,real
1587,2caaad1701.jpg,pyramids_of_giza,train,real
1588,2d432bb685.jpg,pyramids_of_giza,train,real
1589,2e5bb5c966.jpg,pyramids_of_giza,train,real
1590,2efc85ccae.jpg,pyramids_of_giza,train,real
1591,2f370c0d92.jpg,pyramids_of_giza,train,real
1592,30396c46c7.jpg,pyramids_of_giza,train,real
1593,31252e3652.jpg,pyramids_of_giza,train,real
1594,31c91288f5.jpg,pyramids_of_giza,train,real
1595,3245b570ba.jpg,pyramids_of_giza,train,real
1596,32e40e87b4.jpg,pyramids_of_giza,train,real
1597,3338c19c08.jpg,pyramids_of_giza,train,real
1598,3557150ec2.jpg,pyramids_of_giza,train,real
1599,35e33ae763.jpg,pyramids_of_giza,train,real
1600,36037dfbdf.jpg,pyramids_of_giza,train,real
1601,3715e538d8.jpg,pyramids_of_giza,train,real
1602,37c2fe697b.jpg,pyramids_of_giza,train,real
1603,38de249d6c.jpg,pyramids_of_giza,train,real
1604,390774c301.jpg,pyramids_of_giza,train,real
1605,39aa781beb.jpg,pyramids_of_giza,train,real
1606,39f7795671.jpg,pyramids_of_giza,train,real
1607,3a41d2065a.jpg,pyramids_of_giza,train,real
1608,3acb0d0427.jpg,pyramids_of_giza,train,real
1609,3b2472d9c5.jpg,pyramids_of_giza,train,real
1610,3b3c04439d.jpg,pyramids_of_giza,train,real
1611,3b5ff3f28d.jpg,pyramids_of_giza,train,real
1612,3b8a028a92.jpg,pyramids_of_giza,train,real
1613,3c46fa7f03.jpg,pyramids_of_giza,train,real
1614,4058446364.jpg,pyramids_of_giza,train,real
1615,42e1b72f53.jpg,pyramids_of_giza,train,real
1616,448d0816a5.jpg,pyramids_of_giza,train,real
1617,44c9cfb94b.jpg,pyramids_of_giza,train,real
1618,46a5aacedc.jpg,pyramids_of_giza,train,real
1619,46d872143f.jpg,pyramids_of_giza,train,real
1620,4913389cb8.jpg,pyramids_of_giza,train,real
1621,4a0f0382ad.jpg,pyramids_of_giza,train,real
1622,4b2f1a617b.jpg,pyramids_of_giza,train,real
1623,4c79cd4b77.jpg,pyramids_of_giza,train,real
1624,4ffe0a52c7.jpg,pyramids_of_giza,train,real
1625,513eeeaf8a.jpg,pyramids_of_giza,train,real
1626,5162917566.jpg,pyramids_of_giza,train,real
1627,5209504985.jpg,pyramids_of_giza,train,real
1628,52e42476ef.jpg,pyramids_of_giza,train,real
1629,52f551ccf4.jpg,pyramids_of_giza,train,real
1630,55168e89c9.jpg,pyramids_of_giza,train,real
1631,556275d90f.jpg,pyramids_of_giza,train,real
1632,55b7bd24bf.jpg,pyramids_of_giza,train,real
1633,5659127f92.jpg,pyramids_of_giza,train,real
1634,5683d64a42.jpg,pyramids_of_giza,train,real
1635,58341d2d7e.jpg,pyramids_of_giza,train,real
1636,5906f3dbb9.jpg,pyramids_of_giza,train,real
1637,599295aeb5.jpg,pyramids_of_giza,train,real
1638,59cc22ee49.jpg,pyramids_of_giza,train,real
1639,5a1bc70411.jpg,pyramids_of_giza,train,real
1640,5a760ca7f2.jpg,pyramids_of_giza,train,real
1641,5a856091f5.jpg,pyramids_of_giza,train,real
1642,5bc57c0182.jpg,pyramids_of_giza,train,real
1643,5c5ababc66.jpg,pyramids_of_giza,train,real
1644,5db4abb257.jpg,pyramids_of_giza,train,real
1645,60785d36a2.jpg,pyramids_of_giza,train,real
1646,60cd6274d4.jpg,pyramids_of_giza,train,real
1647,661b95b70d.jpg,pyramids_of_giza,train,real
1648,67a81d3b80.jpg,pyramids_of_giza,train,real
1649,684ef1cf51.jpg,pyramids_of_giza,train,real
1650,685e95d748.jpg,pyramids_of_giza,train,real
1651,6b98d9b744.jpg,pyramids_of_giza,train,real
1652,6c19388b0e.jpg,pyramids_of_giza,train,real
1653,6c3904cd0c.jpg,pyramids_of_giza,train,real
1654,6d38e05d43.jpg,pyramids_of_giza,train,real
1655,6e424e6bd8.jpg,pyramids_of_giza,train,real
1656,6e45169555.jpg,pyramids_of_giza,train,real
1657,6ec1fb5047.jpg,pyramids_of_giza,train,real
1658,6f0c28269c.jpg,pyramids_of_giza,train,real
1659,6f16ee2ad2.jpg,pyramids_of_giza,train,real
1660,7027442590.jpg,pyramids_of_giza,train,real
1661,70ed658d2b.jpg,pyramids_of_giza,train,real
1662,7190af1258.jpg,pyramids_of_giza,train,real
1663,7268201d4e.jpg,pyramids_of_giza,train,real
1664,72a92043fe.jpg,pyramids_of_giza,train,real
1665,72da050c02.jpg,pyramids_of_giza,train,real
1666,73a40a627b.jpg,pyramids_of_giza,train,real
1667,73ba7f3f9d.jpg,pyramids_of_giza,train,real
1668,7445a6e2d7.jpg,pyramids_of_giza,train,real
1669,74cb31a099.jpg,pyramids_of_giza,train,real
1670,754902aed4.jpg,pyramids_of_giza,train,real
1671,7579a0f0f9.jpg,pyramids_of_giza,train,real
1672,7615be434a.jpg,pyramids_of_giza,train,real
1673,7634944174.jpg,pyramids_of_giza,train,real
1674,766d68f4d8.jpg,pyramids_of_giza,train,real
1675,77460b4176.jpg,pyramids_of_giza,train,real
1676,776b426e92.jpg,pyramids_of_giza,train,real
1677,79fa5b5212.jpg,pyramids_of_giza,train,real
1678,7a1eb070f1.jpg,pyramids_of_giza,train,real
1679,7c137fce5d.jpg,pyramids_of_giza,train,real
1680,7e4c7861da.jpg,pyramids_of_giza,train,real
1681,7ed69ee146.jpg,pyramids_of_giza,train,real
1682,7eec544b78.jpg,pyramids_of_giza,train,real
1683,7f1f29ff35.jpg,pyramids_of_giza,train,real
1684,801196e195.jpg,pyramids_of_giza,train,real
1685,81c1b24973.jpg,pyramids_of_giza,train,real
1686,82f9d58f40.jpg,pyramids_of_giza,train,real
1687,831bdf3771.jpg,pyramids_of_giza,train,real
1688,8353b14561.jpg,pyramids_of_giza,train,real
1689,842870afe0.jpg,pyramids_of_giza,train,real
1690,842a7f3f88.jpg,pyramids_of_giza,train,real
1691,854422f42d.jpg,pyramids_of_giza,train,real
1692,85f067dc34.jpg,pyramids_of_giza,train,real
1693,87085ad6b2.jpg,pyramids_of_giza,train,real
1694,871563cfc0.jpg,pyramids_of_giza,train,real
1695,878e1bb6c7.jpg,pyramids_of_giza,train,real
1696,87d9308559.jpg,pyramids_of_giza,train,real
1697,88fb868942.jpg,pyramids_of_giza,train,real
1698,89adfc3342.jpg,pyramids_of_giza,train,real
1699,89c5cdbd0d.jpg,pyramids_of_giza,train,real
1700,8c348cc0b6.jpg,pyramids_of_giza,train,real
1701,8ca2e8ea16.jpg,pyramids_of_giza,train,real
1702,8d6f634753.jpg,pyramids_of_giza,train,real
1703,8dbad27191.jpg,pyramids_of_giza,train,real
1704,8df046ce81.jpg,pyramids_of_giza,train,real
1705,8edf1a5bc6.jpg,pyramids_of_giza,train,real
1706,928a5f4c07.jpg,pyramids_of_giza,train,real
1707,929f3cc3ed.jpg,pyramids_of_giza,train,real
1708,9377b53190.jpg,pyramids_of_giza,train,real
1709,93ed5187b2.jpg,pyramids_of_giza,train,real
1710,9447c79bd7.jpg,pyramids_of_giza,train,real
1711,94f458498f.jpg,pyramids_of_giza,train,real
1712,951848a995.jpg,pyramids_of_giza,train,real
1713,955896640a.jpg,pyramids_of_giza,train,real
1714,957a696429.jpg,pyramids_of_giza,train,real
1715,96629a12d1.jpg,pyramids_of_giza,train,real
1716,986c1179a0.jpg,pyramids_of_giza,train,real
1717,99e5e6cb69.jpg,pyramids_of_giza,train,real
1718,9a0e1710bd.jpg,pyramids_of_giza,train,real
1719,9a9714157f.jpg,pyramids_of_giza,train,real
1720,9b0dfb3f88.jpg,pyramids_of_giza,train,real
1721,9c27d4184a.jpg,pyramids_of_giza,train,real
1722,9d5f794691.jpg,pyramids_of_giza,train,real
1723,9e5861d026.jpg,pyramids_of_giza,train,real
1724,9eec84bfdc.jpg,pyramids_of_giza,train,real
1725,9f62d420cb.jpg,pyramids_of_giza,train,real
1726,9fd86867fa.jpg,pyramids_of_giza,train,real
1727,a03e56b28a.jpg,pyramids_of_giza,train,real
1728,a0d7d1c91f.jpg,pyramids_of_giza,train,real
1729,a2a0be44a4.jpg,pyramids_of_giza,train,real
1730,a3514bb3a6.jpg,pyramids_of_giza,train,real
1731,a3c8134886.jpg,pyramids_of_giza,train,real
1732,a530ac7202.jpg,pyramids_of_giza,train,real
1733,a58d60e2d2.jpg,pyramids_of_giza,train,real
1734,a70d290d05.jpg,pyramids_of_giza,train,real
1735,a7de3d15cb.jpg,pyramids_of_giza,train,real
1736,a8813ba16f.jpg,pyramids_of_giza,train,real
1737,a9046860a5.jpg,pyramids_of_giza,train,real
1738,aa9820327a.jpg,pyramids_of_giza,train,real
1739,ab3b853a85.jpg,pyramids_of_giza,train,real
1740,abd35fa197.jpg,pyramids_of_giza,train,real
1741,ada7622c69.jpg,pyramids_of_giza,train,real
1742,adc9952f56.jpg,pyramids_of_giza,train,real
1743,ae130b64cc.jpg,pyramids_of_giza,train,real
1744,ae47ba40c4.jpg,pyramids_of_giza,train,real
1745,af544fe76d.jpg,pyramids_of_giza,train,real
1746,af661ea8f6.jpg,pyramids_of_giza,train,real
1747,afd177c9d9.jpg,pyramids_of_giza,train,real
1748,b25364bc4d.jpg,pyramids_of_giza,train,real
1749,b29838f7c2.jpg,pyramids_of_giza,train,real
1750,b3a73ef67c.jpg,pyramids_of_giza,train,real
1751,b3b6bfbda6.jpg,pyramids_of_giza,train,real
1752,b4864ba8cc.jpg,pyramids_of_giza,train,real
1753,b5c735cae1.jpg,pyramids_of_giza,train,real
1754,b5cc64d870.jpg,pyramids_of_giza,train,real
1755,b74cb82729.jpg,pyramids_of_giza,train,real
1756,b75a4d6a72.jpg,pyramids_of_giza,train,real
1757,b7904c60d6.jpg,pyramids_of_giza,train,real
1758,b7fbebc4b7.jpg,pyramids_of_giza,train,real
1759,bacd3a6213.jpg,pyramids_of_giza,train,real
1760,bb3db0ad09.jpg,pyramids_of_giza,train,real
1761,bc0cffa21c.jpg,pyramids_of_giza,train,real
1762,bc27e1f60f.jpg,pyramids_of_giza,train,real
1763,bd47b162e0.jpg,pyramids_of_giza,train,real
1764,be48f8a33d.jpg,pyramids_of_giza,train,real
1765,be67361827.jpg,pyramids_of_giza,train,real
1766,c17156374d.jpg,pyramids_of_giza,train,real
1767,c2909b2cd1.jpg,pyramids_of_giza,train,real
1768,c33c22e593.jpg,pyramids_of_giza,train,real
1769,c4562492d4.jpg,pyramids_of_giza,train,real
1770,c54ada7336.jpg,pyramids_of_giza,train,real
1771,c5a0a9c6d3.jpg,pyramids_of_giza,train,real
1772,c694dbd026.jpg,pyramids_of_giza,train,real
1773,c69d72e2dc.jpg,pyramids_of_giza,train,real
1774,c6afd833e6.jpg,pyramids_of_giza,train,real
1775,c83cfa2ed4.jpg,pyramids_of_giza,train,real
1776,c8b129df51.jpg,pyramids_of_giza,train,real
1777,c9553321b8.jpg,pyramids_of_giza,train,real
1778,c9bcf8f142.jpg,pyramids_of_giza,train,real
1779,ca85e5aa49.jpg,pyramids_of_giza,train,real
1780,ca8c63f498.jpg,pyramids_of_giza,train,real
1781,cb3a4fa735.jpg,pyramids_of_giza,train,real
1782,cc31eebde1.jpg,pyramids_of_giza,train,real
1783,ccd3ab32dd.jpg,pyramids_of_giza,train,real
1784,cddacec2de.jpg,pyramids_of_giza,train,real
1785,cf4a0d0558.jpg,pyramids_of_giza,train,real
1786,d0ad0aa6a7.jpg,pyramids_of_giza,train,real
1787,d0af97b391.jpg,pyramids_of_giza,train,real
1788,d3420dde9a.jpg,pyramids_of_giza,train,real
1789,d41b6f983e.jpg,pyramids_of_giza,train,real
1790,d5d8d00009.jpg,pyramids_of_giza,train,real
1791,d641703d91.jpg,pyramids_of_giza,train,real
1792,d78358fe7d.jpg,pyramids_of_giza,train,real
1793,d7b84e6fbc.jpg,pyramids_of_giza,train,real
1794,d82e5cbaa0.jpg,pyramids_of_giza,train,real
1795,d8c4808593.jpg,pyramids_of_giza,train,real
1796,db0eee3879.jpg,pyramids_of_giza,train,real
1797,db57b46352.jpg,pyramids_of_giza,train,real
1798,dbbe961989.jpg,pyramids_of_giza,train,real
1799,dc718a4bb6.jpg,pyramids_of_giza,train,real
1800,de2b28f4c0.jpg,pyramids_of_giza,train,real
1801,df900c69dd.jpg,pyramids_of_giza,train,real
1802,dfc5cf8642.jpg,pyramids_of_giza,train,real
1803,dfe6213a47.jpg,pyramids_of_giza,train,real
1804,e0e101c27c.jpg,pyramids_of_giza,train,real
1805,e130e33f7a.jpg,pyramids_of_giza,train,real
1806,e16cc9010d.jpg,pyramids_of_giza,train,real
1807,e3182b6e1b.jpg,pyramids_of_giza,train,real
1808,e3b6f1201d.jpg,pyramids_of_giza,train,real
1809,e6cabea0e2.jpg,pyramids_of_giza,train,real
1810,e7526b29c1.jpg,pyramids_of_giza,train,real
1811,e78b586b05.jpg,pyramids_of_giza,train,real
1812,e7a0694555.jpg,pyramids_of_giza,train,real
1813,e7a2ba707a.jpg,pyramids_of_giza,train,real
1814,e910be3d96.jpg,pyramids_of_giza,train,real
1815,e94a995908.jpg,pyramids_of_giza,train,real
1816,ea4910702e.jpg,pyramids_of_giza,train,real
1817,ea9b5f579b.jpg,pyramids_of_giza,train,real
1818,eb3afebf04.jpg,pyramids_of_giza,train,real
1819,ebaea6c9d8.jpg,pyramids_of_giza,train,real
1820,ed638b3da7.jpg,pyramids_of_giza,train,real
1821,eec64ce630.jpg,pyramids_of_giza,train,real
1822,ef84875f12.jpg,pyramids_of_giza,train,real
1823,efa7a73b35.jpg,pyramids_of_giza,train,real
1824,f029021ce7.jpg,pyramids_of_giza,train,real
1825,f099106140.jpg,pyramids_of_giza,train,real
1826,f0df9eeca7.jpg,pyramids_of_giza,train,real
1827,f26b31d072.jpg,pyramids_of_giza,train,real
1828,f2c836242e.jpg,pyramids_of_giza,train,real
1829,f3a698aca2.jpg,pyramids_of_giza,train,real
1830,f3e372a882.jpg,pyramids_of_giza,train,real
1831,f444081e5f.jpg,pyramids_of_giza,train,real
1832,f478cca7a8.jpg,pyramids_of_giza,train,real
1833,f4ee06b699.jpg,pyramids_of_giza,train,real
1834,f537f2e2f7.jpg,pyramids_of_giza,train,real
1835,f59466ac8b.jpg,pyramids_of_giza,train,real
1836,f59c392c70.jpg,pyramids_of_giza,train,real
1837,f5dca1ffb6.jpg,pyramids_of_giza,train,real
1838,f6d55b3e7e.jpg,pyramids_of_giza,train,real
1839,f74283c372.jpg,pyramids_of_giza,train,real
1840,f874494bc8.jpg,pyramids_of_giza,train,real
1841,f91e363ae9.jpg,pyramids_of_giza,train,real
1842,f9df5357ee.jpg,pyramids_of_giza,train,real
1843,fc2e8ba676.jpg,pyramids_of_giza,train,real
1844,fe76d6be23.jpg,pyramids_of_giza,train,real
1845,ffc0b04961.jpg,pyramids_of_giza,train,real
1846,0028413765.jpg,roman_colosseum,train,real
1847,01528698bf.jpg,roman_colosseum,train,real
1848,02b78f8bd5.jpg,roman_colosseum,train,real
1849,036d8446a8.jpg,roman_colosseum,train,real
1850,03ce48b8dd.jpg,roman_colosseum,train,real
1851,041dac2329.jpg,roman_colosseum,train,real
1852,050306f489.jpg,roman_colosseum,train,real
1853,05249af07b.jpg,roman_colosseum,train,real
1854,05b6c81f08.jpg,roman_colosseum,train,real
1855,05f99adcb8.jpg,roman_colosseum,train,real
1856,071fadc01d.jpg,roman_colosseum,train,real
1857,078bf5aae0.jpg,roman_colosseum,train,real
1858,092453a52a.jpg,roman_colosseum,train,real
1859,0a7f181169.jpg,roman_colosseum,train,real
1860,0b20010eb2.jpg,roman_colosseum,train,real
1861,0cbf8a1fa1.jpg,roman_colosseum,train,real
1862,0d0a715cce.jpg,roman_colosseum,train,real
1863,0dc7fe2967.jpg,roman_colosseum,train,real
1864,0e00dfa7c9.jpg,roman_colosseum,train,real
1865,0e1de29a39.jpg,roman_colosseum,train,real
1866,0efdd3509b.jpg,roman_colosseum,train,real
1867,0fb90df2aa.jpg,roman_colosseum,train,real
1868,111e7b61b7.jpg,roman_colosseum,train,real
1869,1405d0e88b.jpg,roman_colosseum,train,real
1870,1423c270d0.jpg,roman_colosseum,train,real
1871,14e627a292.jpg,roman_colosseum,train,real
1872,16e025538f.jpg,roman_colosseum,train,real
1873,1723fc10fb.jpg,roman_colosseum,train,real
1874,1730c92872.jpg,roman_colosseum,train,real
1875,1737a104ae.jpg,roman_colosseum,train,real
1876,174ffa671c.jpg,roman_colosseum,train,real
1877,18cec97c8a.jpg,roman_colosseum,train,real
1878,1925386097.jpg,roman_colosseum,train,real
1879,193ca680ae.jpg,roman_colosseum,train,real
1880,19cc051d00.jpg,roman_colosseum,train,real
1881,1ada1b75ee.jpg,roman_colosseum,train,real
1882,1adf3bf159.jpg,roman_colosseum,train,real
1883,1bc0beb089.jpg,roman_colosseum,train,real
1884,1c521d546e.jpg,roman_colosseum,train,real
1885,1c69ad4d53.jpg,roman_colosseum,train,real
1886,1d0a761ae3.jpg,roman_colosseum,train,real
1887,1d409e72bc.jpg,roman_colosseum,train,real
1888,1d9f847eff.jpg,roman_colosseum,train,real
1889,1fa54467f7.jpg,roman_colosseum,train,real
1890,203ca53b6d.jpg,roman_colosseum,train,real
1891,217adec6f3.jpg,roman_colosseum,train,real
1892,225fcd4e5a.jpg,roman_colosseum,train,real
1893,22b89022c5.jpg,roman_colosseum,train,real
1894,22d56e2d0d.jpg,roman_colosseum,train,real
1895,248690085a.jpg,roman_colosseum,train,real
1896,24c8bf753f.jpg,roman_colosseum,train,real
1897,25a1bf929c.jpg,roman_colosseum,train,real
1898,273fa2f4e3.jpg,roman_colosseum,train,real
1899,284542183d.jpg,roman_colosseum,train,real
1900,28993bd4f3.jpg,roman_colosseum,train,real
1901,28da08379b.jpg,roman_colosseum,train,real
1902,28de599b18.jpg,roman_colosseum,train,real
1903,28fea31e53.jpg,roman_colosseum,train,real
1904,293b851c52.jpg,roman_colosseum,train,real
1905,2b69d6e95d.jpg,roman_colosseum,train,real
1906,2bf83da218.jpg,roman_colosseum,train,real
1907,2bfa521b13.jpg,roman_colosseum,train,real
1908,2c7f82d0b0.jpg,roman_colosseum,train,real
1909,2d938801ae.jpg,roman_colosseum,train,real
1910,2d9b1c3337.jpg,roman_colosseum,train,real
1911,2eb4b4b587.jpg,roman_colosseum,train,real
1912,2f4f37965b.jpg,roman_colosseum,train,real
1913,2fb9f1b462.jpg,roman_colosseum,train,real
1914,311a4531de.jpg,roman_colosseum,train,real
1915,31cc49c61c.jpg,roman_colosseum,train,real
1916,3204077f16.jpg,roman_colosseum,train,real
1917,349d63526e.jpg,roman_colosseum,train,real
1918,352d06d285.jpg,roman_colosseum,train,real
1919,364e7089bb.jpg,roman_colosseum,train,real
1920,365fa20052.jpg,roman_colosseum,train,real
1921,367e6c199b.jpg,roman_colosseum,train,real
1922,376f16987c.jpg,roman_colosseum,train,real
1923,38628d863e.jpg,roman_colosseum,train,real
1924,38761ec41b.jpg,roman_colosseum,train,real
1925,390d9b0dbe.jpg,roman_colosseum,train,real
1926,391e48aecc.jpg,roman_colosseum,train,real
1927,39b68b284f.jpg,roman_colosseum,train,real
1928,39d476e843.jpg,roman_colosseum,train,real
1929,3ab07275d7.jpg,roman_colosseum,train,real
1930,3addd94b74.jpg,roman_colosseum,train,real
1931,3bbaac382d.jpg,roman_colosseum,train,real
1932,3cd396c585.jpg,roman_colosseum,train,real
1933,3d25f5a0fb.jpg,roman_colosseum,train,real
1934,3d26776d99.jpg,roman_colosseum,train,real
1935,3d2ffab16d.jpg,roman_colosseum,train,real
1936,3ff53ccfea.jpg,roman_colosseum,train,real
1937,41a8f7f80c.jpg,roman_colosseum,train,real
1938,4261109a74.jpg,roman_colosseum,train,real
1939,4341b0adbc.jpg,roman_colosseum,train,real
1940,43b8b32f28.jpg,roman_colosseum,train,real
1941,44ca1517f1.jpg,roman_colosseum,train,real
1942,45524c7733.jpg,roman_colosseum,train,real
1943,45e318dbd9.jpg,roman_colosseum,train,real
1944,471a4715a7.jpg,roman_colosseum,train,real
1945,489d447c3b.jpg,roman_colosseum,train,real
1946,48a21f1a59.jpg,roman_colosseum,train,real
1947,49d120d6d0.jpg,roman_colosseum,train,real
1948,4a2705935c.jpg,roman_colosseum,train,real
1949,4ac533865b.jpg,roman_colosseum,train,real
1950,4bbfd9fe0d.jpg,roman_colosseum,train,real
1951,4be369d9a7.jpg,roman_colosseum,train,real
1952,4d9ea3e5a1.jpg,roman_colosseum,train,real
1953,4ef4b14c5f.jpg,roman_colosseum,train,real
1954,4fefd3ef4b.jpg,roman_colosseum,train,real
1955,5066840ecc.jpg,roman_colosseum,train,real
1956,5110908ed0.jpg,roman_colosseum,train,real
1957,51b68cd650.jpg,roman_colosseum,train,real
1958,52cbe9ee13.jpg,roman_colosseum,train,real
1959,53993a8a2f.jpg,roman_colosseum,train,real
1960,54c78a55f1.jpg,roman_colosseum,train,real
1961,55e3eaa506.jpg,roman_colosseum,train,real
1962,56234f15bc.jpg,roman_colosseum,train,real
1963,57dcb62cd5.jpg,roman_colosseum,train,real
1964,57feaf06f4.jpg,roman_colosseum,train,real
1965,58f38e905e.jpg,roman_colosseum,train,real
1966,5b2aba86fe.jpg,roman_colosseum,train,real
1967,5c5a6e24ee.jpg,roman_colosseum,train,real
1968,5d86acbcac.jpg,roman_colosseum,train,real
1969,5dfbe1d8ed.jpg,roman_colosseum,train,real
1970,5e96733faa.jpg,roman_colosseum,train,real
1971,5fef57fcb8.jpg,roman_colosseum,train,real
1972,6013ff76c9.jpg,roman_colosseum,train,real
1973,6021a32d96.jpg,roman_colosseum,train,real
1974,6035e8e683.jpg,roman_colosseum,train,real
1975,60a8c67f73.jpg,roman_colosseum,train,real
1976,618abcdf0d.jpg,roman_colosseum,train,real
1977,6203523e85.jpg,roman_colosseum,train,real
1978,6234acc22a.jpg,roman_colosseum,train,real
1979,62e5631490.jpg,roman_colosseum,train,real
1980,6405c42fca.jpg,roman_colosseum,train,real
1981,64f8342430.jpg,roman_colosseum,train,real
1982,65ec210188.jpg,roman_colosseum,train,real
1983,6692420c12.jpg,roman_colosseum,train,real
1984,66e5e157ea.jpg,roman_colosseum,train,real
1985,6748ffa6ef.jpg,roman_colosseum,train,real
1986,67b35379d2.jpg,roman_colosseum,train,real
1987,6872eefe7b.jpg,roman_colosseum,train,real
1988,693625486a.jpg,roman_colosseum,train,real
1989,69696fb973.jpg,roman_colosseum,train,real
1990,6ae4518220.jpg,roman_colosseum,train,real
1991,6bf9a0ceb3.jpg,roman_colosseum,train,real
1992,6c6dc19be1.jpg,roman_colosseum,train,real
1993,6dddbdf127.jpg,roman_colosseum,train,real
1994,6e8e42f041.jpg,roman_colosseum,train,real
1995,710006884d.jpg,roman_colosseum,train,real
1996,712147bc57.jpg,roman_colosseum,train,real
1997,71f6b585f9.jpg,roman_colosseum,train,real
1998,738a635131.jpg,roman_colosseum,train,real
1999,73f1789883.jpg,roman_colosseum,train,real
2000,74112f57a5.jpg,roman_colosseum,train,real
2001,74b029994e.jpg,roman_colosseum,train,real
2002,765699c79a.jpg,roman_colosseum,train,real
2003,774393a495.jpg,roman_colosseum,train,real
2004,77724e422a.jpg,roman_colosseum,train,real
2005,7a915b3db1.jpg,roman_colosseum,train,real
2006,7b1a2e646b.jpg,roman_colosseum,train,real
2007,7b3d52f61d.jpg,roman_colosseum,train,real
2008,7b406b1d00.jpg,roman_colosseum,train,real
2009,7bc1735faa.jpg,roman_colosseum,train,real
2010,7c2111547d.jpg,roman_colosseum,train,real
2011,7ccdd5f9ec.jpg,roman_colosseum,train,real
2012,7e12a2202c.jpg,roman_colosseum,train,real
2013,7fb84d7613.jpg,roman_colosseum,train,real
2014,81ea15a675.jpg,roman_colosseum,train,real
2015,82f4dbbefc.jpg,roman_colosseum,train,real
2016,83072fb856.jpg,roman_colosseum,train,real
2017,832a566d8d.jpg,roman_colosseum,train,real
2018,84baffa4da.jpg,roman_colosseum,train,real
2019,84d987d7b4.jpg,roman_colosseum,train,real
2020,84f3f63127.jpg,roman_colosseum,train,real
2021,8558572053.jpg,roman_colosseum,train,real
2022,85a47d9b2d.jpg,roman_colosseum,train,real
2023,8899514949.jpg,roman_colosseum,train,real
2024,8d7200569d.jpg,roman_colosseum,train,real
2025,8d86312a3b.jpg,roman_colosseum,train,real
2026,90323e7e61.jpg,roman_colosseum,train,real
2027,90bc0fbadb.jpg,roman_colosseum,train,real
2028,90ee51cb1a.jpg,roman_colosseum,train,real
2029,92fcb7e85f.jpg,roman_colosseum,train,real
2030,9338f7b5fb.jpg,roman_colosseum,train,real
2031,9351093337.jpg,roman_colosseum,train,real
2032,93c8a04d22.jpg,roman_colosseum,train,real
2033,94f268c0b2.jpg,roman_colosseum,train,real
2034,95a672144a.jpg,roman_colosseum,train,real
2035,95b953379d.jpg,roman_colosseum,train,real
2036,95bd6fd042.jpg,roman_colosseum,train,real
2037,95df12538f.jpg,roman_colosseum,train,real
2038,963e91baf7.jpg,roman_colosseum,train,real
2039,963eddb4f0.jpg,roman_colosseum,train,real
2040,986f6062d0.jpg,roman_colosseum,train,real
2041,98d4ba8541.jpg,roman_colosseum,train,real
2042,99a2ac13a0.jpg,roman_colosseum,train,real
2043,9a75a6f12d.jpg,roman_colosseum,train,real
2044,9a9d9ace90.jpg,roman_colosseum,train,real
2045,9af1da6bbf.jpg,roman_colosseum,train,real
2046,9b66f831f3.jpg,roman_colosseum,train,real
2047,9b87f21650.jpg,roman_colosseum,train,real
2048,9cf1d6a5fd.jpg,roman_colosseum,train,real
2049,9d07039bb4.jpg,roman_colosseum,train,real
2050,9fe0dba031.jpg,roman_colosseum,train,real
2051,a095b94ccd.jpg,roman_colosseum,train,real
2052,a12e46e83a.jpg,roman_colosseum,train,real
2053,a1b5d2f9af.jpg,roman_colosseum,train,real
2054,a21f96d49f.jpg,roman_colosseum,train,real
2055,a286e61e3a.jpg,roman_colosseum,train,real
2056,a312d8d67d.jpg,roman_colosseum,train,real
2057,a491f570bb.jpg,roman_colosseum,train,real
2058,a4eb24186e.jpg,roman_colosseum,train,real
2059,a519fdb9ff.jpg,roman_colosseum,train,real
2060,a635f10ddb.jpg,roman_colosseum,train,real
2061,a6e1a4483d.jpg,roman_colosseum,train,real
2062,a6ffc8ed54.jpg,roman_colosseum,train,real
2063,a87d72a9aa.jpg,roman_colosseum,train,real
2064,a902bfb110.jpg,roman_colosseum,train,real
2065,a948fcd7d3.jpg,roman_colosseum,train,real
2066,a9613f1dd6.jpg,roman_colosseum,train,real
2067,a9c8d03970.jpg,roman_colosseum,train,real
2068,ab1d19b6bf.jpg,roman_colosseum,train,real
2069,ab4cd82684.jpg,roman_colosseum,train,real
2070,ac3c6f17fe.jpg,roman_colosseum,train,real
2071,ac95ae38b3.jpg,roman_colosseum,train,real
2072,acf7ad4b5b.jpg,roman_colosseum,train,real
2073,ade777a92e.jpg,roman_colosseum,train,real
2074,b128bdc433.jpg,roman_colosseum,train,real
2075,b2b9ff69ae.jpg,roman_colosseum,train,real
2076,b3c3407259.jpg,roman_colosseum,train,real
2077,b440431a1e.jpg,roman_colosseum,train,real
2078,b4a3d0542d.jpg,roman_colosseum,train,real
2079,b53248e6e3.jpg,roman_colosseum,train,real
2080,b5e5d4d4a5.jpg,roman_colosseum,train,real
2081,b63c459f24.jpg,roman_colosseum,train,real
2082,b70c45dbd3.jpg,roman_colosseum,train,real
2083,b729c25cf0.jpg,roman_colosseum,train,real
2084,b7e52dd1c6.jpg,roman_colosseum,train,real
2085,b83bf20d90.jpg,roman_colosseum,train,real
2086,babdaafcb7.jpg,roman_colosseum,train,real
2087,babe550a2b.jpg,roman_colosseum,train,real
2088,bbad4b35e3.jpg,roman_colosseum,train,real
2089,bbe508029a.jpg,roman_colosseum,train,real
2090,bc71da0931.jpg,roman_colosseum,train,real
2091,bc842e64dc.jpg,roman_colosseum,train,real
2092,bf1a86d503.jpg,roman_colosseum,train,real
2093,bf7568a657.jpg,roman_colosseum,train,real
2094,bf82ae41e1.jpg,roman_colosseum,train,real
2095,c00b4a90c5.jpg,roman_colosseum,train,real
2096,c19717f3a6.jpg,roman_colosseum,train,real
2097,c336c55bc4.jpg,roman_colosseum,train,real
2098,c4bc58d806.jpg,roman_colosseum,train,real
2099,c55d1367fa.jpg,roman_colosseum,train,real
2100,c569c1b79a.jpg,roman_colosseum,train,real
2101,c5da55eda2.jpg,roman_colosseum,train,real
2102,c67f596932.jpg,roman_colosseum,train,real
2103,c6c8a3ca37.jpg,roman_colosseum,train,real
2104,c6f3008fc7.jpg,roman_colosseum,train,real
2105,c862c4e1d6.jpg,roman_colosseum,train,real
2106,c90c9b771a.jpg,roman_colosseum,train,real
2107,c9e8380d9e.jpg,roman_colosseum,train,real
2108,ca4d5fae6b.jpg,roman_colosseum,train,real
2109,cab9c7d656.jpg,roman_colosseum,train,real
2110,cb3140b91b.jpg,roman_colosseum,train,real
2111,cb93212fd8.jpg,roman_colosseum,train,real
2112,cba284caab.jpg,roman_colosseum,train,real
2113,cc495a3ebe.jpg,roman_colosseum,train,real
2114,cc73a9696e.jpg,roman_colosseum,train,real
2115,cde779b4b8.jpg,roman_colosseum,train,real
2116,cf63d2ba9a.jpg,roman_colosseum,train,real
2117,d015e02962.jpg,roman_colosseum,train,real
2118,d01992be1b.jpg,roman_colosseum,train,real
2119,d0b9ede882.jpg,roman_colosseum,train,real
2120,d101b4e8e1.jpg,roman_colosseum,train,real
2121,d27259bb63.jpg,roman_colosseum,train,real
2122,d3d2b6b861.jpg,roman_colosseum,train,real
2123,d42725b264.jpg,roman_colosseum,train,real
2124,d5450beb71.jpg,roman_colosseum,train,real
2125,d55e9a7d63.jpg,roman_colosseum,train,real
2126,d564a789f4.jpg,roman_colosseum,train,real
2127,d66aef35ff.jpg,roman_colosseum,train,real
2128,d6cd16673b.jpg,roman_colosseum,train,real
2129,d6d1eab24e.jpg,roman_colosseum,train,real
2130,d702424579.jpg,roman_colosseum,train,real
2131,d7eb23578c.jpg,roman_colosseum,train,real
2132,da98dc4cd7.jpg,roman_colosseum,train,real
2133,da9aa7bb61.jpg,roman_colosseum,train,real
2134,dc6fcf88d5.jpg,roman_colosseum,train,real
2135,dd3c65db96.jpg,roman_colosseum,train,real
2136,dd480d8fe2.jpg,roman_colosseum,train,real
2137,dd9536dab9.jpg,roman_colosseum,train,real
2138,dd97a40d15.jpg,roman_colosseum,train,real
2139,e04046546d.jpg,roman_colosseum,train,real
2140,e1a054d334.jpg,roman_colosseum,train,real
2141,e1dc8e5d52.jpg,roman_colosseum,train,real
2142,e208918ed3.jpg,roman_colosseum,train,real
2143,e3276474d3.jpg,roman_colosseum,train,real
2144,e48c1e99ba.jpg,roman_colosseum,train,real
2145,e4cff31a16.jpg,roman_colosseum,train,real
2146,e57ee8b2a3.jpg,roman_colosseum,train,real
2147,e5bd8d37f6.jpg,roman_colosseum,train,real
2148,e5ff5671c3.jpg,roman_colosseum,train,real
2149,e665f3649e.jpg,roman_colosseum,train,real
2150,e74be32f9d.jpg,roman_colosseum,train,real
2151,e7c5e0743d.jpg,roman_colosseum,train,real
2152,e7df8e174b.jpg,roman_colosseum,train,real
2153,e948f15a50.jpg,roman_colosseum,train,real
2154,eb349eaaf7.jpg,roman_colosseum,train,real
2155,eba7fca219.jpg,roman_colosseum,train,real
2156,ec8f6575d7.jpg,roman_colosseum,train,real
2157,eda39bd842.jpg,roman_colosseum,train,real
2158,edd040515b.jpg,roman_colosseum,train,real
2159,ee83803141.jpg,roman_colosseum,train,real
2160,ef09589884.jpg,roman_colosseum,train,real
2161,ef1173b970.jpg,roman_colosseum,train,real
2162,ef9aab2430.jpg,roman_colosseum,train,real
2163,efee1d9242.jpg,roman_colosseum,train,real
2164,effb8396b1.jpg,roman_colosseum,train,real
2165,f18cec8bd1.jpg,roman_colosseum,train,real
2166,f286f76ba9.jpg,roman_colosseum,train,real
2167,f38d824b91.jpg,roman_colosseum,train,real
2168,f53941831b.jpg,roman_colosseum,train,real
2169,f569920863.jpg,roman_colosseum,train,real
2170,f75399e25d.jpg,roman_colosseum,train,real
2171,f7b87ac6d5.jpg,roman_colosseum,train,real
2172,f8487e4b4f.jpg,roman_colosseum,train,real
2173,f856f39931.jpg,roman_colosseum,train,real
2174,f862926976.jpg,roman_colosseum,train,real
2175,f88d168fb8.jpg,roman_colosseum,train,real
2176,f8a4d877e8.jpg,roman_colosseum,train,real
2177,f9a6b71d54.jpg,roman_colosseum,train,real
2178,fcde040fe7.jpg,roman_colosseum,train,real
2179,ff3754c9ad.jpg,roman_colosseum,train,real
2180,0016510b5c.jpg,statue_of_liberty,train,real
2181,01a2593196.jpg,statue_of_liberty,train,real
2182,032a2ecea0.jpg,statue_of_liberty,train,real
2183,03f88c0e30.jpg,statue_of_liberty,train,real
2184,0655b9736b.jpg,statue_of_liberty,train,real
2185,076e80b1f5.jpg,statue_of_liberty,train,real
2186,0794c6e62f.jpg,statue_of_liberty,train,real
2187,0eeddca2a6.jpg,statue_of_liberty,train,real
2188,116f4c073d.jpg,statue_of_liberty,train,real
2189,1438b3d669.jpg,statue_of_liberty,train,real
2190,1542216a69.jpg,statue_of_liberty,train,real
2191,157a7600c8.jpg,statue_of_liberty,train,real
2192,15d3871cb0.jpg,statue_of_liberty,train,real
2193,178e13da05.jpg,statue_of_liberty,train,real
2194,17ca00bd84.jpg,statue_of_liberty,train,real
2195,18ce5f7a50.jpg,statue_of_liberty,train,real
2196,1aeb838266.jpg,statue_of_liberty,train,real
2197,1b66d824e2.jpg,statue_of_liberty,train,real
2198,1dc7bf593e.jpg,statue_of_liberty,train,real
2199,20e952ce42.jpg,statue_of_liberty,train,real
2200,21a14da907.jpg,statue_of_liberty,train,real
2201,22ae595520.jpg,statue_of_liberty,train,real
2202,26cc9d6ec7.jpg,statue_of_liberty,train,real
2203,27780d276b.jpg,statue_of_liberty,train,real
2204,27d879d902.jpg,statue_of_liberty,train,real
2205,291fcbedfc.jpg,statue_of_liberty,train,real
2206,29482f262d.jpg,statue_of_liberty,train,real
2207,29590be1bb.jpg,statue_of_liberty,train,real
2208,29e8199c41.jpg,statue_of_liberty,train,real
2209,2b518bf1c7.jpg,statue_of_liberty,train,real
2210,2b5f97cd90.jpg,statue_of_liberty,train,real
2211,2dbbcdd0ee.jpg,statue_of_liberty,train,real
2212,3139e36373.jpg,statue_of_liberty,train,real
2213,318762fd2e.jpg,statue_of_liberty,train,real
2214,31c0874c70.jpg,statue_of_liberty,train,real
2215,33207fe0cf.jpg,statue_of_liberty,train,real
2216,352e7e9b65.jpg,statue_of_liberty,train,real
2217,36dc4dda9b.jpg,statue_of_liberty,train,real
2218,37c4325da0.jpg,statue_of_liberty,train,real
2219,3a4d2ac51d.jpg,statue_of_liberty,train,real
2220,3d797d9604.jpg,statue_of_liberty,train,real
2221,3d9965659b.jpg,statue_of_liberty,train,real
2222,3e45a0017a.jpg,statue_of_liberty,train,real
2223,3e8d662eaa.jpg,statue_of_liberty,train,real
2224,4044aace03.jpg,statue_of_liberty,train,real
2225,40e70220af.jpg,statue_of_liberty,train,real
2226,418cb5ba07.jpg,statue_of_liberty,train,real
2227,44fa9495c0.jpg,statue_of_liberty,train,real
2228,458b90a76d.jpg,statue_of_liberty,train,real
2229,45bbf96356.jpg,statue_of_liberty,train,real
2230,45edf2da4a.jpg,statue_of_liberty,train,real
2231,484a193a54.jpg,statue_of_liberty,train,real
2232,48900357db.jpg,statue_of_liberty,train,real
2233,48947396df.jpg,statue_of_liberty,train,real
2234,49382674a6.jpg,statue_of_liberty,train,real
2235,49f04e072e.jpg,statue_of_liberty,train,real
2236,4bc78d117d.jpg,statue_of_liberty,train,real
2237,4fa5fda450.jpg,statue_of_liberty,train,real
2238,5183c0ab2c.jpg,statue_of_liberty,train,real
2239,537fcd3350.jpg,statue_of_liberty,train,real
2240,53a56a5229.jpg,statue_of_liberty,train,real
2241,5aedfbe705.jpg,statue_of_liberty,train,real
2242,5b33d3be25.jpg,statue_of_liberty,train,real
2243,5b4407f3e8.jpg,statue_of_liberty,train,real
2244,5b9e47f634.jpg,statue_of_liberty,train,real
2245,5bd3684987.jpg,statue_of_liberty,train,real
2246,5f866d136e.jpg,statue_of_liberty,train,real
2247,6028d67978.jpg,statue_of_liberty,train,real
2248,614adfe1d9.jpg,statue_of_liberty,train,real
2249,6228e0f7a6.jpg,statue_of_liberty,train,real
2250,6392a2cfbc.jpg,statue_of_liberty,train,real
2251,63943a1ec2.jpg,statue_of_liberty,train,real
2252,63b1c9dd7f.jpg,statue_of_liberty,train,real
2253,65546d77bc.jpg,statue_of_liberty,train,real
2254,679a23e104.jpg,statue_of_liberty,train,real
2255,67ac3a4c53.jpg,statue_of_liberty,train,real
2256,67f5c87a9d.jpg,statue_of_liberty,train,real
2257,685ab81537.jpg,statue_of_liberty,train,real
2258,6c30e10a67.jpg,statue_of_liberty,train,real
2259,6c454ded1c.jpg,statue_of_liberty,train,real
2260,6d393bb21c.jpg,statue_of_liberty,train,real
2261,6dd8f9ec67.jpg,statue_of_liberty,train,real
2262,71fd561a87.jpg,statue_of_liberty,train,real
2263,72a81bc7ea.jpg,statue_of_liberty,train,real
2264,74f899a77a.jpg,statue_of_liberty,train,real
2265,758282cf51.jpg,statue_of_liberty,train,real
2266,7689584538.jpg,statue_of_liberty,train,real
2267,78c4b91566.jpg,statue_of_liberty,train,real
2268,792e0b55c3.jpg,statue_of_liberty,train,real
2269,7b382a3975.jpg,statue_of_liberty,train,real
2270,7b92ae8b7d.jpg,statue_of_liberty,train,real
2271,7c54a90587.jpg,statue_of_liberty,train,real
2272,7f68ffa2ee.jpg,statue_of_liberty,train,real
2273,8157fee041.jpg,statue_of_liberty,train,real
2274,82d1a0f74f.jpg,statue_of_liberty,train,real
2275,833f862deb.jpg,statue_of_liberty,train,real
2276,843c6b992b.jpg,statue_of_liberty,train,real
2277,848d66d5ad.jpg,statue_of_liberty,train,real
2278,84a7b9fff8.jpg,statue_of_liberty,train,real
2279,84f60063c4.jpg,statue_of_liberty,train,real
2280,85afc8e23a.jpg,statue_of_liberty,train,real
2281,87876e5977.jpg,statue_of_liberty,train,real
2282,87d08d3910.jpg,statue_of_liberty,train,real
2283,8871b184b2.jpg,statue_of_liberty,train,real
2284,88e92b850c.jpg,statue_of_liberty,train,real
2285,8c814889a8.jpg,statue_of_liberty,train,real
2286,8dbeb0721a.jpg,statue_of_liberty,train,real
2287,8e1de201e6.jpg,statue_of_liberty,train,real
2288,9194c0848e.jpg,statue_of_liberty,train,real
2289,95a865d3f2.jpg,statue_of_liberty,train,real
2290,9767c890f5.jpg,statue_of_liberty,train,real
2291,989b361e0f.jpg,statue_of_liberty,train,real
2292,9a00e4033e.jpg,statue_of_liberty,train,real
2293,9a1f6db96a.jpg,statue_of_liberty,train,real
2294,9ad70d3d63.jpg,statue_of_liberty,train,real
2295,9af08985bd.jpg,statue_of_liberty,train,real
2296,9b2fe5499e.jpg,statue_of_liberty,train,real
2297,9ce3c5154e.jpg,statue_of_liberty,train,real
2298,9eb4c48016.jpg,statue_of_liberty,train,real
2299,a1f6376f28.jpg,statue_of_liberty,train,real
2300,a6aa86b0e5.jpg,statue_of_liberty,train,real
2301,a7c279482b.jpg,statue_of_liberty,train,real
2302,a8090553d1.jpg,statue_of_liberty,train,real
2303,a99c32b645.jpg,statue_of_liberty,train,real
2304,aa978f932c.jpg,statue_of_liberty,train,real
2305,aea8c82894.jpg,statue_of_liberty,train,real
2306,aebea88812.jpg,statue_of_liberty,train,real
2307,b1a7ef10df.jpg,statue_of_liberty,train,real
2308,b1f9d05cca.jpg,statue_of_liberty,train,real
2309,b2aeb547af.jpg,statue_of_liberty,train,real
2310,b80d71067e.jpg,statue_of_liberty,train,real
2311,b99b07db39.jpg,statue_of_liberty,train,real
2312,ba3861613e.jpg,statue_of_liberty,train,real
2313,be6714db13.jpg,statue_of_liberty,train,real
2314,bf2d3341e2.jpg,statue_of_liberty,train,real
2315,c1897d27a3.jpg,statue_of_liberty,train,real
2316,c1d71a10b7.jpg,statue_of_liberty,train,real
2317,c23add1b1e.jpg,statue_of_liberty,train,real
2318,c23e4f1d5b.jpg,statue_of_liberty,train,real
2319,c3628c9ea6.jpg,statue_of_liberty,train,real
2320,c37c6b2fc5.jpg,statue_of_liberty,train,real
2321,c3e6d12c86.jpg,statue_of_liberty,train,real
2322,c4f98b9d22.jpg,statue_of_liberty,train,real
2323,c6d001ef36.jpg,statue_of_liberty,train,real
2324,cddc1a1f11.jpg,statue_of_liberty,train,real
2325,ce18f27ced.jpg,statue_of_liberty,train,real
2326,d06d833ec2.jpg,statue_of_liberty,train,real
2327,d0caf19496.jpg,statue_of_liberty,train,real
2328,d160152d85.jpg,statue_of_liberty,train,real
2329,d2d1e89c3c.jpg,statue_of_liberty,train,real
2330,d5fa3d4e58.jpg,statue_of_liberty,train,real
2331,d6c8e641c1.jpg,statue_of_liberty,train,real
2332,d741f85251.jpg,statue_of_liberty,train,real
2333,dbe163dbea.jpg,statue_of_liberty,train,real
2334,dd93fa2743.jpg,statue_of_liberty,train,real
2335,e170a77760.jpg,statue_of_liberty,train,real
2336,e273bdbf07.jpg,statue_of_liberty,train,real
2337,e34e7e2425.jpg,statue_of_liberty,train,real
2338,e3d89d513a.jpg,statue_of_liberty,train,real
2339,e56e528c57.jpg,statue_of_liberty,train,real
2340,e5c6d87fe1.jpg,statue_of_liberty,train,real
2341,e87e1e7b58.jpg,statue_of_liberty,train,real
2342,e8da35c40e.jpg,statue_of_liberty,train,real
2343,eac3039ab1.jpg,statue_of_liberty,train,real
2344,ec63ebf907.jpg,statue_of_liberty,train,real
2345,ef8aa25127.jpg,statue_of_liberty,train,real
2346,f0376b4e06.jpg,statue_of_liberty,train,real
2347,f109799773.jpg,statue_of_liberty,train,real
2348,f20eb9f6fa.jpg,statue_of_liberty,train,real
2349,f2a31ab33f.jpg,statue_of_liberty,train,real
2350,f39ad405a9.jpg,statue_of_liberty,train,real
2351,f4501075aa.jpg,statue_of_liberty,train,real
2352,f58ebb544c.jpg,statue_of_liberty,train,real
2353,f5bca46408.jpg,statue_of_liberty,train,real
2354,f646977878.jpg,statue_of_liberty,train,real
2355,f657f433c8.jpg,statue_of_liberty,train,real
2356,f66a13e393.jpg,statue_of_liberty,train,real
2357,fcfca413f1.jpg,statue_of_liberty,train,real
2358,01bbf1f63c.jpg,burj_khalifa,val,real
2359,15dd63e9c9.jpg,burj_khalifa,val,real
2360,16f4168fdc.jpg,burj_khalifa,val,real
2361,1c52a6272f.jpg,burj_khalifa,val,real
2362,1fb5d27e08.jpg,burj_khalifa,val,real
2363,3047c17f52.jpg,burj_khalifa,val,real
2364,32685cf273.jpg,burj_khalifa,val,real
2365,3850f400a1.jpg,burj_khalifa,val,real
2366,3b58c0a409.jpg,burj_khalifa,val,real
2367,3c655a741b.jpg,burj_khalifa,val,real
2368,46b10e536e.jpg,burj_khalifa,val,real
2369,4d7f639406.jpg,burj_khalifa,val,real
2370,4e5ea6f643.jpg,burj_khalifa,val,real
2371,56dff7bd0d.jpg,burj_khalifa,val,real
2372,700198280e.jpg,burj_khalifa,val,real
2373,736abc4a88.jpg,burj_khalifa,val,real
2374,791968e50f.jpg,burj_khalifa,val,real
2375,93bc6db720.jpg,burj_khalifa,val,real
2376,9a37a26d50.jpg,burj_khalifa,val,real
2377,9b6535081a.jpg,burj_khalifa,val,real
2378,a4758a523b.jpg,burj_khalifa,val,real
2379,aaac09aaea.jpg,burj_khalifa,val,real
2380,ab0fb74677.jpg,burj_khalifa,val,real
2381,ab66d7d269.jpg,burj_khalifa,val,real
2382,b485c19fe5.jpg,burj_khalifa,val,real
2383,b6f9bb28e4.jpg,burj_khalifa,val,real
2384,c4e148290c.jpg,burj_khalifa,val,real
2385,cfad6fe021.jpg,burj_khalifa,val,real
2386,d13e6375e6.jpg,burj_khalifa,val,real
2387,ef05f5e1a7.jpg,burj_khalifa,val,real
2388,04bb39ae27.jpg,chichen_itza,val,real
2389,055ba80789.jpg,chichen_itza,val,real
2390,0b5de3d9e0.jpg,chichen_itza,val,real
2391,0f9711dc5b.jpg,chichen_itza,val,real
2392,16a037e960.jpg,chichen_itza,val,real
2393,24aadc5247.jpg,chichen_itza,val,real
2394,24c6e5cd4f.jpg,chichen_itza,val,real
2395,266a369f6c.jpg,chichen_itza,val,real
2396,298cb11cfd.jpg,chichen_itza,val,real
2397,30fe9f642f.jpg,chichen_itza,val,real
2398,3465d63b03.jpg,chichen_itza,val,real
2399,3c6e9528ad.jpg,chichen_itza,val,real
2400,42e5ff55bd.jpg,chichen_itza,val,real
2401,47bec92dfe.jpg,chichen_itza,val,real
2402,48040f8b58.jpg,chichen_itza,val,real
2403,491c4f132a.jpg,chichen_itza,val,real
2404,55544c2b43.jpg,chichen_itza,val,real
2405,6040a0079c.jpg,chichen_itza,val,real
2406,62ebb2f39c.jpg,chichen_itza,val,real
2407,63ea3a6d79.jpg,chichen_itza,val,real
2408,6442ce1cce.jpg,chichen_itza,val,real
2409,6f3fbc7490.jpg,chichen_itza,val,real
2410,7211c2c0b7.jpg,chichen_itza,val,real
2411,7a7a208a43.jpg,chichen_itza,val,real
2412,98ba67ac8d.jpg,chichen_itza,val,real
2413,a380b4db3b.jpg,chichen_itza,val,real
2414,a9b02baa2d.jpg,chichen_itza,val,real
2415,acbf9eee5f.jpg,chichen_itza,val,real
2416,d2d0d592d9.jpg,chichen_itza,val,real
2417,fc86e84096.jpg,chichen_itza,val,real
2418,009302ab9a.jpg,christ_the_reedemer,val,real
2419,0e5c64ec70.jpg,christ_the_reedemer,val,real
2420,157db16a19.jpg,christ_the_reedemer,val,real
2421,1687f1b595.jpg,christ_the_reedemer,val,real
2422,24e2c92a79.jpg,christ_the_reedemer,val,real
2423,386ece5f84.jpg,christ_the_reedemer,val,real
2424,39d0e0df3e.jpg,christ_the_reedemer,val,real
2425,3b93d7cbed.jpg,christ_the_reedemer,val,real
2426,409ce52927.jpg,christ_the_reedemer,val,real
2427,4aa12915f6.jpg,christ_the_reedemer,val,real
2428,52ab7b0674.jpg,christ_the_reedemer,val,real
2429,579626e9a0.jpg,christ_the_reedemer,val,real
2430,732e414c6a.jpg,christ_the_reedemer,val,real
2431,8123353c21.jpg,christ_the_reedemer,val,real
2432,a169c9cee0.jpg,christ_the_reedemer,val,real
2433,a28289888a.jpg,christ_the_reedemer,val,real
2434,a770bb94b6.jpg,christ_the_reedemer,val,real
2435,a8d9fd997c.jpg,christ_the_reedemer,val,real
2436,b77147bb7c.jpg,christ_the_reedemer,val,real
2437,b783abf33d.jpg,christ_the_reedemer,val,real
2438,bd43524672.jpg,christ_the_reedemer,val,real
2439,bf765eaded.jpg,christ_the_reedemer,val,real
2440,c1d831ea78.jpg,christ_the_reedemer,val,real
2441,d99810cfc6.jpg,christ_the_reedemer,val,real
2442,dcb4871ad3.jpg,christ_the_reedemer,val,real
2443,deb243905d.jpg,christ_the_reedemer,val,real
2444,f0662a0924.jpg,christ_the_reedemer,val,real
2445,f9a295e07d.jpg,christ_the_reedemer,val,real
2446,fbec0c539c.jpg,christ_the_reedemer,val,real
2447,fcc7559e50.jpg,christ_the_reedemer,val,real
2448,00790da032.jpg,eiffel_tower,val,real
2449,091795d043.jpg,eiffel_tower,val,real
2450,09794f095e.jpg,eiffel_tower,val,real
2451,0cb4def805.jpg,eiffel_tower,val,real
2452,0db75c56b4.jpg,eiffel_tower,val,real
2453,199abdb532.jpg,eiffel_tower,val,real
2454,1b32a19bf1.jpg,eiffel_tower,val,real
2455,2030628c58.jpg,eiffel_tower,val,real
2456,2d006ff8bc.jpg,eiffel_tower,val,real
2457,371f88ea22.jpg,eiffel_tower,val,real
2458,5009f94273.jpg,eiffel_tower,val,real
2459,56518d5248.jpg,eiffel_tower,val,real
2460,70cbdb6fa0.jpg,eiffel_tower,val,real
2461,7d5f23c00b.jpg,eiffel_tower,val,real
2462,9043927ff7.jpg,eiffel_tower,val,real
2463,98f7f19d62.jpg,eiffel_tower,val,real
2464,9a64df80ac.jpg,eiffel_tower,val,real
2465,a69d00eb31.jpg,eiffel_tower,val,real
2466,b02229a0b8.jpg,eiffel_tower,val,real
2467,b08c11041c.jpg,eiffel_tower,val,real
2468,c0b38d7c92.jpg,eiffel_tower,val,real
2469,c161571ac6.jpg,eiffel_tower,val,real
2470,c9b251090e.jpg,eiffel_tower,val,real
2471,ce1e0d5955.jpg,eiffel_tower,val,real
2472,dcd0cbc968.jpg,eiffel_tower,val,real
2473,ddcba8a317.jpg,eiffel_tower,val,real
2474,dee5f54257.jpg,eiffel_tower,val,real
2475,e41b236c70.jpg,eiffel_tower,val,real
2476,e7c7850c40.jpg,eiffel_tower,val,real
2477,f4ffd58736.jpg,eiffel_tower,val,real
2478,10326c5883.jpg,great_wall_of_china,val,real
2479,2de32d2956.jpg,great_wall_of_china,val,real
2480,2e6ba496a0.jpg,great_wall_of_china,val,real
2481,36c8defd5c.jpg,great_wall_of_china,val,real
2482,3c055700f1.jpg,great_wall_of_china,val,real
2483,52b0daf9e6.jpg,great_wall_of_china,val,real
2484,57e4fea74b.jpg,great_wall_of_china,val,real
2485,58d24b79b8.jpg,great_wall_of_china,val,real
2486,6a8313ba47.jpg,great_wall_of_china,val,real
2487,772b4e2838.jpg,great_wall_of_china,val,real
2488,7e0f88ca2c.jpg,great_wall_of_china,val,real
2489,8354bab3fc.jpg,great_wall_of_china,val,real
2490,882ed668c4.jpg,great_wall_of_china,val,real
2491,8cd5e4e929.jpg,great_wall_of_china,val,real
2492,8d90cc6820.jpg,great_wall_of_china,val,real
2493,8dc643c36f.jpg,great_wall_of_china,val,real
2494,8e9b7f2149.jpg,great_wall_of_china,val,real
2495,8ee9532f7a.jpg,great_wall_of_china,val,real
2496,92f1026d5d.jpg,great_wall_of_china,val,real
2497,933b097319.jpg,great_wall_of_china,val,real
2498,9aa0acf898.jpg,great_wall_of_china,val,real
2499,a9a014517a.jpg,great_wall_of_china,val,real
2500,c17686e3dc.jpg,great_wall_of_china,val,real
2501,c6b5058ac8.jpg,great_wall_of_china,val,real
2502,ca09b2c78d.jpg,great_wall_of_china,val,real
2503,cdc36dac7a.jpg,great_wall_of_china,val,real
2504,d73af5bffc.jpg,great_wall_of_china,val,real
2505,ebf0f9e63c.jpg,great_wall_of_china,val,real
2506,f75109925c.jpg,great_wall_of_china,val,real
2507,ff7d80cca2.jpg,great_wall_of_china,val,real
2508,01ad2a451c.jpg,pyramids_of_giza,val,real
2509,13d7d0901b.jpg,pyramids_of_giza,val,real
2510,281fca457b.jpg,pyramids_of_giza,val,real
2511,2e9ef8fca5.jpg,pyramids_of_giza,val,real
2512,31873ef638.jpg,pyramids_of_giza,val,real
2513,33a8fd15b1.jpg,pyramids_of_giza,val,real
2514,507a2ea9e1.jpg,pyramids_of_giza,val,real
2515,50ddb701ae.jpg,pyramids_of_giza,val,real
2516,5ac769c918.jpg,pyramids_of_giza,val,real
2517,5e3fb72aef.jpg,pyramids_of_giza,val,real
2518,62c1b94af9.jpg,pyramids_of_giza,val,real
2519,634df6313d.jpg,pyramids_of_giza,val,real
2520,638c97245d.jpg,pyramids_of_giza,val,real
2521,69a58da315.jpg,pyramids_of_giza,val,real
2522,79e38110fb.jpg,pyramids_of_giza,val,real
2523,7dc7f186e8.jpg,pyramids_of_giza,val,real
2524,7f37ca1ae5.jpg,pyramids_of_giza,val,real
2525,80c29c4f0c.jpg,pyramids_of_giza,val,real
2526,8824c2d3e0.jpg,pyramids_of_giza,val,real
2527,8ef54cad2a.jpg,pyramids_of_giza,val,real
2528,9b542dcee9.jpg,pyramids_of_giza,val,real
2529,aabe6e8204.jpg,pyramids_of_giza,val,real
2530,adc86bce1b.jpg,pyramids_of_giza,val,real
2531,b7b9463f96.jpg,pyramids_of_giza,val,real
2532,bdea4fbfc9.jpg,pyramids_of_giza,val,real
2533,c4cc7f60f1.jpg,pyramids_of_giza,val,real
2534,ccb8d7dd9d.jpg,pyramids_of_giza,val,real
2535,de64b53205.jpg,pyramids_of_giza,val,real
2536,eaca08133f.jpg,pyramids_of_giza,val,real
2537,fccef0b7ef.jpg,pyramids_of_giza,val,real
2538,031ade2214.jpg,roman_colosseum,val,real
2539,081d8198e1.jpg,roman_colosseum,val,real
2540,0a1b9a743e.jpg,roman_colosseum,val,real
2541,0bb868a2fd.jpg,roman_colosseum,val,real
2542,1697a5c12c.jpg,roman_colosseum,val,real
2543,17c8e7a879.jpg,roman_colosseum,val,real
2544,184071167b.jpg,roman_colosseum,val,real
2545,1b44f90d22.jpg,roman_colosseum,val,real
2546,3e5018e1ca.jpg,roman_colosseum,val,real
2547,41b343e9d4.jpg,roman_colosseum,val,real
2548,4fabbb465f.jpg,roman_colosseum,val,real
2549,5020cf6614.jpg,roman_colosseum,val,real
2550,51fbc47c65.jpg,roman_colosseum,val,real
2551,534a9388f8.jpg,roman_colosseum,val,real
2552,6431a35849.jpg,roman_colosseum,val,real
2553,6fe2113086.jpg,roman_colosseum,val,real
2554,77964e1da5.jpg,roman_colosseum,val,real
2555,832b8e1f00.jpg,roman_colosseum,val,real
2556,8c52e5b3d9.jpg,roman_colosseum,val,real
2557,941e09c5ba.jpg,roman_colosseum,val,real
2558,adc3dbd758.jpg,roman_colosseum,val,real
2559,b39bc2dc91.jpg,roman_colosseum,val,real
2560,c791561cc5.jpg,roman_colosseum,val,real
2561,cf490a329d.jpg,roman_colosseum,val,real
2562,d4077b29f6.jpg,roman_colosseum,val,real
2563,e661c3abea.jpg,roman_colosseum,val,real
2564,ed15418361.jpg,roman_colosseum,val,real
2565,edf39043d7.jpg,roman_colosseum,val,real
2566,eeef3618da.jpg,roman_colosseum,val,real
2567,f94ea08388.jpg,roman_colosseum,val,real
2568,0282f57aab.jpg,statue_of_liberty,val,real
2569,0a36c0fd32.jpg,statue_of_liberty,val,real
2570,13db109088.jpg,statue_of_liberty,val,real
2571,1abea6110a.jpg,statue_of_liberty,val,real
2572,36fa176557.jpg,statue_of_liberty,val,real
2573,38d6842047.jpg,statue_of_liberty,val,real
2574,419657ffcd.jpg,statue_of_liberty,val,real
2575,43e8b0b428.jpg,statue_of_liberty,val,real
2576,447d78e6b6.jpg,statue_of_liberty,val,real
2577,470210ad21.jpg,statue_of_liberty,val,real
2578,482f3b952d.jpg,statue_of_liberty,val,real
2579,48db2fc206.jpg,statue_of_liberty,val,real
2580,4fa7810436.jpg,statue_of_liberty,val,real
2581,54d2713d19.jpg,statue_of_liberty,val,real
2582,64027f60ab.jpg,statue_of_liberty,val,real
2583,6ee9c7de43.jpg,statue_of_liberty,val,real
2584,70b7fbe78f.jpg,statue_of_liberty,val,real
2585,71e6d84322.jpg,statue_of_liberty,val,real
2586,7c845b31ed.jpg,statue_of_liberty,val,real
2587,7d03884e54.jpg,statue_of_liberty,val,real
2588,7e9e51ab0a.jpg,statue_of_liberty,val,real
2589,945d620a17.jpg,statue_of_liberty,val,real
2590,95ec92c7c8.jpg,statue_of_liberty,val,real
2591,a0a7c2cad5.jpg,statue_of_liberty,val,real
2592,a5e07ffa35.jpg,statue_of_liberty,val,real
2593,a704d0e6e4.jpg,statue_of_liberty,val,real
2594,ae1b994442.jpg,statue_of_liberty,val,real
2595,c1d4668549.jpg,statue_of_liberty,val,real
2596,cfb8c55500.jpg,statue_of_liberty,val,real
2597,fce1b0c8b3.jpg,statue_of_liberty,val,real
2598,19e7323888.jpg,burj_khalifa,test,real
2599,253bfe1f7e.jpg,burj_khalifa,test,real
2600,29114546a8.jpg,burj_khalifa,test,real
2601,2e90bf4740.jpg,burj_khalifa,test,real
2602,33b7ff0ca4.jpg,burj_khalifa,test,real
2603,39e09e3880.jpg,burj_khalifa,test,real
2604,3cdb9b196b.jpg,burj_khalifa,test,real
2605,3e2d6b929c.jpg,burj_khalifa,test,real
2606,3fdbdc649b.jpg,burj_khalifa,test,real
2607,4b96548577.jpg,burj_khalifa,test,real
2608,4e2004d1b1.jpg,burj_khalifa,test,real
2609,6945a14e46.jpg,burj_khalifa,test,real
2610,69891268fd.jpg,burj_khalifa,test,real
2611,6a5f8aced0.jpg,burj_khalifa,test,real
2612,7ce1469152.jpg,burj_khalifa,test,real
2613,8cbe0c55f0.jpg,burj_khalifa,test,real
2614,8ef3a7361b.jpg,burj_khalifa,test,real
2615,95b794ff0e.jpg,burj_khalifa,test,real
2616,9d2608783f.jpg,burj_khalifa,test,real
2617,a0f0b11eaf.jpg,burj_khalifa,test,real
2618,b3e6c11ee6.jpg,burj_khalifa,test,real
2619,bc3ef4c3d7.jpg,burj_khalifa,test,real
2620,bf93399bad.jpg,burj_khalifa,test,real
2621,c535fbf44d.jpg,burj_khalifa,test,real
2622,c6551f2d14.jpg,burj_khalifa,test,real
2623,cbd7a87a83.jpg,burj_khalifa,test,real
2624,ddfb7b3621.jpg,burj_khalifa,test,real
2625,e26eedc5ea.jpg,burj_khalifa,test,real
2626,e97aa2f89a.jpg,burj_khalifa,test,real
2627,f810456604.jpg,burj_khalifa,test,real
2628,0f7d2c8d15.jpg,chichen_itza,test,real
2629,3c06f4e709.jpg,chichen_itza,test,real
2630,4b4ba55f20.jpg,chichen_itza,test,real
2631,5143fd2872.jpg,chichen_itza,test,real
2632,5bd0a38204.jpg,chichen_itza,test,real
2633,615c083444.jpg,chichen_itza,test,real
2634,722ecf440d.jpg,chichen_itza,test,real
2635,72f7f7e364.jpg,chichen_itza,test,real
2636,732e91bf99.jpg,chichen_itza,test,real
2637,7a50cf9663.jpg,chichen_itza,test,real
2638,83a51f4995.jpg,chichen_itza,test,real
2639,8e579df846.jpg,chichen_itza,test,real
2640,9073419a30.jpg,chichen_itza,test,real
2641,9110b87728.jpg,chichen_itza,test,real
2642,91659eb243.jpg,chichen_itza,test,real
2643,953f287bb1.jpg,chichen_itza,test,real
2644,a5a418efec.jpg,chichen_itza,test,real
2645,aad4e38e7d.jpg,chichen_itza,test,real
2646,aefa14004b.jpg,chichen_itza,test,real
2647,b7b14364e7.jpg,chichen_itza,test,real
2648,c2b4e476f4.jpg,chichen_itza,test,real
2649,c35217b9e0.jpg,chichen_itza,test,real
2650,cc4926df73.jpg,chichen_itza,test,real
2651,d8692f6a56.jpg,chichen_itza,test,real
2652,e4b3f207d4.jpg,chichen_itza,test,real
2653,ebfd53db53.jpg,chichen_itza,test,real
2654,f4caefc43c.jpg,chichen_itza,test,real
2655,f8185b342a.jpg,chichen_itza,test,real
2656,fa373b8241.jpg,chichen_itza,test,real
2657,fc5af9ff02.jpg,chichen_itza,test,real
2658,05ed5cb94a.jpg,christ_the_reedemer,test,real
2659,07f0b2ec5b.jpg,christ_the_reedemer,test,real
2660,11aebfb9c9.jpg,christ_the_reedemer,test,real
2661,21b90247f7.jpg,christ_the_reedemer,test,real
2662,224c476c70.jpg,christ_the_reedemer,test,real
2663,281340301a.jpg,christ_the_reedemer,test,real
2664,3792ec3e24.jpg,christ_the_reedemer,test,real
2665,382fbeff62.jpg,christ_the_reedemer,test,real
2666,3b02eb063c.jpg,christ_the_reedemer,test,real
2667,3f4e02a2ce.jpg,christ_the_reedemer,test,real
2668,42ad103622.jpg,christ_the_reedemer,test,real
2669,45c7e29d30.jpg,christ_the_reedemer,test,real
2670,49d5856f37.jpg,christ_the_reedemer,test,real
2671,49ff9e9948.jpg,christ_the_reedemer,test,real
2672,4a53ab89a0.jpg,christ_the_reedemer,test,real
2673,4e6bfc0af3.jpg,christ_the_reedemer,test,real
2674,521821e249.jpg,christ_the_reedemer,test,real
2675,57557f1f7f.jpg,christ_the_reedemer,test,real
2676,6db31cd120.jpg,christ_the_reedemer,test,real
2677,759d6f36fa.jpg,christ_the_reedemer,test,real
2678,82f5262217.jpg,christ_the_reedemer,test,real
2679,aaee3683cb.jpg,christ_the_reedemer,test,real
2680,b3297a9398.jpg,christ_the_reedemer,test,real
2681,b46bd9d53d.jpg,christ_the_reedemer,test,real
2682,c6acac1fc7.jpg,christ_the_reedemer,test,real
2683,d2ed95c66e.jpg,christ_the_reedemer,test,real
2684,e2d1c0162a.jpg,christ_the_reedemer,test,real
2685,e82d074de4.jpg,christ_the_reedemer,test,real
2686,f96f54177f.jpg,christ_the_reedemer,test,real
2687,fc2d3cec5f.jpg,christ_the_reedemer,test,real
2688,130837f07e.jpg,eiffel_tower,test,real
2689,18af1684ee.jpg,eiffel_tower,test,real
2690,1bd8581a49.jpg,eiffel_tower,test,real
2691,2cc92fa050.jpg,eiffel_tower,test,real
2692,340eaf62a4.jpg,eiffel_tower,test,real
2693,3844133391.jpg,eiffel_tower,test,real
2694,3bc3ef3b60.jpg,eiffel_tower,test,real
2695,3e2c05faeb.jpg,eiffel_tower,test,real
2696,3e9ab79ef2.jpg,eiffel_tower,test,real
2697,5234af8cbe.jpg,eiffel_tower,test,real
2698,5d0c69baee.jpg,eiffel_tower,test,real
2699,634d73340f.jpg,eiffel_tower,test,real
2700,78a9dcc362.jpg,eiffel_tower,test,real
2701,7a3a7640a6.jpg,eiffel_tower,test,real
2702,81567fd1ca.jpg,eiffel_tower,test,real
2703,8413c57d2a.jpg,eiffel_tower,test,real
2704,8a88c6272b.jpg,eiffel_tower,test,real
2705,8a9f6a892d.jpg,eiffel_tower,test,real
2706,8bf98ea695.jpg,eiffel_tower,test,real
2707,90d685900c.jpg,eiffel_tower,test,real
2708,9a5748a03a.jpg,eiffel_tower,test,real
2709,afedce594d.jpg,eiffel_tower,test,real
2710,b581997d3a.jpg,eiffel_tower,test,real
2711,c01994e7a9.jpg,eiffel_tower,test,real
2712,c246b40cd2.jpg,eiffel_tower,test,real
2713,d1b6324d66.jpg,eiffel_tower,test,real
2714,daef23ccef.jpg,eiffel_tower,test,real
2715,ddf44a02d3.jpg,eiffel_tower,test,real
2716,f800782ae7.jpg,eiffel_tower,test,real
2717,fe088c44f8.jpg,eiffel_tower,test,real
2718,019a46c992.jpg,great_wall_of_china,test,real
2719,0230015c9e.jpg,great_wall_of_china,test,real
2720,146e042779.jpg,great_wall_of_china,test,real
2721,19898d4368.jpg,great_wall_of_china,test,real
2722,22b0e2e1a7.jpg,great_wall_of_china,test,real
2723,280784e084.jpg,great_wall_of_china,test,real
2724,28e3966140.jpg,great_wall_of_china,test,real
2725,2a0544f6da.jpg,great_wall_of_china,test,real
2726,3f533bf4c9.jpg,great_wall_of_china,test,real
2727,439f727f75.jpg,great_wall_of_china,test,real
2728,43fe1a58d6.jpg,great_wall_of_china,test,real
2729,4a19968220.jpg,great_wall_of_china,test,real
2730,523c4f91ac.jpg,great_wall_of_china,test,real
2731,63c778d067.jpg,great_wall_of_china,test,real
2732,660fa13b96.jpg,great_wall_of_china,test,real
2733,87657b4b88.jpg,great_wall_of_china,test,real
2734,93c6fcf248.jpg,great_wall_of_china,test,real
2735,ac32989625.jpg,great_wall_of_china,test,real
2736,af2c2ef077.jpg,great_wall_of_china,test,real
2737,b6ca566d64.jpg,great_wall_of_china,test,real
2738,bb96bb5b3c.jpg,great_wall_of_china,test,real
2739,c830a5772e.jpg,great_wall_of_china,test,real
2740,cc79753ac8.jpg,great_wall_of_china,test,real
2741,d175b93cb9.jpg,great_wall_of_china,test,real
2742,d30be09478.jpg,great_wall_of_china,test,real
2743,dcda351021.jpg,great_wall_of_china,test,real
2744,e270b2a770.jpg,great_wall_of_china,test,real
2745,e3d8e8cf12.jpg,great_wall_of_china,test,real
2746,fac267e980.jpg,great_wall_of_china,test,real
2747,fbbf2ea1ab.jpg,great_wall_of_china,test,real
2748,00cf69c454.jpg,pyramids_of_giza,test,real
2749,01fa9ea4bf.jpg,pyramids_of_giza,test,real
2750,02480e4090.jpg,pyramids_of_giza,test,real
2751,0e0ab125d1.jpg,pyramids_of_giza,test,real
2752,1cca3266a1.jpg,pyramids_of_giza,test,real
2753,229c0ece29.jpg,pyramids_of_giza,test,real
2754,2457c39b65.jpg,pyramids_of_giza,test,real
2755,260c02bceb.jpg,pyramids_of_giza,test,real
2756,43c9b24092.jpg,pyramids_of_giza,test,real
2757,5b038dc72b.jpg,pyramids_of_giza,test,real
2758,6c19e93e52.jpg,pyramids_of_giza,test,real
2759,7004e32e04.jpg,pyramids_of_giza,test,real
2760,74d7d5ba83.jpg,pyramids_of_giza,test,real
2761,8da921f6c7.jpg,pyramids_of_giza,test,real
2762,8fed9fe850.jpg,pyramids_of_giza,test,real
2763,932df781c2.jpg,pyramids_of_giza,test,real
2764,952d96b841.jpg,pyramids_of_giza,test,real
2765,959174aba5.jpg,pyramids_of_giza,test,real
2766,9aa2084ca7.jpg,pyramids_of_giza,test,real
2767,9cefc0a1b2.jpg,pyramids_of_giza,test,real
2768,a4cecf17ff.jpg,pyramids_of_giza,test,real
2769,ad77853fc0.jpg,pyramids_of_giza,test,real
2770,afcc674978.jpg,pyramids_of_giza,test,real
2771,b2024cb797.jpg,pyramids_of_giza,test,real
2772,bd69b4fe2d.jpg,pyramids_of_giza,test,real
2773,d3025a7102.jpg,pyramids_of_giza,test,real
2774,d86e2cba3a.jpg,pyramids_of_giza,test,real
2775,dfad64198d.jpg,pyramids_of_giza,test,real
2776,e2b4eb0b29.jpg,pyramids_of_giza,test,real
2777,f6cf3656ac.jpg,pyramids_of_giza,test,real
2778,015ceafb3f.jpg,roman_colosseum,test,real
2779,01e26c1ce3.jpg,roman_colosseum,test,real
2780,04f4d0abc8.jpg,roman_colosseum,test,real
2781,20a16ded3f.jpg,roman_colosseum,test,real
2782,2cbd583722.jpg,roman_colosseum,test,real
2783,2f25a090b2.jpg,roman_colosseum,test,real
2784,3206e374a5.jpg,roman_colosseum,test,real
2785,345f9bbbd5.jpg,roman_colosseum,test,real
2786,3bd952341a.jpg,roman_colosseum,test,real
2787,3cb48e8441.jpg,roman_colosseum,test,real
2788,43907912b2.jpg,roman_colosseum,test,real
2789,44aa5a2e71.jpg,roman_colosseum,test,real
2790,4dffbe0e46.jpg,roman_colosseum,test,real
2791,521a7537a7.jpg,roman_colosseum,test,real
2792,5763f6e847.jpg,roman_colosseum,test,real
2793,5ba4cf013a.jpg,roman_colosseum,test,real
2794,606433fcde.jpg,roman_colosseum,test,real
2795,6e991e5cf2.jpg,roman_colosseum,test,real
2796,78135c7306.jpg,roman_colosseum,test,real
2797,7d090ccf6c.jpg,roman_colosseum,test,real
2798,914adb224c.jpg,roman_colosseum,test,real
2799,96808fb427.jpg,roman_colosseum,test,real
2800,a267ea4cfd.jpg,roman_colosseum,test,real
2801,b128192656.jpg,roman_colosseum,test,real
2802,b2f064b065.jpg,roman_colosseum,test,real
2803,bf8a1df8dc.jpg,roman_colosseum,test,real
2804,c26a12ebeb.jpg,roman_colosseum,test,real
2805,cfc747bc92.jpg,roman_colosseum,test,real
2806,d0a06b7086.jpg,roman_colosseum,test,real
2807,e23554cc77.jpg,roman_colosseum,test,real
2808,01260f7939.jpg,statue_of_liberty,test,real
2809,0c8bd3a4b1.jpg,statue_of_liberty,test,real
2810,1e9f8f62f7.jpg,statue_of_liberty,test,real
2811,2a0ef2acc4.jpg,statue_of_liberty,test,real
2812,31c8121974.jpg,statue_of_liberty,test,real
2813,399f958ac1.jpg,statue_of_liberty,test,real
2814,43c8ac8eb2.jpg,statue_of_liberty,test,real
2815,4ab3a74037.jpg,statue_of_liberty,test,real
2816,4df58e5e3f.jpg,statue_of_liberty,test,real
2817,5024dbce46.jpg,statue_of_liberty,test,real
2818,50ba8c07a1.jpg,statue_of_liberty,test,real
2819,5c22d7d7c5.jpg,statue_of_liberty,test,real
2820,80db13b7ec.jpg,statue_of_liberty,test,real
2821,89bf497a9f.jpg,statue_of_liberty,test,real
2822,8d327001b8.jpg,statue_of_liberty,test,real
2823,98ce33f1bd.jpg,statue_of_liberty,test,real
2824,9a24e7ad5e.jpg,statue_of_liberty,test,real
2825,9b2f357ddf.jpg,statue_of_liberty,test,real
2826,9bd5d54851.jpg,statue_of_liberty,test,real
2827,9bdf06067f.jpg,statue_of_liberty,test,real
2828,b1f2f1de1a.jpg,statue_of_liberty,test,real
2829,b7ddf38a12.jpg,statue_of_liberty,test,real
2830,c0a1f61427.jpg,statue_of_liberty,test,real
2831,c50b46e414.jpg,statue_of_liberty,test,real
2832,c8d6cd00f8.jpg,statue_of_liberty,test,real
2833,ce7a6051dc.jpg,statue_of_liberty,test,real
2834,d6756952c6.jpg,statue_of_liberty,test,real
2835,e28187d904.jpg,statue_of_liberty,test,real
2836,e77e1a96cd.jpg,statue_of_liberty,test,real
2837,f7227f443b.jpg,statue_of_liberty,test,real
